{
"type": "FeatureCollection",
"name": "wards_navi_mumbai",
"crs": { "type": "name", "properties": { "name": "urn:ogc:def:crs:OGC:1.3:CRS84" } },
"features": [
{ "type": "Feature", "id": 0, "properties": { "tessellate": -1, "extrude": 0, "visibility": -1, "objectid": 1.0, "townname": "Navi Mumbai", "towncensuscode2011": "400708", "town_lgd_code": 251472.0, "ward_lgd_code": 48555.0, "ward_lgd_name": "Navi Mumbai (M Corp.) - Ward No.24", "sourcewardcode": "24", "state": "Maharashtra" }, "geometry": { "type": "MultiPolygon", "coordinates": [ [ [ [ 72.999750250304103, 19.1427494830839 ], [ 72.999758651348699, 19.1428807493558 ], [ 73.000366212518003, 19.143254233653 ], [ 73.000136882507505, 19.143590784375899 ], [ 73.000605864171206, 19.143894996269299 ], [ 73.000754383535494, 19.143684873711699 ], [ 73.001707436763098, 19.144189056229301 ], [ 73.001933367548602, 19.1437395293643 ], [ 73.002091835754598, 19.143431645123499 ], [ 73.002146651851604, 19.1433101853208 ], [ 73.002229375011197, 19.143050318937 ], [ 73.001553278673796, 19.142719042274798 ], [ 73.001574733137801, 19.1426692396732 ], [ 73.001452518241607, 19.1425325860436 ], [ 73.001129699661107, 19.1421406870504 ], [ 73.000869904186004, 19.1418984596489 ], [ 73.000520464032107, 19.141642493126898 ], [ 73.000495090218607, 19.1416236234334 ], [ 72.999846503888506, 19.141166523012799 ], [ 72.999762417984599, 19.141107261728301 ], [ 72.999066916240494, 19.140562958183502 ], [ 72.999136199705106, 19.140175049985501 ], [ 72.999149641196695, 19.1400099693901 ], [ 72.999145160400104, 19.139872401252401 ], [ 72.999140680501796, 19.1398353632983 ], [ 72.999129479408495, 19.139785627719299 ], [ 72.998959218119396, 19.1392586350368 ], [ 72.999445471691104, 19.139238369872899 ], [ 73.000012796420606, 19.138674338926201 ], [ 73.000130309534498, 19.138561345290299 ], [ 73.000320998513104, 19.138401686898401 ], [ 73.000531201594697, 19.138242798940599 ], [ 73.000557799811901, 19.1382187367212 ], [ 73.000582346277099, 19.138188298471299 ], [ 73.000591880995501, 19.138170612271999 ], [ 73.000611967325298, 19.138107875472102 ], [ 73.000663585419801, 19.137834837213799 ], [ 73.000672829982406, 19.137801691642402 ], [ 73.000685514194203, 19.137774358592001 ], [ 73.000710381357905, 19.137736302614002 ], [ 73.0007517433868, 19.1376930010073 ], [ 73.000875358756403, 19.1375649861052 ], [ 73.000891473634297, 19.137532448975499 ], [ 73.000903327802803, 19.1374956022958 ], [ 73.000905022025407, 19.1374531357169 ], [ 73.000897007256498, 19.137392546628298 ], [ 73.000875216822607, 19.137323011683002 ], [ 73.000835530151704, 19.137227915592199 ], [ 73.000809684722597, 19.137188407412001 ], [ 73.000760205516798, 19.137136787833899 ], [ 73.000723488676201, 19.137112072825001 ], [ 73.000670690195406, 19.137096155142 ], [ 73.000628314866802, 19.137092227490001 ], [ 73.000507412409306, 19.1370949186276 ], [ 73.000111837477405, 19.137118902932901 ], [ 73.000056950413494, 19.137118902932901 ], [ 73.000005423947101, 19.137106204261698 ], [ 72.999933735692494, 19.137077632035599 ], [ 72.999804919975702, 19.137004614007701 ], [ 72.9995573703345, 19.136846937458898 ], [ 72.999521525757999, 19.136825772405601 ], [ 72.999499123571496, 19.136816248597501 ], [ 72.999425194918601, 19.136796141835699 ], [ 72.9989086753083, 19.1367221494062 ], [ 72.998909701184303, 19.136560689197601 ], [ 72.998248492626203, 19.136597458008001 ], [ 72.998135259086396, 19.135961531685702 ], [ 72.997594785898997, 19.136078559164201 ], [ 72.996963290915502, 19.136215294517001 ], [ 72.995741219209805, 19.136025953925099 ], [ 72.990418796372694, 19.1353962895111 ], [ 72.985062828646406, 19.134679101335099 ], [ 72.984898494441595, 19.133051055191899 ], [ 72.984880140063694, 19.131940478112998 ], [ 72.984072251891106, 19.131137261531901 ], [ 72.983593783119602, 19.1313714777068 ], [ 72.98246596445, 19.131579714847501 ], [ 72.979603582510194, 19.1344172659945 ], [ 72.979399890417795, 19.134753284785202 ], [ 72.979330182948402, 19.135476833494799 ], [ 72.979400121284897, 19.1360306029779 ], [ 72.979748925431593, 19.1376252594258 ], [ 72.979835481702494, 19.138206883405701 ], [ 72.979740683388897, 19.138914406969899 ], [ 72.979488244217606, 19.139650778496399 ], [ 72.979317787095795, 19.1400425102748 ], [ 72.979170384337493, 19.140440323429601 ], [ 72.979197238574599, 19.140837146097201 ], [ 72.9793770022427, 19.1412883908962 ], [ 72.979745002488698, 19.142179024612101 ], [ 72.979940394147903, 19.142812820655902 ], [ 72.980022161500003, 19.143158384840099 ], [ 72.980171056360007, 19.143512264959099 ], [ 72.980364354046202, 19.1438168147548 ], [ 72.9812474285132, 19.145251813812202 ], [ 72.981535698786203, 19.1458067971387 ], [ 72.981594178212902, 19.1462751383167 ], [ 72.984274943260203, 19.1464468463362 ], [ 72.986062669727303, 19.1463754643563 ], [ 72.986168842509102, 19.146240958269502 ], [ 72.986208010852096, 19.146186484202499 ], [ 72.986245002577206, 19.146143316349299 ], [ 72.986297226136202, 19.146098092265799 ], [ 72.986789203772901, 19.145784673437198 ], [ 72.987632348125601, 19.145246605772101 ], [ 72.988155995867601, 19.144866061974 ], [ 72.9890042911601, 19.144438873844901 ], [ 72.990047715803598, 19.143964135527799 ], [ 72.990132665886804, 19.142968261277201 ], [ 72.989536618424395, 19.1423050518049 ], [ 72.991639387654999, 19.141333676551699 ], [ 72.992411387233702, 19.141448649886001 ], [ 72.993635249281894, 19.141502349003002 ], [ 72.994443464441304, 19.141581448154199 ], [ 72.994694580394096, 19.141641837121899 ], [ 72.994971048600902, 19.141746900583101 ], [ 72.9954348263242, 19.141832575784498 ], [ 72.996550615653803, 19.1419890382506 ], [ 72.996988157180894, 19.1420333358897 ], [ 72.998880964078396, 19.1421389133811 ], [ 72.9989300588053, 19.142166692945001 ], [ 72.998970742606204, 19.142189714149598 ], [ 72.999006597064195, 19.142210002713298 ], [ 72.999292858704194, 19.142371984405202 ], [ 72.999287460727601, 19.142741519422501 ], [ 72.9997193904792, 19.142748951833699 ], [ 72.999750250304103, 19.1427494830839 ] ] ] ] } },
{ "type": "Feature", "id": 1, "properties": { "tessellate": -1, "extrude": 0, "visibility": -1, "objectid": 2.0, "townname": "Navi Mumbai", "towncensuscode2011": "400708", "town_lgd_code": 251472.0, "ward_lgd_code": 48557.0, "ward_lgd_name": "Navi Mumbai (M Corp.) - Ward No.26", "sourcewardcode": "26", "state": "Maharashtra" }, "geometry": { "type": "MultiPolygon", "coordinates": [ [ [ [ 73.028800768564295, 19.1059208770595 ], [ 73.028505616297906, 19.106692563409599 ], [ 73.028223890251695, 19.107448087949599 ], [ 73.028036631040905, 19.107985316168801 ], [ 73.027014622233693, 19.107682327510901 ], [ 73.027062025432897, 19.107560396641599 ], [ 73.026586783409996, 19.107418588772301 ], [ 73.026560865217405, 19.107486408097099 ], [ 73.026064431038606, 19.1073149761915 ], [ 73.025290871086199, 19.1070625364367 ], [ 73.025322770261894, 19.106945736266301 ], [ 73.024695529699599, 19.106742088254901 ], [ 73.024661815927004, 19.106825348870299 ], [ 73.024369520303196, 19.106718508675399 ], [ 73.024346080562495, 19.106772045070802 ], [ 73.023266807749195, 19.106385393596899 ], [ 73.023023240339697, 19.107061421079599 ], [ 73.021834113448705, 19.106656298090599 ], [ 73.020805158867702, 19.106294494990099 ], [ 73.020348281104106, 19.106167021932901 ], [ 73.020137300081501, 19.106154606090101 ], [ 73.020044136701799, 19.1061554472811 ], [ 73.019922455404895, 19.106162844838401 ], [ 73.0198702390324, 19.1061791950093 ], [ 73.019806722751895, 19.1062153831895 ], [ 73.019755258269299, 19.106259668350599 ], [ 73.019696060190398, 19.106379332106901 ], [ 73.019603452867798, 19.106620556490501 ], [ 73.019539728178103, 19.106714891820999 ], [ 73.019460203919294, 19.1068157571246 ], [ 73.019366566228996, 19.1069088547546 ], [ 73.019192918291296, 19.107040773390398 ], [ 73.0189424212777, 19.1072410673268 ], [ 73.018686699662396, 19.1074121360123 ], [ 73.018454272260797, 19.1075474240752 ], [ 73.018370082152302, 19.107562865019599 ], [ 73.018266261159994, 19.1075634040224 ], [ 73.018171998242295, 19.1075343632303 ], [ 73.018087696742796, 19.107501727665401 ], [ 73.018015069748699, 19.107463221629001 ], [ 73.017962017942907, 19.107415579691299 ], [ 73.017926505743105, 19.107371149690699 ], [ 73.017874735833303, 19.107283224209802 ], [ 73.017850843341705, 19.1072088849766 ], [ 73.017776896722495, 19.106747762666402 ], [ 73.017742431958297, 19.1064125968756 ], [ 73.017735355030496, 19.106325553667901 ], [ 73.017758428258503, 19.1061936200316 ], [ 73.017914914781002, 19.1057758736283 ], [ 73.018063885099494, 19.105372477415202 ], [ 73.017677137013493, 19.105242921454799 ], [ 73.017550443117401, 19.105200480540699 ], [ 73.017358573752503, 19.105957010122101 ], [ 73.017193561319701, 19.106529697059099 ], [ 73.017034880212904, 19.1069859460172 ], [ 73.016875424758396, 19.107392300691501 ], [ 73.016838554305906, 19.1075277177918 ], [ 73.016835388642804, 19.107585936033701 ], [ 73.016863079211504, 19.107953442085499 ], [ 73.016891025800007, 19.108717196940301 ], [ 73.016910424020196, 19.109114238403901 ], [ 73.016892030116495, 19.109437956712501 ], [ 73.016945290331293, 19.1097291640374 ], [ 73.016962427492004, 19.1098228643813 ], [ 73.016915648621904, 19.1099103861755 ], [ 73.016808670051304, 19.110110539129298 ], [ 73.017038614509602, 19.110225029151401 ], [ 73.0178162105925, 19.110612197060501 ], [ 73.017296411233204, 19.111621848911302 ], [ 73.016783624122894, 19.1116140246505 ], [ 73.016752204647602, 19.112157192817101 ], [ 73.014332957145797, 19.112111765053001 ], [ 73.014790656867902, 19.111126262149899 ], [ 73.014796337813706, 19.111095552383802 ], [ 73.014791789643496, 19.1110262966627 ], [ 73.014766445474294, 19.110940290577599 ], [ 73.014727350793194, 19.11086899511 ], [ 73.014675189217897, 19.110802102371601 ], [ 73.014115021366294, 19.110062236730901 ], [ 73.014082525709199, 19.109992947473401 ], [ 73.014049853084003, 19.109926342127601 ], [ 73.013981308932898, 19.109755215777099 ], [ 73.013962305971305, 19.1096543845211 ], [ 73.013960525510498, 19.109508756241301 ], [ 73.013973126178897, 19.109361282511699 ], [ 73.014037574012406, 19.109206089528801 ], [ 73.014486698416803, 19.108063864354801 ], [ 73.011027156001902, 19.106657091744701 ], [ 73.010804937953395, 19.107247081251 ], [ 73.010424453819894, 19.1085181780191 ], [ 73.010338427554998, 19.108776384112499 ], [ 73.009833141377399, 19.110292982286001 ], [ 73.009324081377201, 19.111927976856101 ], [ 73.0091386250852, 19.112538384061601 ], [ 73.009103619535196, 19.112653601519401 ], [ 73.008538731036694, 19.114367022874799 ], [ 73.0083306677422, 19.1151735624832 ], [ 73.008067548500506, 19.115864041875401 ], [ 73.007949568262703, 19.116147304343801 ], [ 73.007855420329307, 19.116359302085201 ], [ 73.007414517306401, 19.117372105982 ], [ 73.007112633065304, 19.1180167307574 ], [ 73.0070879761074, 19.118067353913599 ], [ 73.006941532749806, 19.1183371681228 ], [ 73.006825505449399, 19.1185633196372 ], [ 73.006710956775905, 19.118808037588899 ], [ 73.006604062647, 19.119060533253698 ], [ 73.006345733222403, 19.119811286415299 ], [ 73.006127601610203, 19.120483973466101 ], [ 73.005958490164701, 19.121027431620298 ], [ 73.005808084338298, 19.121526958310401 ], [ 73.005802768108495, 19.121542313922699 ], [ 73.005732612379802, 19.121746802639599 ], [ 73.005698044309298, 19.121832366844899 ], [ 73.005675811904297, 19.121909008101799 ], [ 73.005617038728602, 19.122085530946901 ], [ 73.005263143829097, 19.123251745714501 ], [ 73.005095305296393, 19.123974303402001 ], [ 73.004985844680704, 19.1244410684426 ], [ 73.004772579242399, 19.125378784757 ], [ 73.004637094432894, 19.125942368848001 ], [ 73.0046041936356, 19.1260792161371 ], [ 73.004577222617499, 19.1261822483096 ], [ 73.004574887896098, 19.126196809080401 ], [ 73.004495463350196, 19.126530807652401 ], [ 73.0043984093669, 19.126950682829399 ], [ 73.004138873504999, 19.127923010929202 ], [ 73.004074073531896, 19.1281876081067 ], [ 73.003909532714601, 19.128795681556799 ], [ 73.003790950605506, 19.129254590030001 ], [ 73.003686051634801, 19.1296283954077 ], [ 73.003641583231698, 19.129825531936199 ], [ 73.003592554081806, 19.1300808386592 ], [ 73.003535438297703, 19.130465397814 ], [ 73.003512739667102, 19.1307465737511 ], [ 73.003504758135804, 19.1309146238846 ], [ 73.003505898097899, 19.131185010358401 ], [ 73.003507930985407, 19.131290273977299 ], [ 73.003509592868596, 19.131317139617799 ], [ 73.003526457839797, 19.1315536877654 ], [ 73.003561484949401, 19.1318576502544 ], [ 73.003600403560696, 19.132166513408499 ], [ 73.003684728416403, 19.132792819125999 ], [ 73.003775540006799, 19.1334362812912 ], [ 73.003878027000894, 19.133942469154899 ], [ 73.003990893129895, 19.134438851455698 ], [ 73.004041488043299, 19.1347133924078 ], [ 73.004059650181702, 19.1348408578766 ], [ 73.004072622752801, 19.135013671741099 ], [ 73.004067434083694, 19.135196290240401 ], [ 73.004053163447097, 19.135367877389701 ], [ 73.0040103524356, 19.135584812698099 ], [ 73.003966244256802, 19.135717180310799 ], [ 73.003894891972095, 19.135899798032099 ], [ 73.003779432406901, 19.136125311913101 ], [ 73.003468079024401, 19.136648650871798 ], [ 73.003359312806396, 19.136853524857401 ], [ 73.003292942578298, 19.136997951083501 ], [ 73.003229374195598, 19.137145024189099 ], [ 73.003182671682296, 19.137276165070801 ], [ 73.003146347405405, 19.137382792863299 ], [ 73.003120401364995, 19.137491872393198 ], [ 73.003042562345698, 19.1378742620699 ], [ 73.0029854815959, 19.1382272361089 ], [ 73.0029763080002, 19.1382697805658 ], [ 73.003983541317595, 19.13843599502 ], [ 73.004429650975894, 19.138498148662801 ], [ 73.0046183915087, 19.1385314222427 ], [ 73.004854404086601, 19.138570268143599 ], [ 73.0051099640052, 19.138627853379401 ], [ 73.005305544310502, 19.138699382982601 ], [ 73.005433925242698, 19.1387444741558 ], [ 73.005611127814007, 19.138816749682999 ], [ 73.005763344643896, 19.1389005262502 ], [ 73.006862478309799, 19.139527774746899 ], [ 73.008877039267702, 19.140664714281201 ], [ 73.011267232558197, 19.142042264495899 ], [ 73.012573543779794, 19.142819513896502 ], [ 73.013568705536301, 19.143407756782899 ], [ 73.014215797069795, 19.143788537318599 ], [ 73.014985481690005, 19.1442420857306 ], [ 73.015582085209601, 19.144588952120099 ], [ 73.016072195248796, 19.1448702737326 ], [ 73.015370320856107, 19.146016513048899 ], [ 73.015802048486705, 19.146258576562701 ], [ 73.016231780959004, 19.146503685430201 ], [ 73.016842801540605, 19.146829112585401 ], [ 73.017111413980203, 19.1469987714582 ], [ 73.018340094591494, 19.147837525607201 ], [ 73.022476738558495, 19.150934951244199 ], [ 73.022652947593102, 19.150879972112101 ], [ 73.023693045775104, 19.150423069595199 ], [ 73.024809241143203, 19.1498865717003 ], [ 73.026539180784695, 19.148693016061198 ], [ 73.027185952517996, 19.148085949365601 ], [ 73.027875890097206, 19.147210308688599 ], [ 73.028442073067893, 19.1460082058518 ], [ 73.028649646780707, 19.144652831262398 ], [ 73.028838696333906, 19.143026982157799 ], [ 73.029002028018795, 19.1424489589836 ], [ 73.029103743360096, 19.142028504547 ], [ 73.029322710405594, 19.141188882409601 ], [ 73.029506512000907, 19.140390706844499 ], [ 73.029687584514406, 19.139621879977099 ], [ 73.030092448924805, 19.138634985548801 ], [ 73.031009243452601, 19.1370250211741 ], [ 73.031246157939094, 19.136497453613998 ], [ 73.031406761440607, 19.135948760787802 ], [ 73.031401411074697, 19.135164442621999 ], [ 73.031400580133095, 19.133152905880401 ], [ 73.031536411692201, 19.1323655004595 ], [ 73.031665419648505, 19.1316514775014 ], [ 73.032522486989706, 19.130347090752402 ], [ 73.032736201585706, 19.130069016161801 ], [ 73.033186515359603, 19.1296035078357 ], [ 73.034108511132899, 19.128934919854402 ], [ 73.034456527457095, 19.128724924237702 ], [ 73.034539122157597, 19.1287032489147 ], [ 73.034621715959801, 19.1286902432104 ], [ 73.034786904462393, 19.128672902269599 ], [ 73.034892441236906, 19.128681572740199 ], [ 73.035112691974902, 19.128759606106499 ], [ 73.0352182287494, 19.128807293664199 ], [ 73.035355885685206, 19.128859315590098 ], [ 73.035516485593405, 19.128898332660199 ], [ 73.035667907414407, 19.128893997430598 ], [ 73.0361451176461, 19.128828969822301 ], [ 73.0363791350658, 19.128828969822301 ], [ 73.036714099767295, 19.128841974667001 ], [ 73.038690228102396, 19.1291157483506 ], [ 73.038831575317303, 19.129135330694499 ], [ 73.0391779576061, 19.129209777189299 ], [ 73.039280576652502, 19.129244780618102 ], [ 73.039487660783394, 19.129353574415301 ], [ 73.039686828061704, 19.129473773964701 ], [ 73.039758700470898, 19.129516055030301 ], [ 73.039919014714897, 19.129610364564101 ], [ 73.040043060377499, 19.129631673125399 ], [ 73.040131395312699, 19.129628121274401 ], [ 73.040159588039501, 19.1296032617098 ], [ 73.040176503316303, 19.129580177643099 ], [ 73.040242757661801, 19.1293975699082 ], [ 73.040358480433298, 19.129078623961298 ], [ 73.040697309687104, 19.1280943739348 ], [ 73.040863436031003, 19.127590082013299 ], [ 73.040972478930001, 19.127001293912901 ], [ 73.040868003964206, 19.123122909069799 ], [ 73.040831224241501, 19.122979991660898 ], [ 73.040820280066399, 19.122836149845298 ], [ 73.040930507843299, 19.122713637727799 ], [ 73.041232057911103, 19.122619724865199 ], [ 73.042121829318603, 19.1228202978374 ], [ 73.042693633048103, 19.1231990116251 ], [ 73.043390083413101, 19.1239950279091 ], [ 73.044071716965902, 19.125205986273901 ], [ 73.0444201303455, 19.1259631694939 ], [ 73.044912186135605, 19.1270325142013 ], [ 73.045108596484297, 19.127839327244502 ], [ 73.045140899901895, 19.127936435960901 ], [ 73.045173204217804, 19.128019672321901 ], [ 73.045246620831094, 19.128086261040998 ], [ 73.045328848120604, 19.128094585265501 ], [ 73.045414011104498, 19.128083486582302 ], [ 73.0457525268463, 19.127370276861299 ], [ 73.045903121318801, 19.1270529921951 ], [ 73.046125951119905, 19.126499403944301 ], [ 73.0465795796772, 19.125380100291199 ], [ 73.047594048924196, 19.122635808599899 ], [ 73.048374383072101, 19.120754139358901 ], [ 73.048478505000105, 19.1201220189892 ], [ 73.048454122926699, 19.119157757468599 ], [ 73.048665200068996, 19.1179866554535 ], [ 73.048916325004896, 19.115374034149699 ], [ 73.049282855607203, 19.113960943372099 ], [ 73.050070478685399, 19.108872302953898 ], [ 73.050117386014605, 19.1045728241657 ], [ 73.049824799336605, 19.103387317515701 ], [ 73.050092473935095, 19.1003451134304 ], [ 73.049821612114002, 19.099232506823 ], [ 73.049640712975304, 19.099155968803501 ], [ 73.049117392219998, 19.098937668239 ], [ 73.048746971912607, 19.0987836029603 ], [ 73.048329989229103, 19.098610168891199 ], [ 73.048160917309502, 19.098507324962501 ], [ 73.048087332711304, 19.098392837016501 ], [ 73.048005688428404, 19.098210367152699 ], [ 73.047904318040196, 19.097837472031401 ], [ 73.047866030944405, 19.0976358585947 ], [ 73.047814669768101, 19.097365398571601 ], [ 73.047789666060496, 19.0970722196111 ], [ 73.047754005638595, 19.096654096193401 ], [ 73.047757182081398, 19.096580440625299 ], [ 73.047792401430499, 19.0957638919933 ], [ 73.047759400920199, 19.0950818948121 ], [ 73.047458506622505, 19.095120639720701 ], [ 73.041716617260207, 19.0951675305386 ], [ 73.0414756001678, 19.095127338288499 ], [ 73.0411211617877, 19.094983316049699 ], [ 73.040890778053296, 19.0949297266041 ], [ 73.040281145368894, 19.094933076316298 ], [ 73.039451761409694, 19.0952177710497 ], [ 73.039377328801905, 19.0952814086689 ], [ 73.039334796268193, 19.095646487080401 ], [ 73.039412772729804, 19.0958608455282 ], [ 73.039645283674801, 19.096630386995201 ], [ 73.039672504424502, 19.098083718912001 ], [ 73.039692920435996, 19.099539181447501 ], [ 73.039649821065197, 19.0998028351291 ], [ 73.039570427062102, 19.101875611622599 ], [ 73.0394502019344, 19.102683708671599 ], [ 73.039398028681006, 19.1028659045175 ], [ 73.039314097287402, 19.1029880833152 ], [ 73.0391938721597, 19.103069536079801 ], [ 73.038649456266597, 19.103298888249601 ], [ 73.038490668260295, 19.103401775037501 ], [ 73.0381005029829, 19.103757592484101 ], [ 73.037440398454294, 19.103813322398 ], [ 73.036592016923507, 19.104319181664 ], [ 73.035732292365694, 19.1047843130135 ], [ 73.035441937103002, 19.104906490394299 ], [ 73.035072187837102, 19.105011519494099 ], [ 73.034636654942901, 19.1050350976193 ], [ 73.033661242647895, 19.104934355160101 ], [ 73.032257103095304, 19.104812177799801 ], [ 73.031465584922003, 19.104764672610202 ], [ 73.030781268999803, 19.104746201054098 ], [ 73.030667567437703, 19.104968338335102 ], [ 73.029770935596403, 19.104664279707499 ], [ 73.0298788618896, 19.1044078590946 ], [ 73.029328020347194, 19.104211575044999 ], [ 73.028981429649306, 19.1050296285675 ], [ 73.029101226280702, 19.1050810213499 ], [ 73.028800768564295, 19.1059208770595 ] ] ] ] } },
{ "type": "Feature", "id": 2, "properties": { "tessellate": -1, "extrude": 0, "visibility": -1, "objectid": 3.0, "townname": "Navi Mumbai", "towncensuscode2011": "400708", "town_lgd_code": 251472.0, "ward_lgd_code": 48548.0, "ward_lgd_name": "Navi Mumbai (M Corp.) - Ward No.17", "sourcewardcode": "17", "state": "Maharashtra" }, "geometry": { "type": "MultiPolygon", "coordinates": [ [ [ [ 72.996530288575499, 19.151515965702199 ], [ 72.996992860759704, 19.151513261222199 ], [ 72.997491185892201, 19.1515234146901 ], [ 72.997491763509004, 19.152803316901601 ], [ 72.9969723674932, 19.152793089685002 ], [ 72.996965069579801, 19.153406988012499 ], [ 72.996250241480695, 19.153403048019801 ], [ 72.996247000359105, 19.1540340439037 ], [ 72.996246910527603, 19.1540514407329 ], [ 72.996245790328402, 19.1552900145584 ], [ 72.998572578729593, 19.155297356455002 ], [ 72.998572285878794, 19.155511766509601 ], [ 73.000254742370998, 19.155577676309701 ], [ 73.000290999274199, 19.155578623321102 ], [ 73.000348433960298, 19.155123303688701 ], [ 73.0004206585091, 19.154531570769201 ], [ 73.000519521699403, 19.153655321920802 ], [ 73.000605857883002, 19.152921433908901 ], [ 73.000652833484097, 19.1523401206043 ], [ 73.000672563182704, 19.1520348202578 ], [ 73.000672441910197, 19.151282395038599 ], [ 73.000672061922799, 19.1512143306268 ], [ 72.999331700958706, 19.151251556961999 ], [ 72.997759891756701, 19.151241586774699 ], [ 72.997025896304294, 19.151242807059798 ], [ 72.996718289794799, 19.1512592927883 ], [ 72.996627845615393, 19.151277942441599 ], [ 72.996617152070201, 19.1513040334533 ], [ 72.996530288575499, 19.151515965702199 ] ] ] ] } },
{ "type": "Feature", "id": 3, "properties": { "tessellate": -1, "extrude": 0, "visibility": -1, "objectid": 4.0, "townname": "Navi Mumbai", "towncensuscode2011": "400708", "town_lgd_code": 251472.0, "ward_lgd_code": 48544.0, "ward_lgd_name": "Navi Mumbai (M Corp.) - Ward No.13", "sourcewardcode": "13", "state": "Maharashtra" }, "geometry": { "type": "MultiPolygon", "coordinates": [ [ [ [ 73.000254742370998, 19.155577676309701 ], [ 72.998572285878794, 19.155511766509601 ], [ 72.998572578729593, 19.155297356455002 ], [ 72.996245790328402, 19.1552900145584 ], [ 72.996246910527603, 19.1540514407329 ], [ 72.996247000359105, 19.1540340439037 ], [ 72.995982060232393, 19.1540374153298 ], [ 72.995758745340893, 19.1540406297676 ], [ 72.995719133230196, 19.1543239234956 ], [ 72.994926990727805, 19.154211333468599 ], [ 72.994747738201099, 19.155619326137199 ], [ 72.9947629224243, 19.155643472374202 ], [ 72.9948266713685, 19.1557902131939 ], [ 72.994838143752901, 19.1559175164303 ], [ 72.994822658594103, 19.156081652772599 ], [ 72.994567771513701, 19.157860502764901 ], [ 72.994459974577893, 19.158611417239499 ], [ 72.994365413419501, 19.159286641231599 ], [ 72.994321040237693, 19.159614252810201 ], [ 72.994161370085905, 19.1607418471744 ], [ 72.994150732236307, 19.160887241901399 ], [ 72.994361274881001, 19.160866374378099 ], [ 72.9945088626923, 19.160829834992199 ], [ 72.994578403075096, 19.160807654755502 ], [ 72.994717017615002, 19.1607569742736 ], [ 72.994947382484796, 19.1606657704111 ], [ 72.995003475087699, 19.1606420186368 ], [ 72.995078909317101, 19.160621920717901 ], [ 72.995152409473604, 19.160614612151701 ], [ 72.995212369323895, 19.1606109582928 ], [ 72.995458014536695, 19.1606054766557 ], [ 72.996850646670495, 19.160598168937302 ], [ 72.998984128402299, 19.1605910894787 ], [ 73.000021257652307, 19.1605971184315 ], [ 73.000028496276897, 19.160399792092299 ], [ 73.000066142873806, 19.158560328773302 ], [ 73.000079905063899, 19.157940659871301 ], [ 73.000082198462806, 19.157771658857499 ], [ 73.000112017140395, 19.157485656486401 ], [ 73.000219844618897, 19.1566434985534 ], [ 73.000290999274199, 19.155578623321102 ], [ 73.000254742370998, 19.155577676309701 ] ] ] ] } },
{ "type": "Feature", "id": 4, "properties": { "tessellate": -1, "extrude": 0, "visibility": -1, "objectid": 5.0, "townname": "Navi Mumbai", "towncensuscode2011": "400708", "town_lgd_code": 251472.0, "ward_lgd_code": 48178.0, "ward_lgd_name": "Navi Mumbai (M Corp.) - Ward No.11", "sourcewardcode": "11", "state": "Maharashtra" }, "geometry": { "type": "MultiPolygon", "coordinates": [ [ [ [ 72.990788677691, 19.164461023415701 ], [ 72.990862423087606, 19.164461851581802 ], [ 72.9917380343513, 19.164456488018502 ], [ 72.9917681324048, 19.165301778689699 ], [ 72.992225458427797, 19.165287217974601 ], [ 72.992227881184107, 19.165436154682599 ], [ 72.992614101959006, 19.1654306689633 ], [ 72.993445902386298, 19.165394132286 ], [ 72.994298199673295, 19.165356695314401 ], [ 72.994502514298205, 19.165348457821899 ], [ 72.994811987506793, 19.165326533599401 ], [ 72.9948796854449, 19.165116428158001 ], [ 72.995132336618596, 19.164246685242599 ], [ 72.994552348338601, 19.163932303869601 ], [ 72.994811869827501, 19.163074908571701 ], [ 72.994756112296102, 19.163073611157099 ], [ 72.994514460993102, 19.163092854299599 ], [ 72.994259802983095, 19.163138602362899 ], [ 72.9942534653688, 19.163110165319399 ], [ 72.994136211867996, 19.163131867519802 ], [ 72.994089451862493, 19.163035472766001 ], [ 72.994072189836004, 19.162999887618 ], [ 72.9937467481749, 19.1629364381523 ], [ 72.993764259034705, 19.1627633217505 ], [ 72.993770685582305, 19.162699786491199 ], [ 72.993881376889902, 19.1625209226743 ], [ 72.993894820178099, 19.1622272789314 ], [ 72.993902562757597, 19.162176618402299 ], [ 72.993905429281696, 19.162165323451902 ], [ 72.993920532656503, 19.162125358786501 ], [ 72.994091305985293, 19.1616734912912 ], [ 72.994136789484799, 19.1614429286833 ], [ 72.994149405424594, 19.161350034894902 ], [ 72.994149634495002, 19.161326441897401 ], [ 72.994140554324105, 19.161131690925501 ], [ 72.994149064963096, 19.160910056842098 ], [ 72.994150734931196, 19.160887241901399 ], [ 72.992847600152501, 19.160915656417501 ], [ 72.992786398830503, 19.160918086661901 ], [ 72.992721121852099, 19.1609229997608 ], [ 72.992696455911002, 19.1609282879182 ], [ 72.992654951948296, 19.160939375058899 ], [ 72.9924108599226, 19.1610058206697 ], [ 72.992381993459304, 19.161014075350199 ], [ 72.992339592079603, 19.161021270193199 ], [ 72.992264152460294, 19.161026589743699 ], [ 72.991806365601605, 19.161034819815299 ], [ 72.991800447500594, 19.161651350201002 ], [ 72.991339827355503, 19.161657517427901 ], [ 72.991333210365099, 19.1618215046533 ], [ 72.990831019781893, 19.161815863529998 ], [ 72.990788677691, 19.164461023415701 ] ] ] ] } },
{ "type": "Feature", "id": 5, "properties": { "tessellate": -1, "extrude": 0, "visibility": -1, "objectid": 6.0, "townname": "Navi Mumbai", "towncensuscode2011": "400708", "town_lgd_code": 251472.0, "ward_lgd_code": 48168.0, "ward_lgd_name": "Navi Mumbai (M Corp.) - Ward No.1", "sourcewardcode": "1", "state": "Maharashtra" }, "geometry": { "type": "MultiPolygon", "coordinates": [ [ [ [ 73.017199457861196, 19.184795532593402 ], [ 73.017223565050202, 19.184718060243299 ], [ 73.017286127319807, 19.184411986707701 ], [ 73.017300044020203, 19.184113814876799 ], [ 73.017287536776493, 19.183850300066101 ], [ 73.017234162475603, 19.183444345711798 ], [ 73.016949547447496, 19.181394186103301 ], [ 73.016934106306095, 19.180774323908501 ], [ 73.017002673813394, 19.180263388446999 ], [ 73.017015924862093, 19.179788592061101 ], [ 73.017017061231002, 19.179621984025001 ], [ 73.017017329827198, 19.179582571693299 ], [ 73.016985524974601, 19.179159850680399 ], [ 73.016826483643399, 19.177856902685999 ], [ 73.006162115781706, 19.177810692053999 ], [ 73.004750608247093, 19.177781665315401 ], [ 73.004727324813302, 19.178555631587098 ], [ 73.004609646409406, 19.1785393293097 ], [ 73.004550521094004, 19.178981710642699 ], [ 73.004534786203493, 19.1790960782354 ], [ 73.0044834007726, 19.179693187860899 ], [ 73.004396864264706, 19.180999186764598 ], [ 73.004543697491101, 19.182091308326001 ], [ 73.004403234218401, 19.182663620005702 ], [ 73.004271131565901, 19.183205067902399 ], [ 73.000611122908893, 19.183010921418202 ], [ 73.000151922101907, 19.183002000969299 ], [ 72.997970543097495, 19.182959626709501 ], [ 72.996905708007503, 19.183490284113201 ], [ 72.997740242906403, 19.184134083858801 ], [ 72.998054468202994, 19.184761479311799 ], [ 72.997837955354797, 19.185619816356802 ], [ 72.997501380872393, 19.1856338780999 ], [ 72.9975038153068, 19.185691877899 ], [ 72.997028133109396, 19.185802902295901 ], [ 72.996841779400299, 19.185851499838101 ], [ 72.996902266561605, 19.186052331065302 ], [ 72.997005085034104, 19.186401254293202 ], [ 72.997043093652096, 19.186528559338001 ], [ 72.997071669061299, 19.186650310549801 ], [ 72.997082416505407, 19.186725017002601 ], [ 72.9970914472689, 19.1868651659588 ], [ 72.997084252661793, 19.1870135079363 ], [ 72.997017973163494, 19.187530380853001 ], [ 72.9969307898685, 19.1881002174852 ], [ 72.996913376026797, 19.188274441588401 ], [ 72.996892791131998, 19.188956077600501 ], [ 72.996878100083904, 19.189290453897499 ], [ 72.996879983851002, 19.189387853918898 ], [ 72.996902022219899, 19.189578685815501 ], [ 72.996914954366702, 19.189625731365801 ], [ 72.996948668139297, 19.1897134382106 ], [ 72.997092235989697, 19.1899948762549 ], [ 72.997145270727501, 19.1900844833165 ], [ 72.997213698097596, 19.190184164211299 ], [ 72.997262526923194, 19.190246987247001 ], [ 72.997375363407699, 19.190372519561301 ], [ 72.997512182215402, 19.1904936901723 ], [ 72.9976997648197, 19.190637133635601 ], [ 72.997864927271195, 19.190746235627199 ], [ 72.997942006315895, 19.190788855614599 ], [ 72.998089570771, 19.1908692520703 ], [ 72.998264759319397, 19.1909473943028 ], [ 72.998389552380303, 19.1909967004324 ], [ 72.998610657416194, 19.1910692338733 ], [ 72.998757911952495, 19.1911088827028 ], [ 72.999380200102607, 19.191194947965101 ], [ 72.999893231554594, 19.191269878028201 ], [ 73.000267136426999, 19.191320437136898 ], [ 73.000684951848797, 19.191350021428001 ], [ 73.000821359228098, 19.191349991734299 ], [ 73.0016874914688, 19.191349967979299 ], [ 73.002412358241301, 19.191322809242202 ], [ 73.002987112038099, 19.1912705728618 ], [ 73.0040987197101, 19.191133837349099 ], [ 73.004730797700205, 19.191021852771499 ], [ 73.005439375321501, 19.1908656158501 ], [ 73.005642099029998, 19.1908033012392 ], [ 73.006350676651394, 19.1906145518779 ], [ 73.006808203896995, 19.190480053891001 ], [ 73.006995223257704, 19.190425076072302 ], [ 73.006999996905094, 19.1904352559886 ], [ 73.007007365785398, 19.190450969997698 ], [ 73.007292503632996, 19.190366933713001 ], [ 73.007817361405699, 19.1902122461935 ], [ 73.008384664575601, 19.190062315501699 ], [ 73.008996813441101, 19.189919159144999 ], [ 73.009120057806598, 19.189890336459701 ], [ 73.009238824070295, 19.1896272491555 ], [ 73.009618391922203, 19.188786438153802 ], [ 73.010144227960296, 19.187610562555001 ], [ 73.010190254940497, 19.1875018411192 ], [ 73.010213754868303, 19.1873878738757 ], [ 73.010187584249095, 19.1872423778143 ], [ 73.010143355696101, 19.187106911577199 ], [ 73.010074215962007, 19.186952797916799 ], [ 73.0099375570544, 19.186747651895601 ], [ 73.009919737174101, 19.186713615137599 ], [ 73.009906582245094, 19.1866585546131 ], [ 73.0099039385033, 19.186606941187499 ], [ 73.009921646094099, 19.186536401257701 ], [ 73.009959961935905, 19.186456770504002 ], [ 73.009996343704898, 19.186403022395901 ], [ 73.010047238655702, 19.186356320382501 ], [ 73.010489894291695, 19.185989511519502 ], [ 73.010573616377897, 19.1859090660178 ], [ 73.010650435809396, 19.185785355253799 ], [ 73.010690276990601, 19.185633990091599 ], [ 73.010684376855806, 19.185428698195299 ], [ 73.010669445957404, 19.185252751326001 ], [ 73.010589259640199, 19.184922048995499 ], [ 73.010566186412206, 19.184175807919601 ], [ 73.010772178191701, 19.183261822207399 ], [ 73.010835498639395, 19.183141082369598 ], [ 73.011040087250393, 19.182931111636599 ], [ 73.011219280488405, 19.182820363590601 ], [ 73.011422597983199, 19.182746470713901 ], [ 73.011498916154807, 19.1827293611396 ], [ 73.011780267603498, 19.182707000587801 ], [ 73.011877023346102, 19.182709629045199 ], [ 73.012733115116902, 19.182841219849699 ], [ 73.0128459857374, 19.182879210271398 ], [ 73.012994865326107, 19.182958573800999 ], [ 73.013187987840794, 19.1831148233161 ], [ 73.013332033595006, 19.183274581805801 ], [ 73.013513376501393, 19.183522268330499 ], [ 73.013727893292895, 19.183942218202599 ], [ 73.013881197084302, 19.184283198669998 ], [ 73.013947958079598, 19.184400521898802 ], [ 73.013984740497193, 19.184453395082901 ], [ 73.014754014587396, 19.185275839479601 ], [ 73.014953001304306, 19.1854301846321 ], [ 73.015177291766193, 19.185539564963101 ], [ 73.015421223891707, 19.185633106884499 ], [ 73.015696292523202, 19.185703429157002 ], [ 73.016041038081497, 19.185724824646901 ], [ 73.016197091615993, 19.1857246897479 ], [ 73.016309125904996, 19.185716191959902 ], [ 73.016504361257304, 19.185647167778001 ], [ 73.016592687209297, 19.185585439148401 ], [ 73.016831510615802, 19.1853667751949 ], [ 73.016950816766993, 19.185230557408001 ], [ 73.017047224861599, 19.185074232693701 ], [ 73.017199457861196, 19.184795532593402 ] ] ] ] } },
{ "type": "Feature", "id": 6, "properties": { "tessellate": -1, "extrude": 0, "visibility": -1, "objectid": 7.0, "townname": "Navi Mumbai", "towncensuscode2011": "400708", "town_lgd_code": 251472.0, "ward_lgd_code": 48174.0, "ward_lgd_name": "Navi Mumbai (M Corp.) - Ward No.7", "sourcewardcode": "7", "state": "Maharashtra" }, "geometry": { "type": "MultiPolygon", "coordinates": [ [ [ [ 72.999602215131802, 19.165746555306502 ], [ 73.000381489267795, 19.165739874026901 ], [ 73.000998916633904, 19.165739168054699 ], [ 73.001387742523093, 19.165711187965801 ], [ 73.001588358784005, 19.165690531487201 ], [ 73.001844923018993, 19.165626019855399 ], [ 73.002051934386301, 19.165584258852899 ], [ 73.002609339918493, 19.165614960182602 ], [ 73.002610239132096, 19.165627639689301 ], [ 73.002623772251795, 19.165818482140999 ], [ 73.002641936186805, 19.166106122980299 ], [ 73.002669448889094, 19.166559072917298 ], [ 73.002662333333703, 19.1666931763592 ], [ 73.002652803106798, 19.167205146665701 ], [ 73.002572787469504, 19.1676313373776 ], [ 73.002570637801099, 19.1676500377874 ], [ 73.002561247711398, 19.1679627786833 ], [ 73.002560760824494, 19.168332431165901 ], [ 73.002602412111003, 19.1685217346832 ], [ 73.002678010731998, 19.168807284323101 ], [ 73.002771744542002, 19.169149324506801 ], [ 73.002860093850202, 19.169266979248899 ], [ 73.002901437912897, 19.169390165314098 ], [ 73.002959160059802, 19.169562148791002 ], [ 73.003009897805299, 19.169591574926201 ], [ 73.003419376861302, 19.169829051620599 ], [ 73.0038148547752, 19.168723399060699 ], [ 73.003984206070896, 19.168221895616401 ], [ 73.004000249083603, 19.1681721719895 ], [ 73.0040212211522, 19.168088232099102 ], [ 73.004136723836496, 19.167521021971901 ], [ 73.004163385834104, 19.167354591598901 ], [ 73.004197641290801, 19.1671507143115 ], [ 73.004586093480995, 19.164600439514199 ], [ 73.004628935933496, 19.164414410217699 ], [ 73.0046961972904, 19.164140202090099 ], [ 73.004763082253206, 19.163898670542601 ], [ 73.0048533234133, 19.163572792549001 ], [ 73.004917032831599, 19.1632595817204 ], [ 73.0049548222607, 19.162912594214301 ], [ 73.005141666449902, 19.1611584940072 ], [ 73.005256168410895, 19.160180904639301 ], [ 73.005351586562099, 19.1592393621501 ], [ 73.005478726920899, 19.158062399961299 ], [ 73.005514566107493, 19.157534271714301 ], [ 73.0055756713097, 19.156501771855002 ], [ 73.005571136614194, 19.156287682999299 ], [ 73.0055514069156, 19.156148348124098 ], [ 73.005527919564202, 19.155962865108499 ], [ 73.005452824898001, 19.1556218031314 ], [ 73.005445937514693, 19.155575838292901 ], [ 73.005407604604898, 19.155369740988 ], [ 73.005353600584996, 19.1551106148885 ], [ 73.004908459310499, 19.152850009754701 ], [ 73.004487584226894, 19.151051704192099 ], [ 73.004405867180495, 19.150619752749499 ], [ 73.004326848673102, 19.150545902293199 ], [ 73.004146144468905, 19.150370501174599 ], [ 73.004098656828006, 19.150316558848001 ], [ 73.003977305212899, 19.150159531468901 ], [ 73.003479449899302, 19.149485747540901 ], [ 73.003407849679604, 19.149406955131202 ], [ 73.003085622190497, 19.1490739244229 ], [ 73.002489952918907, 19.148458737901102 ], [ 73.002449491900194, 19.1484290958415 ], [ 73.002416462643794, 19.148415054685401 ], [ 73.002337197099706, 19.148408706208699 ], [ 73.000567455802894, 19.148403613679601 ], [ 73.000571767716295, 19.148519482467002 ], [ 73.000574795937098, 19.149291135337702 ], [ 73.000589475307194, 19.149482505858899 ], [ 73.000652598125598, 19.149874954286599 ], [ 73.000676086375293, 19.150028882830899 ], [ 73.0006834256112, 19.1501245681157 ], [ 73.000681957764002, 19.150350606517499 ], [ 73.000671138454706, 19.1511895506865 ], [ 73.000672061922799, 19.1512143306268 ], [ 73.000672441910197, 19.151282395038599 ], [ 73.000672563182704, 19.1520348202578 ], [ 73.000652833484097, 19.1523401206043 ], [ 73.000605857883002, 19.152921433908901 ], [ 73.000519521699403, 19.153655321920802 ], [ 73.0004206585091, 19.154531570769201 ], [ 73.000348433960298, 19.155123303688701 ], [ 73.000290999274199, 19.155578623321102 ], [ 73.000219844618897, 19.1566434985534 ], [ 73.000112017140395, 19.157485656486401 ], [ 73.000082198462806, 19.157771658857499 ], [ 73.000079905063899, 19.157940659871301 ], [ 73.000066142873806, 19.158560328773302 ], [ 73.000028496276897, 19.160399792092299 ], [ 73.000021257652307, 19.1605971184315 ], [ 72.999950927650403, 19.1625144050324 ], [ 72.999925867348907, 19.163276295352698 ], [ 72.999885731520294, 19.163802458672102 ], [ 72.999843163952306, 19.164141362034002 ], [ 72.999784785136896, 19.164576765522899 ], [ 72.999779920759707, 19.1645985931127 ], [ 72.999771997618794, 19.1646190401413 ], [ 72.999705842986401, 19.1650251045189 ], [ 72.999602215131802, 19.165746555306502 ] ] ] ] } },
{ "type": "Feature", "id": 7, "properties": { "tessellate": -1, "extrude": 0, "visibility": -1, "objectid": 8.0, "townname": "Navi Mumbai", "towncensuscode2011": "400708", "town_lgd_code": 251472.0, "ward_lgd_code": 48175.0, "ward_lgd_name": "Navi Mumbai (M Corp.) - Ward No.8", "sourcewardcode": "8", "state": "Maharashtra" }, "geometry": { "type": "MultiPolygon", "coordinates": [ [ [ [ 72.999141731530699, 19.1721862274958 ], [ 72.999296071079598, 19.172213699087902 ], [ 72.999374900940694, 19.172227730581302 ], [ 73.000946770330003, 19.172485106496499 ], [ 73.002459380554797, 19.172719396341702 ], [ 73.002493892929706, 19.1727235352676 ], [ 73.002541067058502, 19.1727248767275 ], [ 73.002561978041697, 19.172723314660601 ], [ 73.002617401399803, 19.1727165725727 ], [ 73.0026845414842, 19.1727038571264 ], [ 73.002593181921398, 19.172487791117199 ], [ 73.002583021975596, 19.172450921699401 ], [ 73.002577836899803, 19.172411845351199 ], [ 73.002577629388895, 19.1723705629195 ], [ 73.002579148440105, 19.172349153816199 ], [ 73.002620708996702, 19.172147769635 ], [ 73.002658448120101, 19.1720195829229 ], [ 73.002883509336399, 19.1713818857246 ], [ 73.003126494637598, 19.170647865333201 ], [ 73.0034119244377, 19.1698498857663 ], [ 73.003419376861302, 19.169829051620599 ], [ 73.003009897805299, 19.169591574926201 ], [ 73.002959160059802, 19.169562148791002 ], [ 73.002901437912897, 19.169390165314098 ], [ 73.002860093850202, 19.169266979248899 ], [ 73.002771744542002, 19.169149324506801 ], [ 73.002678010731998, 19.168807284323101 ], [ 73.002602412111003, 19.1685217346832 ], [ 73.002560760824494, 19.168332431165901 ], [ 73.002561247711398, 19.1679627786833 ], [ 73.002570637801099, 19.1676500377874 ], [ 73.002572787469504, 19.1676313373776 ], [ 73.002652803106798, 19.167205146665701 ], [ 73.002662333333703, 19.1666931763592 ], [ 73.002669448889094, 19.166559072917298 ], [ 73.002641936186805, 19.166106122980299 ], [ 73.002623772251795, 19.165818482140999 ], [ 73.002610239132096, 19.165627639689301 ], [ 73.002609339918493, 19.165614960182602 ], [ 73.002051934386301, 19.165584258852899 ], [ 73.001844923018993, 19.165626019855399 ], [ 73.001588358784005, 19.165690531487201 ], [ 73.001387742523093, 19.165711187965801 ], [ 73.000998916633904, 19.165739168054699 ], [ 73.000381489267795, 19.165739874026901 ], [ 72.999602215131802, 19.165746555306502 ], [ 72.9994994550499, 19.166489911733901 ], [ 72.999305905835399, 19.168194675366902 ], [ 72.999218153008499, 19.169063498034301 ], [ 72.999168845380893, 19.169674165778101 ], [ 72.999144937617899, 19.1702027260561 ], [ 72.999124282654606, 19.170749373778101 ], [ 72.999131951572195, 19.1713636413802 ], [ 72.999141731530699, 19.1721862274958 ] ] ] ] } },
{ "type": "Feature", "id": 8, "properties": { "tessellate": -1, "extrude": 0, "visibility": -1, "objectid": 9.0, "townname": "Navi Mumbai", "towncensuscode2011": "400708", "town_lgd_code": 251472.0, "ward_lgd_code": 48179.0, "ward_lgd_name": "Navi Mumbai (M Corp.) - Ward No.12", "sourcewardcode": "12", "state": "Maharashtra" }, "geometry": { "type": "MultiPolygon", "coordinates": [ [ [ [ 72.995374272687499, 19.1632478260886 ], [ 72.995522951053601, 19.1632643988649 ], [ 72.996922670895003, 19.163290373427898 ], [ 72.996855493979794, 19.1638141446847 ], [ 72.9967984231114, 19.164314368376701 ], [ 72.997067278994507, 19.164347254911199 ], [ 72.9970708120685, 19.164303633603499 ], [ 72.997244619906297, 19.164329304228598 ], [ 72.9987209956859, 19.1645143416889 ], [ 72.998935113625393, 19.1645436974487 ], [ 72.999053346289799, 19.164564178425302 ], [ 72.999662771463406, 19.164591779415801 ], [ 72.999779920759707, 19.1645985931127 ], [ 72.999784785136896, 19.164576765522899 ], [ 72.999843163952306, 19.164141362034002 ], [ 72.999885731520294, 19.163802458672102 ], [ 72.999925867348907, 19.163276295352698 ], [ 72.999950927650403, 19.1625144050324 ], [ 73.000021257652307, 19.1605971184315 ], [ 72.998984128402299, 19.1605910894787 ], [ 72.996850646670495, 19.160598168937302 ], [ 72.995458014536695, 19.1606054766557 ], [ 72.995212369323895, 19.1606109582928 ], [ 72.995152409473604, 19.160614612151701 ], [ 72.995078909317101, 19.160621920717901 ], [ 72.995003475087699, 19.1606420186368 ], [ 72.994947382484796, 19.1606657704111 ], [ 72.994717017615002, 19.1607569742736 ], [ 72.994578403075096, 19.160807654755502 ], [ 72.9945088626923, 19.160829834992199 ], [ 72.994361274881001, 19.160866374378099 ], [ 72.994150734931196, 19.160887241901399 ], [ 72.994149064963096, 19.160910056842098 ], [ 72.994140554324105, 19.161131690925501 ], [ 72.994149634495002, 19.161326441897401 ], [ 72.994149405424594, 19.161350034894902 ], [ 72.994136789484799, 19.1614429286833 ], [ 72.994091305985293, 19.1616734912912 ], [ 72.993920532656503, 19.162125358786501 ], [ 72.993905429281696, 19.162165323451902 ], [ 72.993902562757597, 19.162176618402299 ], [ 72.993894820178099, 19.1622272789314 ], [ 72.993881376889902, 19.1625209226743 ], [ 72.993770685582305, 19.162699786491199 ], [ 72.993764259034705, 19.1627633217505 ], [ 72.9937467481749, 19.1629364381523 ], [ 72.994072189836004, 19.162999887618 ], [ 72.994089451862493, 19.163035472766001 ], [ 72.994136211867996, 19.163131867519802 ], [ 72.9942534653688, 19.163110165319399 ], [ 72.994259802983095, 19.163138602362899 ], [ 72.994514460993102, 19.163092854299599 ], [ 72.994756112296102, 19.163073611157099 ], [ 72.994811869827501, 19.163074908571701 ], [ 72.994816051485202, 19.163061091827799 ], [ 72.994826399178905, 19.163029742587799 ], [ 72.994866223292107, 19.162909092294701 ], [ 72.994951801297603, 19.1629162123836 ], [ 72.994980044330205, 19.1629185619874 ], [ 72.995105137428396, 19.162928970163399 ], [ 72.995094584918803, 19.1631123638807 ], [ 72.995092757745496, 19.163144121251499 ], [ 72.995096471380904, 19.163165169225 ], [ 72.995107613185297, 19.163178031355599 ], [ 72.995123705605394, 19.163190893485201 ], [ 72.995152176809995, 19.1632049248981 ], [ 72.995259521893104, 19.163228407317 ], [ 72.995374272687499, 19.1632478260886 ] ] ] ] } },
{ "type": "Feature", "id": 9, "properties": { "tessellate": -1, "extrude": 0, "visibility": -1, "objectid": 10.0, "townname": "Navi Mumbai", "towncensuscode2011": "400708", "town_lgd_code": 251472.0, "ward_lgd_code": 48170.0, "ward_lgd_name": "Navi Mumbai (M Corp.) - Ward No.3", "sourcewardcode": "3", "state": "Maharashtra" }, "geometry": { "type": "MultiPolygon", "coordinates": [ [ [ [ 72.996071479434093, 19.182163584370599 ], [ 72.996085817444296, 19.1821112229091 ], [ 72.996125813135706, 19.181226508954399 ], [ 72.996347850622797, 19.180353803436901 ], [ 72.996523051747602, 19.179633155601898 ], [ 72.996696411326099, 19.179174920091299 ], [ 72.997039044945097, 19.178391041636601 ], [ 72.997375167575001, 19.177615827350898 ], [ 72.9977846151899, 19.176539830959602 ], [ 72.997473787321795, 19.1764632541034 ], [ 72.996807928185504, 19.176299765921701 ], [ 72.996520901180801, 19.176291095408001 ], [ 72.996118605053894, 19.176281074129701 ], [ 72.996019226230601, 19.1762711987876 ], [ 72.995676487508703, 19.176209767002501 ], [ 72.995612452900303, 19.176554847156599 ], [ 72.995604707625901, 19.1766076931629 ], [ 72.995607425029704, 19.176950359444799 ], [ 72.995410905086501, 19.1769428683338 ], [ 72.995411807893404, 19.176873571511099 ], [ 72.9952874846513, 19.176855795280101 ], [ 72.995378050103298, 19.176608736778899 ], [ 72.995053772658807, 19.1765251948753 ], [ 72.995043341421706, 19.176550030400598 ], [ 72.994677321960907, 19.176420209567802 ], [ 72.995075213647993, 19.175794067777801 ], [ 72.994273546308705, 19.1753395989981 ], [ 72.990646866047001, 19.175335920859801 ], [ 72.990630804169697, 19.174419831079401 ], [ 72.988080818556398, 19.174442132514098 ], [ 72.988245958550095, 19.1753346099662 ], [ 72.983462205981596, 19.175204307089999 ], [ 72.983533290568403, 19.176175544797001 ], [ 72.984449096051094, 19.176759781878701 ], [ 72.984485395175099, 19.179737267501501 ], [ 72.985499094565895, 19.179808436501101 ], [ 72.9856817921317, 19.179835038856201 ], [ 72.985812556294306, 19.1798775853071 ], [ 72.985855417611504, 19.1799009228105 ], [ 72.985949903311393, 19.179973012308601 ], [ 72.986115418800793, 19.180107042897198 ], [ 72.986210714781095, 19.180193897029199 ], [ 72.986671917932796, 19.180614243128801 ], [ 72.987759415720802, 19.181149064620801 ], [ 72.987999549769299, 19.181106855331102 ], [ 72.988079653441503, 19.181524146403099 ], [ 72.988482493049204, 19.181444172151501 ], [ 72.988684271729994, 19.1814053592569 ], [ 72.988707961202394, 19.181400803115 ], [ 72.988734816337796, 19.181561860536299 ], [ 72.989015872240699, 19.1815155033146 ], [ 72.9890538314514, 19.181691645076199 ], [ 72.989081853498305, 19.1818216730166 ], [ 72.989276548963105, 19.1817761660066 ], [ 72.989438359800303, 19.182099698549202 ], [ 72.989786797434405, 19.1819666325623 ], [ 72.989974404293307, 19.182314681222302 ], [ 72.990173253567903, 19.182224252885302 ], [ 72.990280775619198, 19.182323386204899 ], [ 72.990315623065698, 19.182355969646601 ], [ 72.990332557207196, 19.182340041906802 ], [ 72.990437742740397, 19.182432120392701 ], [ 72.990516945402405, 19.182367437991601 ], [ 72.990532495240004, 19.182386273327499 ], [ 72.990580315257503, 19.1824441996079 ], [ 72.990643204513901, 19.1825328155611 ], [ 72.990643943827394, 19.182717276854699 ], [ 72.990833217061095, 19.182723506077501 ], [ 72.990852428431793, 19.1829792654461 ], [ 72.991041115065599, 19.1830180151855 ], [ 72.991093630577097, 19.183045445094901 ], [ 72.991206140074894, 19.183111820705498 ], [ 72.991425716178099, 19.183219600732599 ], [ 72.991475882595097, 19.183260310297999 ], [ 72.991512481756402, 19.183305917013101 ], [ 72.991544183302807, 19.183359545654501 ], [ 72.991564643331699, 19.183404941082198 ], [ 72.991580612682498, 19.1834682078897 ], [ 72.991585555213206, 19.183492305080101 ], [ 72.991643043798106, 19.183760320544 ], [ 72.991766222586506, 19.184197763571198 ], [ 72.9917765073982, 19.184273885467501 ], [ 72.991782363515597, 19.184360881635001 ], [ 72.991761254902997, 19.184758694776701 ], [ 72.991760229026994, 19.184840781696099 ], [ 72.991762186456, 19.184877591496399 ], [ 72.991773951691201, 19.184950770739501 ], [ 72.991787015890395, 19.185000628444399 ], [ 72.991857413266004, 19.185158287799901 ], [ 72.991812747233396, 19.1851844175671 ], [ 72.991994224887094, 19.1855626140491 ], [ 72.991949779840098, 19.186251192868099 ], [ 72.991940938621099, 19.186317392412398 ], [ 72.991934776178297, 19.186450761162401 ], [ 72.991939535452602, 19.186578423352501 ], [ 72.991948066752897, 19.186653285946601 ], [ 72.991977006878102, 19.1867619952165 ], [ 72.992019065101303, 19.1868808777634 ], [ 72.992087305621894, 19.187007473162701 ], [ 72.992161060001706, 19.1870990925919 ], [ 72.992240726194296, 19.187169735787201 ], [ 72.992364268800401, 19.187248286165701 ], [ 72.992911393114099, 19.1875363324631 ], [ 72.993013796564895, 19.187610227432501 ], [ 72.993071530389898, 19.187676929538199 ], [ 72.993152870143902, 19.187799273788301 ], [ 72.993178102023606, 19.1878524996681 ], [ 72.993360923557006, 19.188275180552001 ], [ 72.993369872573894, 19.188288835680801 ], [ 72.993388584481195, 19.188311441512901 ], [ 72.993404531374196, 19.1883256472555 ], [ 72.993430383091393, 19.188343742098301 ], [ 72.993448595535497, 19.188353883116498 ], [ 72.993548006698106, 19.188395214992099 ], [ 72.993630542109798, 19.188420695213999 ], [ 72.993754846487207, 19.188449086317299 ], [ 72.993870034761102, 19.1884694531809 ], [ 72.994044422910605, 19.188488896975102 ], [ 72.994416489829902, 19.1885284810987 ], [ 72.9943911815934, 19.188792313362001 ], [ 72.994350124093401, 19.189149734333299 ], [ 72.994336612533203, 19.189216895649999 ], [ 72.994324993723296, 19.189256918222899 ], [ 72.994289041349006, 19.1893338929703 ], [ 72.994273467256903, 19.1893553414378 ], [ 72.994249292694306, 19.1893855852908 ], [ 72.994232590318205, 19.189407771013201 ], [ 72.994202752776104, 19.189433592136002 ], [ 72.994183314131604, 19.189445016719599 ], [ 72.994156821915595, 19.1894569647664 ], [ 72.994129500554493, 19.189467433199301 ], [ 72.994100703261495, 19.189478465818802 ], [ 72.994090340296395, 19.189483145604001 ], [ 72.994054652925101, 19.189502606246499 ], [ 72.994009474852803, 19.1895345748731 ], [ 72.9939911644924, 19.1895518008198 ], [ 72.9939697953684, 19.189577284256298 ], [ 72.993949020030797, 19.189608884662199 ], [ 72.993778123632893, 19.189877926066401 ], [ 72.99373272727, 19.1899362034939 ], [ 72.993835487351902, 19.190369925162098 ], [ 72.993850063415707, 19.190433798442498 ], [ 72.993961071828707, 19.190445289980001 ], [ 72.994246614816404, 19.1904831624169 ], [ 72.994443202133198, 19.190487091342298 ], [ 72.994532275483607, 19.190481270492 ], [ 72.994681794672701, 19.1904707944881 ], [ 72.994768542284703, 19.190461063375899 ], [ 72.994895094246999, 19.190432715887901 ], [ 72.995044765251393, 19.190390270578199 ], [ 72.995140021705893, 19.1903554735607 ], [ 72.995273000215704, 19.1903004397061 ], [ 72.995458272353105, 19.190205895933001 ], [ 72.995597226456198, 19.190121229162902 ], [ 72.995755604830705, 19.189994229774701 ], [ 72.995873640764103, 19.1898813408759 ], [ 72.996033513036906, 19.189692251945601 ], [ 72.996223267767604, 19.189383218248 ], [ 72.996294986564905, 19.1892082402392 ], [ 72.996368199260601, 19.188959883543699 ], [ 72.996402564311794, 19.188743982238801 ], [ 72.996408540803401, 19.188602870243699 ], [ 72.996399575616806, 19.1884123689434 ], [ 72.996375669650504, 19.188241622612001 ], [ 72.996072360681296, 19.1871014308215 ], [ 72.995761581322299, 19.1859852202114 ], [ 72.995495625201002, 19.1850298728044 ], [ 72.9951938110284, 19.183868491273401 ], [ 72.9950147848771, 19.1832559731033 ], [ 72.995583200161406, 19.182760486886799 ], [ 72.995842276984305, 19.182513816493401 ], [ 72.995882820648006, 19.1824675876539 ], [ 72.996026477431599, 19.182254375872901 ], [ 72.996058871579095, 19.182195719019301 ], [ 72.996071479434093, 19.182163584370599 ] ] ] ] } },
{ "type": "Feature", "id": 10, "properties": { "tessellate": -1, "extrude": 0, "visibility": -1, "objectid": 11.0, "townname": "Navi Mumbai", "towncensuscode2011": "400708", "town_lgd_code": 251472.0, "ward_lgd_code": 48177.0, "ward_lgd_name": "Navi Mumbai (M Corp.) - Ward No.10", "sourcewardcode": "10", "state": "Maharashtra" }, "geometry": { "type": "MultiPolygon", "coordinates": [ [ [ [ 72.998276775184607, 19.1712629427787 ], [ 72.9985114016621, 19.171291590539699 ], [ 72.999010272071999, 19.171349513084699 ], [ 72.999131951572195, 19.1713636413802 ], [ 72.999124282654606, 19.170749373778101 ], [ 72.999144937617899, 19.1702027260561 ], [ 72.999168845380893, 19.169674165778101 ], [ 72.999218153008499, 19.169063498034301 ], [ 72.999305905835399, 19.168194675366902 ], [ 72.9994994550499, 19.166489911733901 ], [ 72.999602215131802, 19.165746555306502 ], [ 72.999705842986401, 19.1650251045189 ], [ 72.999771997618794, 19.1646190401413 ], [ 72.999779920759707, 19.1645985931127 ], [ 72.999662771463406, 19.164591779415801 ], [ 72.999053346289799, 19.164564178425302 ], [ 72.998935113625393, 19.1645436974487 ], [ 72.9987209956859, 19.1645143416889 ], [ 72.997244619906297, 19.164329304228598 ], [ 72.9970708120685, 19.164303633603499 ], [ 72.997067278994507, 19.164347254911199 ], [ 72.9967984231114, 19.164314368376701 ], [ 72.996855493979794, 19.1638141446847 ], [ 72.996922670895003, 19.163290373427898 ], [ 72.995522951053601, 19.1632643988649 ], [ 72.995374272687499, 19.1632478260886 ], [ 72.995259521893104, 19.163228407317 ], [ 72.995152176809995, 19.1632049248981 ], [ 72.995123705605394, 19.163190893485201 ], [ 72.995107613185297, 19.163178031355599 ], [ 72.995096471380904, 19.163165169225 ], [ 72.995092757745496, 19.163144121251499 ], [ 72.995094584918803, 19.1631123638807 ], [ 72.995105137428396, 19.162928970163399 ], [ 72.994980044330205, 19.1629185619874 ], [ 72.994951801297603, 19.1629162123836 ], [ 72.994866223292107, 19.162909092294701 ], [ 72.994826399178905, 19.163029742587799 ], [ 72.994816051485202, 19.163061091827799 ], [ 72.994552348338601, 19.163932303869601 ], [ 72.995132336618596, 19.164246685242599 ], [ 72.9948796854449, 19.165116428158001 ], [ 72.994811987506793, 19.165326533599401 ], [ 72.994502514298205, 19.165348457821899 ], [ 72.994298199673295, 19.165356695314401 ], [ 72.993445902386298, 19.165394132286 ], [ 72.992614101959006, 19.1654306689633 ], [ 72.992227881184107, 19.165436154682599 ], [ 72.992225458427797, 19.165287217974601 ], [ 72.9917681324048, 19.165301778689699 ], [ 72.9917380343513, 19.164456488018502 ], [ 72.990862423087606, 19.164461851581802 ], [ 72.9908589942182, 19.164922200113701 ], [ 72.990626948600493, 19.1649257647816 ], [ 72.990624430622802, 19.1650713594656 ], [ 72.990539778780303, 19.165071118483802 ], [ 72.990534233480005, 19.165166199375701 ], [ 72.989799517578803, 19.1651810307816 ], [ 72.989797430792393, 19.165139304456002 ], [ 72.9897920903081, 19.1650325316836 ], [ 72.989641102373398, 19.1650316848527 ], [ 72.988788853595395, 19.165026904246599 ], [ 72.985612820382499, 19.164840871188701 ], [ 72.982594801726407, 19.164754432380199 ], [ 72.982517251964595, 19.165001558716401 ], [ 72.982467515840597, 19.165556529052701 ], [ 72.982562545021196, 19.166126205805799 ], [ 72.982687396472599, 19.166628626936401 ], [ 72.983444589120595, 19.168249949948098 ], [ 72.991076657808193, 19.168540821912401 ], [ 72.991193930173594, 19.168545291013501 ], [ 72.991132881565207, 19.1711235815282 ], [ 72.991144849819705, 19.171380982077199 ], [ 72.991545736489996, 19.1713985858059 ], [ 72.992219552004798, 19.171432025842702 ], [ 72.994010644459294, 19.1715140141897 ], [ 72.996961343368, 19.171711091344001 ], [ 72.998090362186701, 19.1717817462299 ], [ 72.998205416611697, 19.171554134398701 ], [ 72.998276775184607, 19.1712629427787 ] ] ] ] } },
{ "type": "Feature", "id": 11, "properties": { "tessellate": -1, "extrude": 0, "visibility": -1, "objectid": 12.0, "townname": "Navi Mumbai", "towncensuscode2011": "400708", "town_lgd_code": 251472.0, "ward_lgd_code": 48545.0, "ward_lgd_name": "Navi Mumbai (M Corp.) - Ward No.14", "sourcewardcode": "14", "state": "Maharashtra" }, "geometry": { "type": "MultiPolygon", "coordinates": [ [ [ [ 72.992264152460294, 19.161026589743699 ], [ 72.992339592079603, 19.161021270193199 ], [ 72.992381993459304, 19.161014075350199 ], [ 72.9924108599226, 19.1610058206697 ], [ 72.992654951948296, 19.160939375058899 ], [ 72.992696455911002, 19.1609282879182 ], [ 72.992721121852099, 19.1609229997608 ], [ 72.992786398830503, 19.160918086661901 ], [ 72.992847600152501, 19.160915656417501 ], [ 72.994150735829507, 19.160887241901399 ], [ 72.994161370085905, 19.1607418471744 ], [ 72.994321040237693, 19.159614252810201 ], [ 72.994365413419501, 19.159286641231599 ], [ 72.994459974577893, 19.158611417239499 ], [ 72.994567771513701, 19.157860502764901 ], [ 72.994822658594103, 19.156081652772599 ], [ 72.994838143752901, 19.1559175164303 ], [ 72.9948266713685, 19.1557902131939 ], [ 72.994762923322597, 19.1556434715257 ], [ 72.994747740896003, 19.155619326137199 ], [ 72.994480674456995, 19.1556038362246 ], [ 72.994156332333702, 19.155543117178699 ], [ 72.993208810931606, 19.155358361562101 ], [ 72.993137636513396, 19.155348496846599 ], [ 72.993083343235895, 19.155340971659399 ], [ 72.992192340238205, 19.155405695216601 ], [ 72.989147895841398, 19.1556123355655 ], [ 72.987444586756496, 19.155655035921502 ], [ 72.982040836741803, 19.155974575436701 ], [ 72.982139003737799, 19.156192416241701 ], [ 72.982109569539205, 19.156527402114602 ], [ 72.981989293207505, 19.156951111207501 ], [ 72.981738560835296, 19.157748888456499 ], [ 72.981652177939196, 19.158125192817302 ], [ 72.9815545274746, 19.159935230590701 ], [ 72.981598329327795, 19.160308305464302 ], [ 72.981663866817698, 19.160893696814998 ], [ 72.982769303063606, 19.163997584935199 ], [ 72.982688698131497, 19.1644552126766 ], [ 72.982594801726407, 19.164754432380199 ], [ 72.985612820382499, 19.164840871188701 ], [ 72.988788853595395, 19.165026904246599 ], [ 72.989641102373398, 19.1650316848527 ], [ 72.9897920903081, 19.1650325316836 ], [ 72.989797430792393, 19.165139304456002 ], [ 72.989799517578803, 19.1651810307816 ], [ 72.990534233480005, 19.165166199375701 ], [ 72.990539778780303, 19.165071118483802 ], [ 72.990624430622802, 19.1650713594656 ], [ 72.990626948600493, 19.1649257647816 ], [ 72.9908589942182, 19.164922200113701 ], [ 72.990862423087606, 19.164461851581802 ], [ 72.990788677691, 19.164461023415701 ], [ 72.990831019781893, 19.161815863529998 ], [ 72.991333210365099, 19.1618215046533 ], [ 72.991339827355503, 19.161657517427901 ], [ 72.991800447500594, 19.161651350201002 ], [ 72.991806365601605, 19.161034819815299 ], [ 72.992264152460294, 19.161026589743699 ] ] ] ] } },
{ "type": "Feature", "id": 12, "properties": { "tessellate": -1, "extrude": 0, "visibility": -1, "objectid": 13.0, "townname": "Navi Mumbai", "towncensuscode2011": "400708", "town_lgd_code": 251472.0, "ward_lgd_code": 48549.0, "ward_lgd_name": "Navi Mumbai (M Corp.) - Ward No.18", "sourcewardcode": "18", "state": "Maharashtra" }, "geometry": { "type": "MultiPolygon", "coordinates": [ [ [ [ 72.999140565517393, 19.1461299360776 ], [ 72.998836252231797, 19.146135707576899 ], [ 72.998832888040994, 19.146091013033502 ], [ 72.998800017786493, 19.1456543675753 ], [ 72.997829357579306, 19.145659444065299 ], [ 72.997773265874599, 19.145663099104102 ], [ 72.997736515796305, 19.145672234578999 ], [ 72.997713305125998, 19.145686853035201 ], [ 72.997695897572399, 19.145708779868301 ], [ 72.997680423193401, 19.145736187981299 ], [ 72.997622397415896, 19.1458988111685 ], [ 72.997289712638604, 19.146770393906198 ], [ 72.996937899135702, 19.146782451124601 ], [ 72.996508237630195, 19.1467996509895 ], [ 72.996491832596504, 19.1463334727455 ], [ 72.995148539531399, 19.146382053920401 ], [ 72.995231790900306, 19.148068789519701 ], [ 72.995234568491199, 19.148153645072 ], [ 72.995236222289606, 19.1482041647951 ], [ 72.995296467804195, 19.149826884152301 ], [ 72.995319563490099, 19.1504489867785 ], [ 72.995352422066603, 19.1513772666394 ], [ 72.996159481094196, 19.151361133939599 ], [ 72.996308322055398, 19.1513573042158 ], [ 72.996601812438499, 19.151283310676501 ], [ 72.996718289794799, 19.1512592927883 ], [ 72.997025896304294, 19.151242807059798 ], [ 72.997759891756701, 19.151241586774699 ], [ 72.999331700958706, 19.151251556961999 ], [ 73.000672061922799, 19.1512143306268 ], [ 73.000671138454706, 19.1511895506865 ], [ 73.000681957764002, 19.150350606517499 ], [ 73.0006834256112, 19.1501245681157 ], [ 73.000676086375293, 19.150028882830899 ], [ 73.000652598125598, 19.149874954286599 ], [ 73.000589475307194, 19.149482505858899 ], [ 73.000574795937098, 19.149291135337702 ], [ 73.000571767716295, 19.148519482467002 ], [ 73.000567455802894, 19.148403613679601 ], [ 73.000556823343203, 19.147245741945799 ], [ 73.000552995621803, 19.147204367502901 ], [ 73.000542993779405, 19.146890129309998 ], [ 73.000545034751795, 19.146855035424899 ], [ 73.000558506786007, 19.146735098872298 ], [ 73.000570934978001, 19.146673348031999 ], [ 73.000614434997303, 19.146492018558099 ], [ 73.000642961897498, 19.146403958596899 ], [ 73.000656945073203, 19.146373909677401 ], [ 72.999802260064101, 19.146195352331599 ], [ 72.999671383612096, 19.146172298589299 ], [ 72.9994187108788, 19.146139189485599 ], [ 72.999262798379803, 19.146128755640099 ], [ 72.999140565517393, 19.1461299360776 ] ] ] ] } },
{ "type": "Feature", "id": 13, "properties": { "tessellate": -1, "extrude": 0, "visibility": -1, "objectid": 14.0, "townname": "Navi Mumbai", "towncensuscode2011": "400708", "town_lgd_code": 251472.0, "ward_lgd_code": 48547.0, "ward_lgd_name": "Navi Mumbai (M Corp.) - Ward No.16", "sourcewardcode": "16", "state": "Maharashtra" }, "geometry": { "type": "MultiPolygon", "coordinates": [ [ [ [ 72.995319565286707, 19.1504489867785 ], [ 72.995296467804195, 19.149826884152301 ], [ 72.994536928756702, 19.1498545139161 ], [ 72.992822999788402, 19.1499262372276 ], [ 72.992859521694697, 19.151343116501401 ], [ 72.992929450149603, 19.152999412539799 ], [ 72.993017751847106, 19.154275923392898 ], [ 72.993137636513396, 19.155348496846599 ], [ 72.993208810931606, 19.155358361562101 ], [ 72.994156332333702, 19.155543117178699 ], [ 72.994480674456995, 19.1556038362246 ], [ 72.994747740896003, 19.155619326137199 ], [ 72.994926991626102, 19.154211333468599 ], [ 72.995719133230196, 19.1543239234956 ], [ 72.995758745340893, 19.1540406297676 ], [ 72.995982060232393, 19.1540374153298 ], [ 72.996247002155798, 19.1540340439037 ], [ 72.996250241480695, 19.153403048019801 ], [ 72.996965069579801, 19.153406988012499 ], [ 72.9969723674932, 19.152793089685002 ], [ 72.997491763509004, 19.152803316901601 ], [ 72.997491185892201, 19.1515234146901 ], [ 72.996992860759704, 19.151513261222199 ], [ 72.996530288575499, 19.151515965702199 ], [ 72.996627845615393, 19.151277942441599 ], [ 72.9966198955251, 19.151279581934201 ], [ 72.996601812438499, 19.151283310676501 ], [ 72.996308322055398, 19.1513573042158 ], [ 72.996159481094196, 19.151361133939599 ], [ 72.995352422066603, 19.1513772666394 ], [ 72.995319565286707, 19.1504489867785 ] ] ] ] } },
{ "type": "Feature", "id": 14, "properties": { "tessellate": -1, "extrude": 0, "visibility": -1, "objectid": 15.0, "townname": "Navi Mumbai", "towncensuscode2011": "400708", "town_lgd_code": 251472.0, "ward_lgd_code": 48583.0, "ward_lgd_name": "Navi Mumbai (M Corp.) - Ward No.52", "sourcewardcode": "52", "state": "Maharashtra" }, "geometry": { "type": "MultiPolygon", "coordinates": [ [ [ [ 72.993243969195206, 19.097993670558399 ], [ 72.994146608969103, 19.098012372912699 ], [ 72.995122332979605, 19.0979845426338 ], [ 72.995997527424905, 19.097778691800102 ], [ 72.997235979011606, 19.097481780219699 ], [ 72.997780763213996, 19.097365227947598 ], [ 72.997847670634599, 19.097368476594401 ], [ 72.997915485353801, 19.097376803214502 ], [ 72.998328801114297, 19.097493638153701 ], [ 72.999374514665206, 19.097798538460001 ], [ 72.999755308717496, 19.097929269147802 ], [ 72.999608152995805, 19.098353186280299 ], [ 72.999374208339702, 19.099057604684699 ], [ 72.999287279267904, 19.099323295562101 ], [ 72.999901342443394, 19.099508031515999 ], [ 72.999911600305595, 19.0995111171387 ], [ 73.000089596987493, 19.098946033828 ], [ 73.0004550325434, 19.099067794482501 ], [ 73.000372327350107, 19.0993394070289 ], [ 73.000370139054098, 19.099397028853801 ], [ 73.000803184513302, 19.0995166033502 ], [ 73.001083450797097, 19.099593990067 ], [ 73.002330916079302, 19.099938447738602 ], [ 73.002971849661506, 19.1001170712033 ], [ 73.002989119772806, 19.100068627522202 ], [ 73.003357022102506, 19.1001675546838 ], [ 73.003203590750303, 19.100663569 ], [ 73.003488126726594, 19.1007476484275 ], [ 73.003466294970295, 19.100807227228302 ], [ 73.003796930690399, 19.100892610427898 ], [ 73.003936230644896, 19.100525093782199 ], [ 73.004495529825604, 19.100674063439101 ], [ 73.004913691997103, 19.099339535207601 ], [ 73.005212477050506, 19.098349647339099 ], [ 73.005400517795593, 19.097737071529799 ], [ 73.00556329522, 19.097247192606901 ], [ 73.005685136417, 19.096804610898499 ], [ 73.005712341895403, 19.096690559795999 ], [ 73.005725936100603, 19.096635837649401 ], [ 73.005759086629496, 19.096441045199899 ], [ 73.0057928848437, 19.096100109899702 ], [ 73.005798794859999, 19.095911455941799 ], [ 73.005785633642802, 19.0954688103904 ], [ 73.005755228365302, 19.094980356826898 ], [ 73.005705362883901, 19.094352835704701 ], [ 73.005642119691302, 19.0935460188524 ], [ 73.005590583343405, 19.092913482094001 ], [ 73.005588490268806, 19.092898995642201 ], [ 73.005150040544905, 19.0929268250785 ], [ 73.004939662291903, 19.092919403160298 ], [ 73.004611737687398, 19.092891667101501 ], [ 73.004424355407295, 19.0928598597201 ], [ 73.004325137382494, 19.092826534501501 ], [ 73.004180817642194, 19.092747904378299 ], [ 73.002833703143807, 19.091961749650299 ], [ 73.002606000880604, 19.091837768128599 ], [ 73.002486042552505, 19.091808921522102 ], [ 73.002253066280105, 19.091778930587701 ], [ 72.999452314158702, 19.091367281989001 ], [ 72.998551303030396, 19.091236380581201 ], [ 72.997712979935898, 19.091147639215201 ], [ 72.9973103128047, 19.091055322201498 ], [ 72.997293171152506, 19.091049322120199 ], [ 72.996447891504403, 19.091447113969899 ], [ 72.996047673180698, 19.0915442330231 ], [ 72.995771690064203, 19.0914703663503 ], [ 72.995219183045293, 19.091143880253 ], [ 72.994753245772102, 19.090812227050598 ], [ 72.994279792294805, 19.090475223347401 ], [ 72.993849769666596, 19.090068953615301 ], [ 72.993434874667798, 19.089628926623899 ], [ 72.993119724106606, 19.089181979785199 ], [ 72.991693497676096, 19.087409860040399 ], [ 72.991533922745703, 19.087240616244799 ], [ 72.991205402557995, 19.0868843277858 ], [ 72.990726870904496, 19.0862876813603 ], [ 72.989473492911102, 19.084638568528401 ], [ 72.989188014601993, 19.084390832977199 ], [ 72.988759652958805, 19.084085913069298 ], [ 72.987620868554501, 19.083386609532401 ], [ 72.987282591764597, 19.083190338755301 ], [ 72.986863695669598, 19.082858761308501 ], [ 72.986743550491894, 19.0827287123122 ], [ 72.986557624380893, 19.0825629690531 ], [ 72.986313430845598, 19.0823668806736 ], [ 72.985973202016595, 19.082202615080199 ], [ 72.985116263134501, 19.082092062644598 ], [ 72.984619644801001, 19.082057832820499 ], [ 72.984196462843698, 19.082150622624098 ], [ 72.983817594779396, 19.082285883796299 ], [ 72.983428733855803, 19.082564479337702 ], [ 72.981385906509203, 19.085123324068402 ], [ 72.979608516956006, 19.0869195481615 ], [ 72.979379831037605, 19.087447823185599 ], [ 72.979254374121595, 19.087983083166399 ], [ 72.978883926864697, 19.0901329981454 ], [ 72.978856993575903, 19.090737314194602 ], [ 72.978713364640001, 19.091636797644501 ], [ 72.978447739098698, 19.092528019802 ], [ 72.978177482742197, 19.093106945077398 ], [ 72.977852289015999, 19.093539533293299 ], [ 72.977223408130001, 19.094120926156101 ], [ 72.976451768775703, 19.094594605632299 ], [ 72.975560821473593, 19.095024555013101 ], [ 72.975162592918196, 19.095300664803698 ], [ 72.9743855528924, 19.095970073002 ], [ 72.9740992409467, 19.096387457923999 ], [ 72.973862514208093, 19.0968973313181 ], [ 72.973715600133303, 19.097466762771901 ], [ 72.9736625546158, 19.097917756736202 ], [ 72.973661671571804, 19.097927611299401 ], [ 72.979815431305397, 19.0980455748496 ], [ 72.993243969195206, 19.097993670558399 ] ] ] ] } },
{ "type": "Feature", "id": 15, "properties": { "tessellate": -1, "extrude": 0, "visibility": -1, "objectid": 16.0, "townname": "Navi Mumbai", "towncensuscode2011": "400708", "town_lgd_code": 251472.0, "ward_lgd_code": 48585.0, "ward_lgd_name": "Navi Mumbai (M Corp.) - Ward No.54", "sourcewardcode": "54", "state": "Maharashtra" }, "geometry": { "type": "MultiPolygon", "coordinates": [ [ [ [ 73.007495053068297, 19.085749093166999 ], [ 73.006498566296699, 19.0842397662087 ], [ 73.006473339806803, 19.084203092721499 ], [ 73.006021517761695, 19.084452315899501 ], [ 73.005643338705099, 19.084659116291 ], [ 73.005592510229704, 19.0846869106079 ], [ 73.005379914934593, 19.084349580328698 ], [ 73.004257923636303, 19.0849783058102 ], [ 73.004156151701096, 19.084827990040399 ], [ 73.004102201580096, 19.0847483059793 ], [ 73.003770631612099, 19.084938948140501 ], [ 73.003119791409006, 19.0853698691629 ], [ 73.002473011590894, 19.085735565385001 ], [ 73.005322429044597, 19.090104198780999 ], [ 73.0054167234034, 19.090654485219201 ], [ 73.005588490268806, 19.092898995642201 ], [ 73.009358757245494, 19.0926853362473 ], [ 73.011615208458196, 19.092557733859199 ], [ 73.011789232789994, 19.091357618039101 ], [ 73.011518230831697, 19.091236455285099 ], [ 73.0114267868274, 19.091193248459799 ], [ 73.011345266511995, 19.091148351448599 ], [ 73.011192821509994, 19.091045320368 ], [ 73.010965458809906, 19.0908495934816 ], [ 73.010842002442004, 19.090735619771099 ], [ 73.010717220160899, 19.0906067382702 ], [ 73.010582368663705, 19.090441951130099 ], [ 73.010403281427003, 19.0902109045396 ], [ 73.010263126276399, 19.089990159190901 ], [ 73.009915852858896, 19.0894618404947 ], [ 73.009584405960098, 19.088933289206501 ], [ 73.009127414110395, 19.0882525483023 ], [ 73.009034779838302, 19.088110036258701 ], [ 73.008193157231801, 19.086814033027899 ], [ 73.007495053068297, 19.085749093166999 ] ] ] ] } },
{ "type": "Feature", "id": 16, "properties": { "tessellate": -1, "extrude": 0, "visibility": -1, "objectid": 17.0, "townname": "Navi Mumbai", "towncensuscode2011": "400708", "town_lgd_code": 251472.0, "ward_lgd_code": 48587.0, "ward_lgd_name": "Navi Mumbai (M Corp.) - Ward No.56", "sourcewardcode": "56", "state": "Maharashtra" }, "geometry": { "type": "MultiPolygon", "coordinates": [ [ [ [ 73.016825091254702, 19.0881465594702 ], [ 73.016497786487705, 19.085980177394401 ], [ 73.016484981901698, 19.0858954282963 ], [ 73.016455350971995, 19.0859167586203 ], [ 73.016236321044502, 19.086151970126402 ], [ 73.016177130152101, 19.086180988353998 ], [ 73.014257905598697, 19.087262415003501 ], [ 73.014195062156404, 19.087299854394399 ], [ 73.014183638280898, 19.087306970950898 ], [ 73.014166739173803, 19.087317498496098 ], [ 73.014138794381907, 19.087334906594201 ], [ 73.012831226417305, 19.0881494653331 ], [ 73.012331392115101, 19.087404079698899 ], [ 73.011180757135705, 19.088059678136801 ], [ 73.011105167497803, 19.0880819020981 ], [ 73.010991269204595, 19.088097859306298 ], [ 73.010933831823706, 19.0881104751519 ], [ 73.010708744556197, 19.0881961951326 ], [ 73.010269891488804, 19.087558999402098 ], [ 73.009383640578903, 19.088089922724102 ], [ 73.009208363995597, 19.0882011842506 ], [ 73.009127414110395, 19.0882525483023 ], [ 73.009584405960098, 19.088933289206501 ], [ 73.009915852858896, 19.0894618404947 ], [ 73.010263126276399, 19.089990159190901 ], [ 73.010403281427003, 19.0902109045396 ], [ 73.010582368663705, 19.090441951130099 ], [ 73.010717220160899, 19.0906067382702 ], [ 73.010842002442004, 19.090735619771099 ], [ 73.010965458809906, 19.0908495934816 ], [ 73.011192821509994, 19.091045320368 ], [ 73.011345266511995, 19.091148351448599 ], [ 73.0114267868274, 19.091193248459799 ], [ 73.011518230831697, 19.091236455285099 ], [ 73.011789232789994, 19.091357618039101 ], [ 73.011615208458196, 19.092557733010299 ], [ 73.012022493828297, 19.0925347006478 ], [ 73.012200621664306, 19.0925224153616 ], [ 73.017652237510504, 19.092141273921001 ], [ 73.017655897246996, 19.092114166768599 ], [ 73.017656273641094, 19.092009610810301 ], [ 73.017644952173498, 19.0919249386532 ], [ 73.017576858078399, 19.091746634023501 ], [ 73.017175206941801, 19.0901049084721 ], [ 73.016825091254702, 19.0881465594702 ] ] ] ] } },
{ "type": "Feature", "id": 17, "properties": { "tessellate": -1, "extrude": 0, "visibility": -1, "objectid": 18.0, "townname": "Navi Mumbai", "towncensuscode2011": "400708", "town_lgd_code": 251472.0, "ward_lgd_code": 48173.0, "ward_lgd_name": "Navi Mumbai (M Corp.) - Ward No.6", "sourcewardcode": "6", "state": "Maharashtra" }, "geometry": { "type": "MultiPolygon", "coordinates": [ [ [ [ 73.004933860971803, 19.171002014842699 ], [ 73.005498662333693, 19.170793992910902 ], [ 73.006082767592702, 19.1709054040819 ], [ 73.006964972490493, 19.170970057043501 ], [ 73.007760035415899, 19.171035166471 ], [ 73.008078614846497, 19.171072111721799 ], [ 73.008452381378305, 19.1714917081162 ], [ 73.009276591041399, 19.1714375741509 ], [ 73.009584879372198, 19.171006451634199 ], [ 73.016986888617197, 19.170952913154601 ], [ 73.016833793234895, 19.170366410351299 ], [ 73.016665874752107, 19.170028732297499 ], [ 73.016460496522001, 19.169403329026899 ], [ 73.016351279349706, 19.168878633685001 ], [ 73.016255780350207, 19.1681636223853 ], [ 73.015940824723401, 19.166100795956901 ], [ 73.015736432843397, 19.165524153571699 ], [ 73.015521334841907, 19.1650218572026 ], [ 73.015400981255098, 19.164588064550902 ], [ 73.015324475335603, 19.164155286450899 ], [ 73.015252865234402, 19.163871815297298 ], [ 73.015113035273899, 19.163512164684899 ], [ 73.014907998403501, 19.162960364395001 ], [ 73.014789150393099, 19.162468579578601 ], [ 73.014604556483704, 19.161129823271398 ], [ 73.014482265230797, 19.1607705739819 ], [ 73.014317848380998, 19.160344036295701 ], [ 73.014096080388498, 19.160098522018099 ], [ 73.013826590294798, 19.1600010995896 ], [ 73.013561996917801, 19.1600529877954 ], [ 73.012986595435606, 19.160246870275099 ], [ 73.012226088004297, 19.160495170125401 ], [ 73.011977095668797, 19.160507825417799 ], [ 73.011651250664102, 19.160440895931998 ], [ 73.011304606067299, 19.160290946631498 ], [ 73.010843713732697, 19.1599366128853 ], [ 73.010356461234295, 19.159358246735401 ], [ 73.0098588763137, 19.158609329779601 ], [ 73.009770333867706, 19.158259421069101 ], [ 73.009759431913395, 19.158100578536502 ], [ 73.009964462495503, 19.1575874437282 ], [ 73.010262339352195, 19.1573566547798 ], [ 73.010422041843299, 19.157305724607099 ], [ 73.010741448622397, 19.157203864214399 ], [ 73.010995861392303, 19.157157330427399 ], [ 73.011343666612504, 19.157099794934599 ], [ 73.011812430883893, 19.1570195763226 ], [ 73.009548906336704, 19.153064101375001 ], [ 73.009279619262301, 19.152664392347202 ], [ 73.008068920227998, 19.151275459442001 ], [ 73.007463139519501, 19.1506884928936 ], [ 73.007583147254905, 19.150680585623 ], [ 73.007588013428801, 19.150616225110799 ], [ 73.007344688564402, 19.150092145477601 ], [ 73.007006514182507, 19.149541173505199 ], [ 73.006516849707594, 19.1498082224544 ], [ 73.006443403450007, 19.149639014534799 ], [ 73.006179783846704, 19.149711190247402 ], [ 73.006133119961007, 19.1497187861257 ], [ 73.00614519781, 19.149752137212701 ], [ 73.006280825451597, 19.1501935638959 ], [ 73.006314823990095, 19.1503903075746 ], [ 73.0063299893487, 19.1504813754023 ], [ 73.0064309060878, 19.150484226707501 ], [ 73.006460460660605, 19.150567208152399 ], [ 73.0065192446162, 19.1506498993337 ], [ 73.006581936243194, 19.150688445371799 ], [ 73.006615207146396, 19.150739839226802 ], [ 73.007171582310903, 19.151482065929201 ], [ 73.007386144916495, 19.151721560361299 ], [ 73.007962931600801, 19.1524586232043 ], [ 73.008350110878197, 19.153000369749101 ], [ 73.005822690944896, 19.152005217027501 ], [ 73.005625835930104, 19.151928460752501 ], [ 73.005597485998095, 19.151913464375799 ], [ 73.005585012890407, 19.151897395373101 ], [ 73.005572538884294, 19.151881327217399 ], [ 73.005299388155905, 19.1513654354839 ], [ 73.005247682026507, 19.151273457597799 ], [ 73.005072771955795, 19.151019364050502 ], [ 73.005037571471405, 19.150977911634001 ], [ 73.004985070332907, 19.150929725562801 ], [ 73.004773535948104, 19.150781126226001 ], [ 73.004405867180495, 19.150619752749499 ], [ 73.004487584226894, 19.151051704192099 ], [ 73.004908459310499, 19.152850009754701 ], [ 73.005353600584996, 19.1551106148885 ], [ 73.005407604604898, 19.155369740988 ], [ 73.005445937514693, 19.155575838292901 ], [ 73.005452824898001, 19.1556218031314 ], [ 73.005527919564202, 19.155962865108499 ], [ 73.0055514069156, 19.156148348124098 ], [ 73.005571136614194, 19.156287682999299 ], [ 73.0055756713097, 19.156501771855002 ], [ 73.005514566107493, 19.157534271714301 ], [ 73.005478726920899, 19.158062399961299 ], [ 73.005351586562099, 19.1592393621501 ], [ 73.005256168410895, 19.160180904639301 ], [ 73.005141666449902, 19.1611584940072 ], [ 73.0049548222607, 19.162912594214301 ], [ 73.004917032831599, 19.1632595817204 ], [ 73.0048533234133, 19.163572792549001 ], [ 73.004763082253206, 19.163898670542601 ], [ 73.0046961972904, 19.164140202090099 ], [ 73.004628935933496, 19.164414410217699 ], [ 73.004586093480995, 19.164600439514199 ], [ 73.004197641290801, 19.1671507143115 ], [ 73.004163385834104, 19.167354591598901 ], [ 73.004136723836496, 19.167521021971901 ], [ 73.0040212211522, 19.168088232099102 ], [ 73.004000249083603, 19.1681721719895 ], [ 73.003984206070896, 19.168221895616401 ], [ 73.0038148547752, 19.168723399060699 ], [ 73.0034119244377, 19.1698498857663 ], [ 73.003126494637598, 19.170647865333201 ], [ 73.002883509336399, 19.1713818857246 ], [ 73.002658448120101, 19.1720195829229 ], [ 73.002620708996702, 19.172147769635 ], [ 73.002579148440105, 19.172349153816199 ], [ 73.002577629388895, 19.1723705629195 ], [ 73.002577836899803, 19.172411845351199 ], [ 73.002583021975596, 19.172450921699401 ], [ 73.002593181921398, 19.172487791117199 ], [ 73.0026845414842, 19.1727038571264 ], [ 73.002731500017305, 19.172694962422501 ], [ 73.002836329817697, 19.1726663853301 ], [ 73.002942111832297, 19.172626512301999 ], [ 73.003718185270898, 19.172275462425802 ], [ 73.003834201791506, 19.172212434836499 ], [ 73.003932282549201, 19.172145005250499 ], [ 73.004182781359404, 19.171940739339899 ], [ 73.004003215320594, 19.1716967730158 ], [ 73.004101754219107, 19.1715990927113 ], [ 73.004493631685406, 19.1711510880858 ], [ 73.004933860971803, 19.171002014842699 ] ] ] ] } },
{ "type": "Feature", "id": 18, "properties": { "tessellate": -1, "extrude": 0, "visibility": -1, "objectid": 19.0, "townname": "Navi Mumbai", "towncensuscode2011": "400708", "town_lgd_code": 251472.0, "ward_lgd_code": 48582.0, "ward_lgd_name": "Navi Mumbai (M Corp.) - Ward No.51", "sourcewardcode": "51", "state": "Maharashtra" }, "geometry": { "type": "MultiPolygon", "coordinates": [ [ [ [ 73.006525911013895, 19.098709120693101 ], [ 73.006878013774397, 19.097687687448399 ], [ 73.007715122346596, 19.097951288054599 ], [ 73.0083806383265, 19.098133482320801 ], [ 73.008633052344905, 19.0974665047139 ], [ 73.008648614758897, 19.097419445621199 ], [ 73.008657952746304, 19.0973767981212 ], [ 73.008657952746304, 19.097340033318901 ], [ 73.0086563959659, 19.097287091479899 ], [ 73.008642510706593, 19.0969811724271 ], [ 73.008642306789, 19.096963374859701 ], [ 73.008668498967694, 19.095303293804001 ], [ 73.008686678174101, 19.095106369079399 ], [ 73.009476671906299, 19.095057108999399 ], [ 73.009358757245494, 19.0926853362473 ], [ 73.005588490268806, 19.092898995642201 ], [ 73.005590583343405, 19.092913482094001 ], [ 73.005642119691302, 19.0935460188524 ], [ 73.005705362883901, 19.094352835704701 ], [ 73.005755228365302, 19.094980356826898 ], [ 73.005785633642802, 19.0954688103904 ], [ 73.005798794859999, 19.095911455941799 ], [ 73.0057928848437, 19.096100109899702 ], [ 73.005759086629496, 19.096441045199899 ], [ 73.005725936100603, 19.096635837649401 ], [ 73.005712341895403, 19.096690559795999 ], [ 73.005685136417, 19.096804610898499 ], [ 73.00556329522, 19.097247192606901 ], [ 73.005400517795593, 19.097737071529799 ], [ 73.005212477050506, 19.098349647339099 ], [ 73.006429727498102, 19.098685498374 ], [ 73.006525911013895, 19.098709120693101 ] ] ] ] } },
{ "type": "Feature", "id": 19, "properties": { "tessellate": -1, "extrude": 0, "visibility": -1, "objectid": 20.0, "townname": "Navi Mumbai", "towncensuscode2011": "400708", "town_lgd_code": 251472.0, "ward_lgd_code": 48586.0, "ward_lgd_name": "Navi Mumbai (M Corp.) - Ward No.55", "sourcewardcode": "55", "state": "Maharashtra" }, "geometry": { "type": "MultiPolygon", "coordinates": [ [ [ [ 73.012200621664306, 19.0925224153616 ], [ 73.012022493828297, 19.0925347006478 ], [ 73.011615208458196, 19.092557733859199 ], [ 73.009358757245494, 19.0926853353984 ], [ 73.009476671906299, 19.095057109848302 ], [ 73.009869117107897, 19.095031963254801 ], [ 73.012884804635803, 19.094855329188999 ], [ 73.012890686804298, 19.095615840653601 ], [ 73.012497311846403, 19.095658743272701 ], [ 73.012481902146007, 19.095660989420502 ], [ 73.012460878873497, 19.095670201512799 ], [ 73.012441092581, 19.095683997579201 ], [ 73.012408747840894, 19.0957125353655 ], [ 73.012354476122994, 19.095784451957201 ], [ 73.012334997054396, 19.0958222875472 ], [ 73.012314103139204, 19.0958815701633 ], [ 73.012306858226395, 19.095925030429701 ], [ 73.012352619305304, 19.097142217150601 ], [ 73.012397623104405, 19.097144562596998 ], [ 73.013032846994605, 19.097167286175701 ], [ 73.013008538582994, 19.097402816153501 ], [ 73.013002558498201, 19.0975206739684 ], [ 73.012915286270001, 19.097743303960101 ], [ 73.012911606770601, 19.097845011722502 ], [ 73.012855496201297, 19.097844136534299 ], [ 73.012852096976303, 19.098207157570499 ], [ 73.012958933613007, 19.098219875359099 ], [ 73.012946178434305, 19.098278702121601 ], [ 73.012835642535293, 19.098590782415702 ], [ 73.014181874887996, 19.09906587859 ], [ 73.014343808794393, 19.0987639372274 ], [ 73.014533696475794, 19.098393016976999 ], [ 73.014662544532001, 19.098147252715702 ], [ 73.014826935330603, 19.097918334818502 ], [ 73.015289973740394, 19.097374324497999 ], [ 73.016023998837198, 19.0965477825264 ], [ 73.0162791895482, 19.096225549153601 ], [ 73.016372537980899, 19.096081158606701 ], [ 73.016468743954604, 19.0959194218599 ], [ 73.016579569111201, 19.095606154880699 ], [ 73.016698027252801, 19.095252258761299 ], [ 73.016981305587706, 19.094337196584799 ], [ 73.017450618729796, 19.0928463112967 ], [ 73.017602740338305, 19.092382089518399 ], [ 73.017639488620006, 19.092235695605801 ], [ 73.017652237510504, 19.092141273921001 ], [ 73.012200621664306, 19.0925224153616 ] ] ] ] } },
{ "type": "Feature", "id": 20, "properties": { "tessellate": -1, "extrude": 0, "visibility": -1, "objectid": 21.0, "townname": "Navi Mumbai", "towncensuscode2011": "400708", "town_lgd_code": 251472.0, "ward_lgd_code": 48581.0, "ward_lgd_name": "Navi Mumbai (M Corp.) - Ward No.50", "sourcewardcode": "50", "state": "Maharashtra" }, "geometry": { "type": "MultiPolygon", "coordinates": [ [ [ [ 73.010860301124396, 19.0988472833495 ], [ 73.011309404867504, 19.098970666262101 ], [ 73.011726863658197, 19.098357065618401 ], [ 73.011776685122101, 19.0982623910668 ], [ 73.011778101765302, 19.098192523878499 ], [ 73.011768321806898, 19.097764414596998 ], [ 73.011743727731002, 19.097167850678701 ], [ 73.0117700780132, 19.097166741196901 ], [ 73.012352619305304, 19.097142217150601 ], [ 73.012306858226395, 19.095925030429701 ], [ 73.012314103139204, 19.0958815701633 ], [ 73.012334997054396, 19.0958222875472 ], [ 73.012354476122994, 19.095784451957201 ], [ 73.012408747840894, 19.0957125353655 ], [ 73.012441092581, 19.095683997579201 ], [ 73.012460878873497, 19.095670201512799 ], [ 73.012481902146007, 19.095660989420502 ], [ 73.012497311846403, 19.095658743272701 ], [ 73.012890686804298, 19.095615840653601 ], [ 73.012884804635803, 19.094855329188999 ], [ 73.009869117107897, 19.095031963254801 ], [ 73.009476671906299, 19.095057109848302 ], [ 73.008686678174101, 19.095106369079399 ], [ 73.008668498967694, 19.095303293804001 ], [ 73.008642306789, 19.096963374859701 ], [ 73.008642510706593, 19.0969811724271 ], [ 73.0086563959659, 19.097287091479899 ], [ 73.008657952746304, 19.097340033318901 ], [ 73.008657952746304, 19.0973767981212 ], [ 73.008648614758897, 19.097419445621199 ], [ 73.008633052344905, 19.0974665047139 ], [ 73.0083806383265, 19.098133482320801 ], [ 73.010860301124396, 19.0988472833495 ] ] ] ] } },
{ "type": "Feature", "id": 21, "properties": { "tessellate": -1, "extrude": 0, "visibility": -1, "objectid": 22.0, "townname": "Navi Mumbai", "towncensuscode2011": "400708", "town_lgd_code": 251472.0, "ward_lgd_code": 48584.0, "ward_lgd_name": "Navi Mumbai (M Corp.) - Ward No.53", "sourcewardcode": "53", "state": "Maharashtra" }, "geometry": { "type": "MultiPolygon", "coordinates": [ [ [ [ 72.998833130586107, 19.090324610355299 ], [ 72.997293171152506, 19.091049322120199 ], [ 72.9973103128047, 19.091055322201498 ], [ 72.997712979935898, 19.091147639215201 ], [ 72.998551303030396, 19.091236380581201 ], [ 72.999452314158702, 19.091367281989001 ], [ 73.002253066280105, 19.091778930587701 ], [ 73.002486042552505, 19.091808921522102 ], [ 73.002606000880604, 19.091837768128599 ], [ 73.002833703143807, 19.091961749650299 ], [ 73.004180817642194, 19.092747904378299 ], [ 73.004325137382494, 19.092826534501501 ], [ 73.004424355407295, 19.0928598597201 ], [ 73.004611737687398, 19.092891667101501 ], [ 73.004939662291903, 19.092919403160298 ], [ 73.005150040544905, 19.0929268250785 ], [ 73.005588490268806, 19.092898995642201 ], [ 73.0054167234034, 19.090654485219201 ], [ 73.005322429044597, 19.090104198780999 ], [ 73.002473011590894, 19.085735565385001 ], [ 73.001795248878807, 19.084680947649201 ], [ 73.001552668717693, 19.084764867954199 ], [ 73.001564202187694, 19.084865148133801 ], [ 73.001376977112798, 19.084911238759801 ], [ 73.001213569070998, 19.084967608328402 ], [ 73.001230010037304, 19.085129090906499 ], [ 73.001120286215297, 19.085156465769099 ], [ 73.001158526598601, 19.085338267477098 ], [ 73.000828155881507, 19.085378139507799 ], [ 73.000650012774202, 19.085409312472802 ], [ 73.000667725754894, 19.085521463787899 ], [ 73.000554365552603, 19.085549919281402 ], [ 73.000624329940194, 19.085775894895999 ], [ 73.000622940246501, 19.085941475339901 ], [ 73.000663229686893, 19.086063506183201 ], [ 73.000754218245405, 19.086060103657601 ], [ 73.000750925021606, 19.0862566970236 ], [ 73.000760600775493, 19.086316638441101 ], [ 73.000705773000504, 19.086415185011401 ], [ 73.000648795556998, 19.086469030194898 ], [ 73.000528390766206, 19.086483253191702 ], [ 73.000509039258304, 19.0865056047043 ], [ 73.000343482446397, 19.086476141693399 ], [ 73.000335491931907, 19.086532775595899 ], [ 73.000229739561703, 19.086534528638602 ], [ 73.0001383261001, 19.086551326437601 ], [ 73.000145943813706, 19.086653484218601 ], [ 73.000163257942503, 19.0866518135234 ], [ 73.000168193286697, 19.086698456305701 ], [ 73.000132386439503, 19.086706892125601 ], [ 73.0001405090063, 19.086808123628298 ], [ 73.000251689895705, 19.0868100422094 ], [ 73.000255941622001, 19.086874720452499 ], [ 73.000273393192998, 19.0868784693245 ], [ 73.000278152467402, 19.0870403897841 ], [ 73.000562406372694, 19.0870767689138 ], [ 73.000670665940902, 19.087131404234199 ], [ 73.000721110835599, 19.087175326916601 ], [ 73.000788560838799, 19.0872969171064 ], [ 73.000849679515795, 19.087463223559201 ], [ 73.000998765716901, 19.0874264514615 ], [ 73.001016117574906, 19.087490872239101 ], [ 73.001128520173197, 19.0874536841736 ], [ 73.001151759589604, 19.087525060191801 ], [ 73.001318309938199, 19.0874847964742 ], [ 73.001351232294994, 19.0875506824752 ], [ 73.001492606459493, 19.087495777334698 ], [ 73.001589465508403, 19.087870952194901 ], [ 73.001900242172496, 19.087791087928299 ], [ 73.001972107395304, 19.0880360466575 ], [ 73.001915044611806, 19.088130663389201 ], [ 73.002004780918796, 19.0882976328617 ], [ 73.001033314922694, 19.088864380754501 ], [ 73.000199970291504, 19.0894284322471 ], [ 72.998833130586107, 19.090324610355299 ] ] ] ] } },
{ "type": "Feature", "id": 22, "properties": { "tessellate": -1, "extrude": 0, "visibility": -1, "objectid": 23.0, "townname": "Navi Mumbai", "towncensuscode2011": "400708", "town_lgd_code": 251472.0, "ward_lgd_code": 48579.0, "ward_lgd_name": "Navi Mumbai (M Corp.) - Ward No.48", "sourcewardcode": "48", "state": "Maharashtra" }, "geometry": { "type": "MultiPolygon", "coordinates": [ [ [ [ 73.016825091254702, 19.0881465594702 ], [ 73.017175206941801, 19.0901049084721 ], [ 73.017576858078399, 19.091746634023501 ], [ 73.017644952173498, 19.0919249386532 ], [ 73.017656273641094, 19.092009610810301 ], [ 73.017655897246996, 19.092114166768599 ], [ 73.017652237510504, 19.092141273921001 ], [ 73.017639488620006, 19.092235695605801 ], [ 73.017602740338305, 19.092382089518399 ], [ 73.017450618729796, 19.0928463112967 ], [ 73.016981305587706, 19.094337196584799 ], [ 73.016698027252801, 19.095252258761299 ], [ 73.016579569111201, 19.095606154880699 ], [ 73.016468743954604, 19.0959194218599 ], [ 73.016372537980899, 19.096081158606701 ], [ 73.0162791895482, 19.096225549153601 ], [ 73.016023998837198, 19.0965477825264 ], [ 73.015289973740394, 19.097374324497999 ], [ 73.014826935330603, 19.097918334818502 ], [ 73.014662544532001, 19.098147252715702 ], [ 73.014533696475794, 19.098393016976999 ], [ 73.014343808794393, 19.0987639372274 ], [ 73.013932702889505, 19.099530480586999 ], [ 73.013756573804997, 19.099795049356899 ], [ 73.013635396463002, 19.100017066805702 ], [ 73.013173036281202, 19.1009634968024 ], [ 73.012774886777606, 19.1018032741006 ], [ 73.012539183220099, 19.102300416727999 ], [ 73.012401889203701, 19.1026077817219 ], [ 73.012360469682505, 19.102700509075898 ], [ 73.012077567741699, 19.1035276408176 ], [ 73.011751306817104, 19.1045074992327 ], [ 73.011611065428198, 19.104938826831901 ], [ 73.011419834765405, 19.105639510342399 ], [ 73.011355982514999, 19.1058262492779 ], [ 73.011229130515403, 19.106146766291701 ], [ 73.011027156001902, 19.106657091744701 ], [ 73.014486698416803, 19.108063864354801 ], [ 73.014037574012406, 19.109206089528801 ], [ 73.013973126178897, 19.109361282511699 ], [ 73.013960525510498, 19.109508756241301 ], [ 73.013962305971305, 19.1096543845211 ], [ 73.013981308932898, 19.109755215777099 ], [ 73.014049853084003, 19.109926342127601 ], [ 73.014082525709199, 19.109992947473401 ], [ 73.014115021366294, 19.110062236730901 ], [ 73.014675189217897, 19.110802102371601 ], [ 73.014727350793194, 19.11086899511 ], [ 73.014766445474294, 19.110940290577599 ], [ 73.014791789643496, 19.1110262966627 ], [ 73.014796337813706, 19.111095552383802 ], [ 73.014790656867902, 19.111126262149899 ], [ 73.014332957145797, 19.112111765053001 ], [ 73.016752204647602, 19.112157192817101 ], [ 73.016783624122894, 19.1116140246505 ], [ 73.017296411233204, 19.111621848911302 ], [ 73.0178162105925, 19.110612197060501 ], [ 73.017038614509602, 19.110225029151401 ], [ 73.016808670051304, 19.110110539129298 ], [ 73.016915648621904, 19.1099103861755 ], [ 73.016962427492004, 19.1098228643813 ], [ 73.016945290331293, 19.1097291640374 ], [ 73.016892030116495, 19.109437956712501 ], [ 73.016910424020196, 19.109114238403901 ], [ 73.016891025800007, 19.108717196940301 ], [ 73.016863079211504, 19.107953442085499 ], [ 73.016835388642804, 19.107585936033701 ], [ 73.016838554305906, 19.1075277177918 ], [ 73.016875424758396, 19.107392300691501 ], [ 73.017034880212904, 19.1069859460172 ], [ 73.017193561319701, 19.106529697059099 ], [ 73.017358573752503, 19.105957010122101 ], [ 73.017550443117401, 19.105200480540699 ], [ 73.017677137013493, 19.105242921454799 ], [ 73.018063885099494, 19.105372477415202 ], [ 73.017914914781002, 19.1057758736283 ], [ 73.017758428258503, 19.1061936200316 ], [ 73.017735355030496, 19.106325553667901 ], [ 73.017742431958297, 19.1064125968756 ], [ 73.017776896722495, 19.106747762666402 ], [ 73.017850843341705, 19.1072088849766 ], [ 73.017874735833303, 19.107283224209802 ], [ 73.017926505743105, 19.107371149690699 ], [ 73.017962017942907, 19.107415579691299 ], [ 73.018015069748699, 19.107463221629001 ], [ 73.018087696742796, 19.107501727665401 ], [ 73.018171998242295, 19.1075343632303 ], [ 73.018266261159994, 19.1075634040224 ], [ 73.018370082152302, 19.107562865019599 ], [ 73.018454272260797, 19.1075474240752 ], [ 73.018686699662396, 19.1074121360123 ], [ 73.0189424212777, 19.1072410673268 ], [ 73.019192918291296, 19.107040773390398 ], [ 73.019366566228996, 19.1069088547546 ], [ 73.019460203919294, 19.1068157571246 ], [ 73.019539728178103, 19.106714891820999 ], [ 73.019603452867798, 19.106620556490501 ], [ 73.019696060190398, 19.106379332106901 ], [ 73.019755258269299, 19.106259668350599 ], [ 73.019806722751895, 19.1062153831895 ], [ 73.0198702390324, 19.1061791950093 ], [ 73.019922455404895, 19.106162844838401 ], [ 73.020044136701799, 19.1061554472811 ], [ 73.020137300081501, 19.106154606090101 ], [ 73.020348281104106, 19.106167021932901 ], [ 73.020805158867702, 19.106294494990099 ], [ 73.021834113448705, 19.106656298090599 ], [ 73.023023240339697, 19.107061421079599 ], [ 73.023266807749195, 19.106385393596899 ], [ 73.025870380564101, 19.099641951732501 ], [ 73.026357819013697, 19.096543545767499 ], [ 73.0263721749903, 19.096448712286598 ], [ 73.026727095765807, 19.094197723718601 ], [ 73.027005154888897, 19.092537362799298 ], [ 73.027203245985504, 19.091016160376299 ], [ 73.027451067816202, 19.089712495517201 ], [ 73.027638277619701, 19.0885551582648 ], [ 73.027835606944905, 19.087211701771999 ], [ 73.027985954380696, 19.086235597653101 ], [ 73.020210828085894, 19.0853276939634 ], [ 73.020166263562899, 19.085322471301101 ], [ 73.0193919355509, 19.085234352432501 ], [ 73.018935851898107, 19.0851826308905 ], [ 73.018725039758706, 19.0851749683756 ], [ 73.018007467306404, 19.085257339967999 ], [ 73.017110965720903, 19.085351730772299 ], [ 73.017080019657598, 19.0853549889931 ], [ 73.016447752123, 19.085447729408902 ], [ 73.016484981901698, 19.0858954282963 ], [ 73.016497786487705, 19.085980177394401 ], [ 73.016825091254702, 19.0881465594702 ] ] ] ] } },
{ "type": "Feature", "id": 23, "properties": { "tessellate": -1, "extrude": 0, "visibility": -1, "objectid": 24.0, "townname": "Navi Mumbai", "towncensuscode2011": "400708", "town_lgd_code": 251472.0, "ward_lgd_code": 48546.0, "ward_lgd_name": "Navi Mumbai (M Corp.) - Ward No.15", "sourcewardcode": "15", "state": "Maharashtra" }, "geometry": { "type": "MultiPolygon", "coordinates": [ [ [ [ 72.992822999788402, 19.1499262372276 ], [ 72.994536928756702, 19.1498545139161 ], [ 72.995296467804195, 19.149826884152301 ], [ 72.995236222289606, 19.1482041647951 ], [ 72.995234568491199, 19.148153645072 ], [ 72.993541270231802, 19.1482170357299 ], [ 72.993303401734394, 19.148233938430302 ], [ 72.9932160594377, 19.148253280894799 ], [ 72.993083360303899, 19.148311658752199 ], [ 72.992794604940698, 19.148500756126701 ], [ 72.992349736754093, 19.1487638725967 ], [ 72.992154381027603, 19.148846096248398 ], [ 72.9919210005134, 19.148923242621098 ], [ 72.9917910484277, 19.148959572491901 ], [ 72.991502793426093, 19.149017855055099 ], [ 72.991413522446393, 19.149030654643202 ], [ 72.990656115101103, 19.149061665402701 ], [ 72.9902778255519, 19.149077597206801 ], [ 72.989754259556506, 19.149113880370098 ], [ 72.989577587889599, 19.149138577458402 ], [ 72.989413591451296, 19.149162526918001 ], [ 72.9879954579432, 19.149401272001601 ], [ 72.986308106530899, 19.149707271381601 ], [ 72.986296296379905, 19.149709453149502 ], [ 72.983554595013601, 19.150199618686901 ], [ 72.981515482200706, 19.150580575335201 ], [ 72.981454571034604, 19.150591497694101 ], [ 72.981391857847996, 19.150900959702899 ], [ 72.981133698204999, 19.151875230906899 ], [ 72.980833444406102, 19.152537892762599 ], [ 72.980713884929997, 19.1531777843188 ], [ 72.980789931810406, 19.153761277234501 ], [ 72.981211526444596, 19.154806837780001 ], [ 72.981500455182697, 19.155258667235501 ], [ 72.981958910387903, 19.1557927724973 ], [ 72.982040836741803, 19.155974575436701 ], [ 72.987444586756496, 19.155655035921502 ], [ 72.989147895841398, 19.1556123355655 ], [ 72.992192340238205, 19.155405695216601 ], [ 72.993083343235895, 19.155340971659399 ], [ 72.993137636513396, 19.155348496846599 ], [ 72.993017751847106, 19.154275923392898 ], [ 72.992929450149603, 19.152999412539799 ], [ 72.992859521694697, 19.151343116501401 ], [ 72.992822999788402, 19.1499262372276 ] ] ] ] } },
{ "type": "Feature", "id": 24, "properties": { "tessellate": -1, "extrude": 0, "visibility": -1, "objectid": 25.0, "townname": "Navi Mumbai", "towncensuscode2011": "400708", "town_lgd_code": 251472.0, "ward_lgd_code": 48580.0, "ward_lgd_name": "Navi Mumbai (M Corp.) - Ward No.49", "sourcewardcode": "49", "state": "Maharashtra" }, "geometry": { "type": "MultiPolygon", "coordinates": [ [ [ [ 73.010860301124396, 19.0988472833495 ], [ 73.0083806383265, 19.098133482320801 ], [ 73.007715122346596, 19.097951288054599 ], [ 73.006878013774397, 19.097687687448399 ], [ 73.006525911013895, 19.098709120693101 ], [ 73.006429727498102, 19.098685498374 ], [ 73.005212477050506, 19.098349647339099 ], [ 73.004913691997103, 19.099339535207601 ], [ 73.007583193967307, 19.1000994895841 ], [ 73.007863179976795, 19.1001770627777 ], [ 73.008531908332102, 19.100362341897799 ], [ 73.010529611505405, 19.1008958657963 ], [ 73.010499146939196, 19.101003796288701 ], [ 73.010898132774301, 19.101135530338599 ], [ 73.012774886777606, 19.1018032741006 ], [ 73.013173036281202, 19.1009634968024 ], [ 73.013635396463002, 19.100017066805702 ], [ 73.013756573804997, 19.099795049356899 ], [ 73.013932702889505, 19.099530480586999 ], [ 73.014181874887996, 19.09906587859 ], [ 73.012835642535293, 19.098590782415702 ], [ 73.012946178434305, 19.098278702121601 ], [ 73.012958933613007, 19.098219875359099 ], [ 73.012852096976303, 19.098207157570499 ], [ 73.012855496201297, 19.097844136534299 ], [ 73.012911606770601, 19.097845011722502 ], [ 73.012915286270001, 19.097743303960101 ], [ 73.013002558498201, 19.0975206739684 ], [ 73.013008538582994, 19.097402816153501 ], [ 73.013032846994605, 19.097167286175701 ], [ 73.012397623104405, 19.097144562596998 ], [ 73.012352619305304, 19.097142217150601 ], [ 73.0117700780132, 19.097166741196901 ], [ 73.011743727731002, 19.097167850678701 ], [ 73.011768321806898, 19.097764414596998 ], [ 73.011778101765302, 19.098192523878499 ], [ 73.011776685122101, 19.0982623910668 ], [ 73.011726863658197, 19.098357065618401 ], [ 73.011309404867504, 19.098970666262101 ], [ 73.010860301124396, 19.0988472833495 ] ] ] ] } },
{ "type": "Feature", "id": 25, "properties": { "tessellate": -1, "extrude": 0, "visibility": -1, "objectid": 26.0, "townname": "Navi Mumbai", "towncensuscode2011": "400708", "town_lgd_code": 251472.0, "ward_lgd_code": 48577.0, "ward_lgd_name": "Navi Mumbai (M Corp.) - Ward No.46", "sourcewardcode": "46", "state": "Maharashtra" }, "geometry": { "type": "MultiPolygon", "coordinates": [ [ [ [ 73.009622032794098, 19.102800048380701 ], [ 73.009531647903401, 19.103071461263202 ], [ 73.009367064865302, 19.1030259622469 ], [ 73.0087713300166, 19.102846034697599 ], [ 73.008191531281099, 19.104654174289401 ], [ 73.007887398556804, 19.104558341281098 ], [ 73.007839647709602, 19.104543295615098 ], [ 73.007943349225997, 19.104236381556198 ], [ 73.008027431536604, 19.1039696655284 ], [ 73.008048222145504, 19.103879351295198 ], [ 73.008081112162998, 19.103772494767099 ], [ 73.006764607757901, 19.103399439865999 ], [ 73.006658661351594, 19.103739873739102 ], [ 73.006479693590805, 19.104323062559899 ], [ 73.006159445090404, 19.105366628096601 ], [ 73.005807346821499, 19.1064651376938 ], [ 73.006844838990901, 19.106756951223002 ], [ 73.007097416502702, 19.1068219722363 ], [ 73.007111874887201, 19.106825694342898 ], [ 73.006993739240798, 19.107240581798902 ], [ 73.006914872548805, 19.107499522421701 ], [ 73.006901764332099, 19.1074982771976 ], [ 73.006829539783297, 19.1077394710893 ], [ 73.006693451306006, 19.108192482705999 ], [ 73.008173046647499, 19.1086054186963 ], [ 73.008298506258399, 19.1082413934055 ], [ 73.009390790270203, 19.1084660300073 ], [ 73.009433948031401, 19.108477111333901 ], [ 73.009729975256903, 19.108540815153901 ], [ 73.009946779159094, 19.1086144161657 ], [ 73.010338427554998, 19.108776384112499 ], [ 73.010424453819894, 19.1085181780191 ], [ 73.010804937953395, 19.107247081251 ], [ 73.011027156001902, 19.106657091744701 ], [ 73.011229130515403, 19.106146766291701 ], [ 73.011355982514999, 19.1058262492779 ], [ 73.011419834765405, 19.105639510342399 ], [ 73.011611065428198, 19.104938826831901 ], [ 73.011751306817104, 19.1045074992327 ], [ 73.012077567741699, 19.1035276408176 ], [ 73.012360469682505, 19.102700509075898 ], [ 73.012401889203701, 19.1026077817219 ], [ 73.011986291722295, 19.102466217470798 ], [ 73.011843456897196, 19.102420495889401 ], [ 73.011936890669901, 19.102118521601501 ], [ 73.011518590157806, 19.1019977911516 ], [ 73.011429552740097, 19.102288004839298 ], [ 73.010271322505005, 19.101943029166399 ], [ 73.010213834818401, 19.101925906121298 ], [ 73.009932049483396, 19.102895954559699 ], [ 73.009622032794098, 19.102800048380701 ] ] ] ] } },
{ "type": "Feature", "id": 26, "properties": { "tessellate": -1, "extrude": 0, "visibility": -1, "objectid": 27.0, "townname": "Navi Mumbai", "towncensuscode2011": "400708", "town_lgd_code": 251472.0, "ward_lgd_code": 48576.0, "ward_lgd_name": "Navi Mumbai (M Corp.) - Ward No.45", "sourcewardcode": "45", "state": "Maharashtra" }, "geometry": { "type": "MultiPolygon", "coordinates": [ [ [ [ 73.004111084121604, 19.101913472983099 ], [ 73.003303107015697, 19.104516075052199 ], [ 73.002521224172199, 19.107021411669901 ], [ 73.004512148658307, 19.107596898583999 ], [ 73.004637145636906, 19.107252976339598 ], [ 73.004618547815497, 19.1072440781086 ], [ 73.004727051725396, 19.106922143983301 ], [ 73.004936087895402, 19.1063548756348 ], [ 73.004906465948906, 19.106342868093002 ], [ 73.004947510872597, 19.106227629261699 ], [ 73.005134507775395, 19.106280079313802 ], [ 73.005807349516402, 19.1064651385426 ], [ 73.006159445090404, 19.105366628096601 ], [ 73.006479693590805, 19.104323062559899 ], [ 73.006658660453297, 19.103739873739102 ], [ 73.006764606859605, 19.103399440714799 ], [ 73.006884252573997, 19.103058238784001 ], [ 73.006530779882695, 19.102937374053202 ], [ 73.006633088112096, 19.102605354014699 ], [ 73.006404778587694, 19.1025416563972 ], [ 73.006533747018096, 19.102126842040601 ], [ 73.006613270378594, 19.101875170219401 ], [ 73.006426631903693, 19.101826311115101 ], [ 73.006224332200006, 19.101764534152 ], [ 73.0061554341126, 19.101745503715598 ], [ 73.006050932197297, 19.1017166376147 ], [ 73.005835922230702, 19.102386298280798 ], [ 73.004111084121604, 19.101913472983099 ] ] ] ] } },
{ "type": "Feature", "id": 27, "properties": { "tessellate": -1, "extrude": 0, "visibility": -1, "objectid": 28.0, "townname": "Navi Mumbai", "towncensuscode2011": "400708", "town_lgd_code": 251472.0, "ward_lgd_code": 48573.0, "ward_lgd_name": "Navi Mumbai (M Corp.) - Ward No.42", "sourcewardcode": "42", "state": "Maharashtra" }, "geometry": { "type": "MultiPolygon", "coordinates": [ [ [ [ 72.993243969195206, 19.097993670558399 ], [ 72.979815431305397, 19.0980455748496 ], [ 72.973661671571804, 19.097927611299401 ], [ 72.973601419769096, 19.098599950203699 ], [ 72.972954941785005, 19.103080365660599 ], [ 72.972975442238095, 19.104533235178099 ], [ 72.972995942691199, 19.104720493153501 ], [ 72.973084778886204, 19.104933579323301 ], [ 72.974772489624598, 19.1071546009074 ], [ 72.974773957471797, 19.107334644303201 ], [ 72.987459624554305, 19.104992794163401 ], [ 72.996409842462199, 19.103186890737099 ], [ 72.997625690639694, 19.102914787931201 ], [ 72.997658884287802, 19.1029104231594 ], [ 72.997703095772806, 19.102910521625699 ], [ 72.9977335854919, 19.102912614033801 ], [ 72.998138732871496, 19.103027119224699 ], [ 72.998944053659102, 19.100472235301702 ], [ 73.000378934459107, 19.1008746307769 ], [ 73.000667669161103, 19.1009556024311 ], [ 73.001083450797097, 19.099593990067 ], [ 73.000803184513302, 19.0995166033502 ], [ 73.000370139054098, 19.099397028853801 ], [ 73.000372327350107, 19.0993394070289 ], [ 73.0004550325434, 19.099067794482501 ], [ 73.000089596987493, 19.098946033828 ], [ 72.999911600305595, 19.0995111171387 ], [ 72.999901342443394, 19.099508031515999 ], [ 72.999287279267904, 19.099323295562101 ], [ 72.999374208339702, 19.099057604684699 ], [ 72.999608152995805, 19.098353186280299 ], [ 72.999755308717496, 19.097929269147802 ], [ 72.999374514665206, 19.097798538460001 ], [ 72.998328801114297, 19.097493638153701 ], [ 72.997915485353801, 19.097376803214502 ], [ 72.997847670634599, 19.097368476594401 ], [ 72.997780763213996, 19.097365227947598 ], [ 72.997235979011606, 19.097481780219699 ], [ 72.995997527424905, 19.097778691800102 ], [ 72.995122332979605, 19.0979845426338 ], [ 72.994146608969103, 19.098012372912699 ], [ 72.993243969195206, 19.097993670558399 ] ] ] ] } },
{ "type": "Feature", "id": 28, "properties": { "tessellate": -1, "extrude": 0, "visibility": -1, "objectid": 29.0, "townname": "Navi Mumbai", "towncensuscode2011": "400708", "town_lgd_code": 251472.0, "ward_lgd_code": 48574.0, "ward_lgd_name": "Navi Mumbai (M Corp.) - Ward No.43", "sourcewardcode": "43", "state": "Maharashtra" }, "geometry": { "type": "MultiPolygon", "coordinates": [ [ [ [ 73.001999156566797, 19.103279846105799 ], [ 73.002275967031693, 19.102423341233301 ], [ 73.002570198524893, 19.101481661288499 ], [ 73.001529409538406, 19.101197265093798 ], [ 72.998944053659102, 19.100472235301702 ], [ 72.998138732871496, 19.103027119224699 ], [ 72.999697336838906, 19.103473160306098 ], [ 73.001364292002606, 19.103950208378201 ], [ 73.001530004223099, 19.1034473826025 ], [ 73.000616994297602, 19.103204374411 ], [ 73.0007057164066, 19.1029021239809 ], [ 73.001999156566797, 19.103279846105799 ] ] ] ] } },
{ "type": "Feature", "id": 29, "properties": { "tessellate": -1, "extrude": 0, "visibility": -1, "objectid": 30.0, "townname": "Navi Mumbai", "towncensuscode2011": "400708", "town_lgd_code": 251472.0, "ward_lgd_code": 48575.0, "ward_lgd_name": "Navi Mumbai (M Corp.) - Ward No.44", "sourcewardcode": "44", "state": "Maharashtra" }, "geometry": { "type": "MultiPolygon", "coordinates": [ [ [ [ 73.0042150272848, 19.101578651369401 ], [ 73.004111084121604, 19.101913472983099 ], [ 73.005835922230702, 19.102386298280798 ], [ 73.006050932197297, 19.1017166376147 ], [ 73.0061554341126, 19.101745503715598 ], [ 73.006224332200006, 19.1017645350009 ], [ 73.0063272638602, 19.101795968024401 ], [ 73.006546329720294, 19.101105159109 ], [ 73.006575709121705, 19.101114413341001 ], [ 73.006709032584595, 19.100691040610101 ], [ 73.007516935130297, 19.100929073945402 ], [ 73.007741595697993, 19.100143376568699 ], [ 73.007583193967307, 19.1000994895841 ], [ 73.004913691997103, 19.099339535207601 ], [ 73.004495529825604, 19.100674063439101 ], [ 73.003936230644896, 19.100525093782199 ], [ 73.003796930690399, 19.100892610427898 ], [ 73.003466294970295, 19.100807227228302 ], [ 73.003488126726594, 19.1007476484275 ], [ 73.003203590750303, 19.100663569 ], [ 73.003357022102506, 19.1001675546838 ], [ 73.002989119772806, 19.100068627522202 ], [ 73.002971849661506, 19.1001170712033 ], [ 73.002330916079302, 19.099938447738602 ], [ 73.001083451695393, 19.099593989218199 ], [ 73.000667668262693, 19.100955604977699 ], [ 73.001529409538406, 19.101197265093798 ], [ 73.002570198524893, 19.101481662137399 ], [ 73.002938280517597, 19.1015822428704 ], [ 73.003551800212307, 19.1017728282945 ], [ 73.003652455541499, 19.1014210343949 ], [ 73.0042150272848, 19.101578651369401 ] ] ] ] } },
{ "type": "Feature", "id": 30, "properties": { "tessellate": -1, "extrude": 0, "visibility": -1, "objectid": 31.0, "townname": "Navi Mumbai", "towncensuscode2011": "400708", "town_lgd_code": 251472.0, "ward_lgd_code": 48578.0, "ward_lgd_name": "Navi Mumbai (M Corp.) - Ward No.47", "sourcewardcode": "47", "state": "Maharashtra" }, "geometry": { "type": "MultiPolygon", "coordinates": [ [ [ [ 73.009622032794098, 19.102800048380701 ], [ 73.009932049483396, 19.102895954559699 ], [ 73.010213834818401, 19.101925906121298 ], [ 73.010271322505005, 19.101943029166399 ], [ 73.011429552740097, 19.102288004839298 ], [ 73.011518590157806, 19.1019977911516 ], [ 73.011936890669901, 19.102118521601501 ], [ 73.011843456897196, 19.102420495889401 ], [ 73.011986291722295, 19.102466217470798 ], [ 73.012401889203701, 19.1026077817219 ], [ 73.012539183220099, 19.102300416727999 ], [ 73.012774886777606, 19.1018032741006 ], [ 73.010898132774301, 19.101135530338599 ], [ 73.010499146939196, 19.101003796288701 ], [ 73.010529611505405, 19.1008958657963 ], [ 73.008531908332102, 19.100362341897799 ], [ 73.007741595697993, 19.100143376568699 ], [ 73.007516935130297, 19.100929073945402 ], [ 73.006709032584595, 19.100691040610101 ], [ 73.006575709121705, 19.101114413341001 ], [ 73.006546329720294, 19.101105159109 ], [ 73.006327262961904, 19.101795968873301 ], [ 73.006426632801904, 19.101826311964 ], [ 73.006613270378594, 19.101875170219401 ], [ 73.006533747018096, 19.102126842040601 ], [ 73.006404778587694, 19.1025416563972 ], [ 73.006633088112096, 19.102605354014699 ], [ 73.006530779882695, 19.102937374053202 ], [ 73.006884252573997, 19.103058238784001 ], [ 73.006764607757901, 19.103399440714799 ], [ 73.008081112162998, 19.103772494767099 ], [ 73.008048222145504, 19.103879351295198 ], [ 73.008027431536604, 19.1039696655284 ], [ 73.007943349225997, 19.104236381556198 ], [ 73.007839647709602, 19.104543295615098 ], [ 73.007887398556804, 19.104558341281098 ], [ 73.008191531281099, 19.104654174289401 ], [ 73.0087713300166, 19.102846034697599 ], [ 73.009367064865302, 19.1030259622469 ], [ 73.009531647903401, 19.103071461263202 ], [ 73.009622032794098, 19.102800048380701 ] ] ] ] } },
{ "type": "Feature", "id": 31, "properties": { "tessellate": -1, "extrude": 0, "visibility": -1, "objectid": 32.0, "townname": "Navi Mumbai", "towncensuscode2011": "400708", "town_lgd_code": 251472.0, "ward_lgd_code": 48569.0, "ward_lgd_name": "Navi Mumbai (M Corp.) - Ward No.38", "sourcewardcode": "38", "state": "Maharashtra" }, "geometry": { "type": "MultiPolygon", "coordinates": [ [ [ [ 73.001459691289199, 19.110512205798301 ], [ 73.001794151137503, 19.110607329148898 ], [ 73.002906480156597, 19.1108964675716 ], [ 73.003945280273001, 19.111172858988802 ], [ 73.004273834596603, 19.111260514179602 ], [ 73.005082290504603, 19.1088038161786 ], [ 73.005231514147994, 19.108350896211299 ], [ 73.005558075109903, 19.107239720241601 ], [ 73.005807348618106, 19.1064651385426 ], [ 73.005134507775395, 19.106280079313802 ], [ 73.004947510872597, 19.106227629261699 ], [ 73.004906465948906, 19.106342868093002 ], [ 73.004936087895402, 19.1063548756348 ], [ 73.004727051725396, 19.106922143983301 ], [ 73.004618547815497, 19.1072440781086 ], [ 73.004637145636906, 19.107252976339598 ], [ 73.004512148658307, 19.107596898583999 ], [ 73.002521224172199, 19.107021411669901 ], [ 73.001459691289199, 19.110512205798301 ] ] ] ] } },
{ "type": "Feature", "id": 32, "properties": { "tessellate": -1, "extrude": 0, "visibility": -1, "objectid": 33.0, "townname": "Navi Mumbai", "towncensuscode2011": "400708", "town_lgd_code": 251472.0, "ward_lgd_code": 48568.0, "ward_lgd_name": "Navi Mumbai (M Corp.) - Ward No.37", "sourcewardcode": "37", "state": "Maharashtra" }, "geometry": { "type": "MultiPolygon", "coordinates": [ [ [ [ 73.004273834596603, 19.111260514179602 ], [ 73.004953614924901, 19.111441872145701 ], [ 73.006205146880404, 19.111766933794701 ], [ 73.007372132096407, 19.112081007937199 ], [ 73.008223124131305, 19.112303219397599 ], [ 73.0091386250852, 19.112538384061601 ], [ 73.009324081377201, 19.111927976856101 ], [ 73.009833141377399, 19.110292982286001 ], [ 73.010338427554998, 19.108776384112499 ], [ 73.009946779159094, 19.1086144161657 ], [ 73.009729975256903, 19.108540815153901 ], [ 73.009433948031401, 19.108477111333901 ], [ 73.009390790270203, 19.1084660300073 ], [ 73.008298506258399, 19.1082413934055 ], [ 73.008173046647499, 19.1086054186963 ], [ 73.006693451306006, 19.108192482705999 ], [ 73.006829539783297, 19.1077394710893 ], [ 73.006901764332099, 19.1074982771976 ], [ 73.006914872548805, 19.107499522421701 ], [ 73.006993739240798, 19.107240581798902 ], [ 73.007111874887201, 19.106825694342898 ], [ 73.007097416502702, 19.1068219722363 ], [ 73.006844838990901, 19.106756951223002 ], [ 73.005807346821499, 19.1064651376938 ], [ 73.005558075109903, 19.107239720241601 ], [ 73.005231514147994, 19.108350896211299 ], [ 73.005082290504603, 19.1088038161786 ], [ 73.004273834596603, 19.111260514179602 ] ] ] ] } },
{ "type": "Feature", "id": 33, "properties": { "tessellate": -1, "extrude": 0, "visibility": -1, "objectid": 34.0, "townname": "Navi Mumbai", "towncensuscode2011": "400708", "town_lgd_code": 251472.0, "ward_lgd_code": 48567.0, "ward_lgd_name": "Navi Mumbai (M Corp.) - Ward No.36", "sourcewardcode": "36", "state": "Maharashtra" }, "geometry": { "type": "MultiPolygon", "coordinates": [ [ [ [ 73.000868647442999, 19.112490314942999 ], [ 73.0010334290088, 19.112534408293101 ], [ 73.002563806113301, 19.1129439221315 ], [ 73.002089607034407, 19.114633081300099 ], [ 73.0032787806378, 19.1149748254904 ], [ 73.002966007018898, 19.115996228371699 ], [ 73.005093578734403, 19.1165802660346 ], [ 73.005363367068696, 19.1166624836425 ], [ 73.005966583087101, 19.114602241472099 ], [ 73.0083306677422, 19.1151735624832 ], [ 73.008538731036694, 19.114367022874799 ], [ 73.009103619535196, 19.112653601519401 ], [ 73.0091386250852, 19.112538384061601 ], [ 73.008223124131305, 19.112303219397599 ], [ 73.007372132096407, 19.112081007937199 ], [ 73.006205146880404, 19.111766933794701 ], [ 73.004953614924901, 19.111441872145701 ], [ 73.004273834596603, 19.111260514179602 ], [ 73.003945280273001, 19.111172858988802 ], [ 73.002906480156597, 19.1108964675716 ], [ 73.001794151137503, 19.110607329148898 ], [ 73.001459691289199, 19.110512205798301 ], [ 73.001441065620099, 19.110573454931 ], [ 73.000868647442999, 19.112490314942999 ] ] ] ] } },
{ "type": "Feature", "id": 34, "properties": { "tessellate": -1, "extrude": 0, "visibility": -1, "objectid": 35.0, "townname": "Navi Mumbai", "towncensuscode2011": "400708", "town_lgd_code": 251472.0, "ward_lgd_code": 48572.0, "ward_lgd_name": "Navi Mumbai (M Corp.) - Ward No.41", "sourcewardcode": "41", "state": "Maharashtra" }, "geometry": { "type": "MultiPolygon", "coordinates": [ [ [ [ 72.9995497400445, 19.103886021496599 ], [ 72.999678646491105, 19.103524753050401 ], [ 72.999686179763103, 19.103503803580001 ], [ 72.999697336838906, 19.103473159457302 ], [ 72.998138732871496, 19.103027119224699 ], [ 72.9977335854919, 19.102912614033801 ], [ 72.997703095772806, 19.102910521625699 ], [ 72.997658884287802, 19.1029104231594 ], [ 72.997625690639694, 19.102914787931201 ], [ 72.996409842462199, 19.103186890737099 ], [ 72.987459624554305, 19.104992794163401 ], [ 72.974773957471797, 19.107334644303201 ], [ 72.974780632852699, 19.108153394539801 ], [ 72.974268582360907, 19.1122542547275 ], [ 72.974170606706195, 19.113546882524801 ], [ 72.974109582352298, 19.1147944678745 ], [ 72.974379931235305, 19.117405805657199 ], [ 72.974666160536003, 19.117939435840299 ], [ 72.975056266524604, 19.1183933692819 ], [ 72.975822821414397, 19.118884206637301 ], [ 72.976459636220994, 19.119148862424598 ], [ 72.977019426780203, 19.119248680408099 ], [ 72.977752122370305, 19.119073344500201 ], [ 72.9783996909092, 19.118698671569899 ], [ 72.979341908657801, 19.117914724749401 ], [ 72.979908561447502, 19.116869257358999 ], [ 72.980531045430396, 19.116289893242499 ], [ 72.980828467739499, 19.113227984074499 ], [ 72.980954837343702, 19.1125173915954 ], [ 72.981155498520295, 19.1118858041811 ], [ 72.981362506294403, 19.111502389265901 ], [ 72.982022727604004, 19.110701087562902 ], [ 72.982376862353604, 19.110408800567299 ], [ 72.982855770401301, 19.110103892096699 ], [ 72.984155644295498, 19.109603852158301 ], [ 72.984682720907003, 19.109480949116701 ], [ 72.9852421961575, 19.109419001005602 ], [ 72.985680844409103, 19.109484360497699 ], [ 72.986613902036794, 19.109922900198502 ], [ 72.987567114266199, 19.109535637306202 ], [ 72.992183408289307, 19.108361235677599 ], [ 72.994062365860103, 19.108041470766299 ], [ 72.996634930628005, 19.107472857476001 ], [ 72.996706460779194, 19.107696969700601 ], [ 72.997238293071803, 19.107522790371799 ], [ 72.997310811369701, 19.107727167408999 ], [ 72.997529688583597, 19.107672244346499 ], [ 72.997525181735895, 19.107648004515401 ], [ 72.997401943658701, 19.107067846690899 ], [ 72.997376006601499, 19.107066148190501 ], [ 72.997359407531604, 19.106981582201701 ], [ 72.997376915696506, 19.106865774252501 ], [ 72.997402017320496, 19.106571879588301 ], [ 72.997877225207503, 19.106597417435399 ], [ 72.997877556685793, 19.1066929513239 ], [ 72.9980267399051, 19.1067032841033 ], [ 72.998025662825, 19.1067344140057 ], [ 72.998288132584804, 19.1067433266942 ], [ 72.998470586707199, 19.106762466054398 ], [ 72.998453902297399, 19.1066244288441 ], [ 72.998438015591603, 19.106427854578801 ], [ 72.998455659402097, 19.1063212526483 ], [ 72.998467386908104, 19.106114311253901 ], [ 72.998512865017702, 19.106113796862498 ], [ 72.998639249893301, 19.106056626408702 ], [ 72.998639816730304, 19.106088225836299 ], [ 72.998741841091999, 19.1060860833873 ], [ 72.9987429900373, 19.106053760755302 ], [ 72.998808982973003, 19.1060511387163 ], [ 72.998805612494095, 19.1059676349455 ], [ 72.998974534395003, 19.1059614851617 ], [ 72.999113581024602, 19.105953686946801 ], [ 72.999502393439101, 19.105901899728799 ], [ 72.999868061658702, 19.105865762410001 ], [ 72.999877866770007, 19.1056795404584 ], [ 72.999770130021304, 19.1055551795999 ], [ 72.999774980025606, 19.105448504107098 ], [ 72.999782589654302, 19.105327774389899 ], [ 72.999314985107901, 19.105257610546399 ], [ 72.999496952343407, 19.104647099223101 ], [ 72.999725699347394, 19.1039890768389 ], [ 72.999533308959599, 19.103932072023699 ], [ 72.9995497400445, 19.103886021496599 ] ] ] ] } },
{ "type": "Feature", "id": 35, "properties": { "tessellate": -1, "extrude": 0, "visibility": -1, "objectid": 36.0, "townname": "Navi Mumbai", "towncensuscode2011": "400708", "town_lgd_code": 251472.0, "ward_lgd_code": 48565.0, "ward_lgd_name": "Navi Mumbai (M Corp.) - Ward No.34", "sourcewardcode": "34", "state": "Maharashtra" }, "geometry": { "type": "MultiPolygon", "coordinates": [ [ [ [ 72.999010953893304, 19.121428753482999 ], [ 72.999274501631305, 19.121328975858798 ], [ 72.999546166546295, 19.121227798580499 ], [ 72.999608896800893, 19.121204435801399 ], [ 72.999921066751995, 19.121906679981699 ], [ 72.999932222929502, 19.1219032909245 ], [ 73.000767659736994, 19.1216495341151 ], [ 73.000872659319, 19.1216430174054 ], [ 73.001323822899096, 19.121628827137599 ], [ 73.001338708881704, 19.121486840366 ], [ 73.001370868568898, 19.121180094406402 ], [ 73.001755237017704, 19.121136879276101 ], [ 73.001760852386496, 19.120839814416399 ], [ 73.001812046476203, 19.1201599440728 ], [ 73.001821364700703, 19.120062014279799 ], [ 73.001849153185702, 19.119963045547099 ], [ 73.002053605252797, 19.119299967768299 ], [ 73.002089995106601, 19.119181946384 ], [ 73.002105676996507, 19.1191385541884 ], [ 73.002106797195694, 19.119107862037101 ], [ 73.002101197098199, 19.119061294595099 ], [ 73.002025332575798, 19.1186644128213 ], [ 73.001988427089003, 19.1185155349099 ], [ 73.001909931401201, 19.118222860262101 ], [ 73.001898894699593, 19.118181710261702 ], [ 73.001869314075606, 19.118071415274699 ], [ 73.001861667615898, 19.118049315867001 ], [ 72.999732872395001, 19.1187068765914 ], [ 72.999808934546706, 19.118925695968802 ], [ 72.998712926119694, 19.119278477936898 ], [ 72.998633259028693, 19.1190623530041 ], [ 72.998624289350602, 19.119038020630001 ], [ 72.998053069525994, 19.1192260744461 ], [ 72.998078788292602, 19.119259949437399 ], [ 72.998111170762002, 19.119304964436001 ], [ 72.998182276908295, 19.119432361161198 ], [ 72.998817634647494, 19.120955126241299 ], [ 72.999010953893304, 19.121428753482999 ] ] ] ] } },
{ "type": "Feature", "id": 36, "properties": { "tessellate": -1, "extrude": 0, "visibility": -1, "objectid": 37.0, "townname": "Navi Mumbai", "towncensuscode2011": "400708", "town_lgd_code": 251472.0, "ward_lgd_code": 48566.0, "ward_lgd_name": "Navi Mumbai (M Corp.) - Ward No.35", "sourcewardcode": "35", "state": "Maharashtra" }, "geometry": { "type": "MultiPolygon", "coordinates": [ [ [ [ 72.997826734498602, 19.109286991746099 ], [ 72.997504865437406, 19.109346797499899 ], [ 72.993366392500505, 19.110075017268802 ], [ 72.993156426574103, 19.110201253144599 ], [ 72.991584538320296, 19.111500498132699 ], [ 72.990998861907897, 19.111671514879198 ], [ 72.990828231411299, 19.111700100835701 ], [ 72.990602275472895, 19.111697224245699 ], [ 72.990238065219103, 19.111618926484599 ], [ 72.9898590165934, 19.1114761816217 ], [ 72.988409021638702, 19.110772181086901 ], [ 72.988597844816496, 19.1109058248101 ], [ 72.988757855429895, 19.111083478130599 ], [ 72.988860850870495, 19.111252449690099 ], [ 72.988917620803207, 19.111418067454501 ], [ 72.9889636423935, 19.111721870908202 ], [ 72.989293443578703, 19.114484619059098 ], [ 72.990082600081095, 19.114424698879699 ], [ 72.9902018702996, 19.114436390934198 ], [ 72.990425537330694, 19.1145326264852 ], [ 72.990588899558304, 19.1146680428309 ], [ 72.990710035577806, 19.114786665832298 ], [ 72.991201298155502, 19.115374492492599 ], [ 72.991441399864598, 19.1157801950596 ], [ 72.9914954362239, 19.1159844226909 ], [ 72.991529209285304, 19.116163121343 ], [ 72.991562982346807, 19.116233324695799 ], [ 72.991711582559404, 19.116354584576499 ], [ 72.991846673906807, 19.116405641118401 ], [ 72.992972462383804, 19.116803485734799 ], [ 72.993251089242193, 19.116568625907099 ], [ 72.993838431131095, 19.116068921265899 ], [ 72.994189799069702, 19.115815352416199 ], [ 72.994657367683502, 19.1154938160815 ], [ 72.995263268766195, 19.1151409089039 ], [ 72.995765073972095, 19.116021344617302 ], [ 72.995991601238998, 19.116422535191798 ], [ 72.996397302879203, 19.117089802180999 ], [ 72.996684289459594, 19.1174970138992 ], [ 72.997154757835204, 19.118089820835898 ], [ 72.997828319126796, 19.118912715806498 ], [ 72.998053069525994, 19.1192260744461 ], [ 72.998624289350602, 19.119038020630001 ], [ 72.998633259028693, 19.1190623530041 ], [ 72.998712926119694, 19.119278477936898 ], [ 72.999808934546706, 19.118925695968802 ], [ 72.999732872395001, 19.1187068765914 ], [ 73.001861667615898, 19.118049315867001 ], [ 73.001672713284094, 19.117503284628398 ], [ 73.001343086372103, 19.116443206324199 ], [ 73.001168866207493, 19.115925110781699 ], [ 73.000333613554702, 19.113503978603401 ], [ 73.000292047608198, 19.113384672251801 ], [ 73.000158235461797, 19.113000589415101 ], [ 73.000113741905693, 19.112872879620198 ], [ 73.000770761619705, 19.112588384180398 ], [ 73.000857176855106, 19.112528727289799 ], [ 73.000868647442999, 19.112490314942999 ], [ 73.001441065620099, 19.110573454931 ], [ 73.001459691289199, 19.110512205798301 ], [ 73.000367219529494, 19.110201495904199 ], [ 72.999864264479996, 19.110066805877299 ], [ 72.999536559962706, 19.1099774702571 ], [ 72.998968203967195, 19.109829403626001 ], [ 72.998509687676503, 19.109709555627301 ], [ 72.998088744320896, 19.109610659636601 ], [ 72.998018911087399, 19.1095873359587 ], [ 72.997982855406804, 19.109571155038399 ], [ 72.997942887563198, 19.109536797633702 ], [ 72.997913102123306, 19.109488907591 ], [ 72.997900444861003, 19.109455204604298 ], [ 72.997868332784506, 19.1092815983794 ], [ 72.997840829963707, 19.109284373153699 ], [ 72.997826734498602, 19.109286991746099 ] ] ] ] } },
{ "type": "Feature", "id": 37, "properties": { "tessellate": -1, "extrude": 0, "visibility": -1, "objectid": 38.0, "townname": "Navi Mumbai", "towncensuscode2011": "400708", "town_lgd_code": 251472.0, "ward_lgd_code": 48564.0, "ward_lgd_name": "Navi Mumbai (M Corp.) - Ward No.33", "sourcewardcode": "33", "state": "Maharashtra" }, "geometry": { "type": "MultiPolygon", "coordinates": [ [ [ [ 73.005093578734403, 19.1165802660346 ], [ 73.002966007018898, 19.115996228371699 ], [ 73.0032787806378, 19.1149748254904 ], [ 73.002089607034407, 19.114633081300099 ], [ 73.002563806113301, 19.1129439221315 ], [ 73.0010334290088, 19.112534408293101 ], [ 73.000868647442999, 19.112490314942999 ], [ 73.000857176855106, 19.112528727289799 ], [ 73.000770761619705, 19.112588384180398 ], [ 73.000113741905693, 19.112872879620198 ], [ 73.000158235461797, 19.113000589415101 ], [ 73.000292047608198, 19.113384672251801 ], [ 73.000333613554702, 19.113503978603401 ], [ 73.001168866207493, 19.115925110781699 ], [ 73.001343086372103, 19.116443206324199 ], [ 73.001672713284094, 19.117503284628398 ], [ 73.001861666717602, 19.118049315867001 ], [ 73.001869314075606, 19.118071415274699 ], [ 73.001898894699593, 19.118181710261702 ], [ 73.001909931401201, 19.118222860262101 ], [ 73.001988427089003, 19.1185155349099 ], [ 73.002025332575798, 19.1186644128213 ], [ 73.002101197098199, 19.119061294595099 ], [ 73.002106797195694, 19.119107862037101 ], [ 73.002105676996507, 19.1191385541884 ], [ 73.002089995106601, 19.119181946384 ], [ 73.002053605252797, 19.119299967768299 ], [ 73.001849153185702, 19.119963045547099 ], [ 73.001821364700703, 19.120062014279799 ], [ 73.001812046476203, 19.1201599440728 ], [ 73.001760852386496, 19.120839814416399 ], [ 73.002466503296702, 19.120840165800999 ], [ 73.002629781981, 19.1208393433573 ], [ 73.002667039607502, 19.120839155782502 ], [ 73.002696294143007, 19.120448947811099 ], [ 73.002698624372897, 19.120417864626202 ], [ 73.0033397933136, 19.120572368079301 ], [ 73.003831736814305, 19.120710328290698 ], [ 73.003743347081993, 19.120961516513699 ], [ 73.005456124410003, 19.1214438595714 ], [ 73.005802768108495, 19.121542313922699 ], [ 73.005808084338298, 19.121526958310401 ], [ 73.005958490164701, 19.121027431620298 ], [ 73.006127601610203, 19.120483973466101 ], [ 73.006345733222403, 19.119811286415299 ], [ 73.006604062647, 19.119060533253698 ], [ 73.006710956775905, 19.118808037588899 ], [ 73.006825505449399, 19.1185633196372 ], [ 73.006941532749806, 19.1183371681228 ], [ 73.0070879761074, 19.118067353913599 ], [ 73.007112633065304, 19.1180167307574 ], [ 73.007414517306401, 19.117372105982 ], [ 73.007855420329307, 19.116359302085201 ], [ 73.007949568262703, 19.116147304343801 ], [ 73.008067548500506, 19.115864041875401 ], [ 73.0083306677422, 19.1151735624832 ], [ 73.005966583087101, 19.114602241472099 ], [ 73.005363367068696, 19.1166624836425 ], [ 73.005093578734403, 19.1165802660346 ] ] ] ] } },
{ "type": "Feature", "id": 38, "properties": { "tessellate": -1, "extrude": 0, "visibility": -1, "objectid": 39.0, "townname": "Navi Mumbai", "towncensuscode2011": "400708", "town_lgd_code": 251472.0, "ward_lgd_code": 48560.0, "ward_lgd_name": "Navi Mumbai (M Corp.) - Ward No.29", "sourcewardcode": "29", "state": "Maharashtra" }, "geometry": { "type": "MultiPolygon", "coordinates": [ [ [ [ 72.993944850051193, 19.126832253580599 ], [ 72.994070805532203, 19.1278807184224 ], [ 72.994120006260303, 19.128118207626802 ], [ 72.994237178912698, 19.1284471931925 ], [ 72.994347218043401, 19.1288316076255 ], [ 72.994386239062706, 19.1289195462574 ], [ 72.994562213636996, 19.1292522280649 ], [ 72.994808854183105, 19.129111365598799 ], [ 72.994961857038902, 19.128985184054901 ], [ 72.995042366749601, 19.128918788356199 ], [ 72.995831668779104, 19.129525363687002 ], [ 72.995772743787995, 19.1295879289131 ], [ 72.995578189358696, 19.129794502286401 ], [ 72.995631189960505, 19.129985965003101 ], [ 72.995647701893702, 19.130049502673899 ], [ 72.995671377891398, 19.1301149269968 ], [ 72.995702261970806, 19.130212924669099 ], [ 72.995453096260505, 19.130344427512199 ], [ 72.995322188367396, 19.1304152350599 ], [ 72.995521864990394, 19.130842969544702 ], [ 72.995683082939493, 19.130784362300801 ], [ 72.996152821883001, 19.1306395376902 ], [ 72.996695249804404, 19.130493607938099 ], [ 72.997119974169095, 19.129949854166998 ], [ 72.9973130814125, 19.129739915855399 ], [ 72.997868478311602, 19.129136107266401 ], [ 72.997966927378499, 19.128260230287101 ], [ 72.998411705733503, 19.128061283272601 ], [ 72.999014599256697, 19.127774458780301 ], [ 72.998655739368701, 19.1272989154904 ], [ 72.998600115686301, 19.1272457863395 ], [ 72.998590472271701, 19.1272365751575 ], [ 72.998570284432304, 19.127221837095501 ], [ 72.998545967935897, 19.127210999760099 ], [ 72.998522568619407, 19.127201029818298 ], [ 72.9985051341164, 19.1271966945442 ], [ 72.998493204489407, 19.127193227513001 ], [ 72.998448700153602, 19.127183256721398 ], [ 72.998387220353905, 19.1271745878696 ], [ 72.998144504547199, 19.127159882053501 ], [ 72.998116670248194, 19.126803116024099 ], [ 72.998919346395596, 19.126709982069102 ], [ 72.998980227917301, 19.1264577255509 ], [ 72.999071272171307, 19.126080492624201 ], [ 72.999176738877296, 19.125636843146399 ], [ 72.999183019897799, 19.125616441362901 ], [ 72.998773039581806, 19.125535452928201 ], [ 72.998642922206201, 19.125509749109 ], [ 72.998583389954007, 19.125491855310401 ], [ 72.998544538716303, 19.125473792612301 ], [ 72.998460926224595, 19.125437043392601 ], [ 72.9984282464129, 19.125416430250201 ], [ 72.998380595278604, 19.125367680798899 ], [ 72.998299622037194, 19.125286163482102 ], [ 72.998286643178005, 19.125273097248702 ], [ 72.998196038200106, 19.125213880336101 ], [ 72.998105840159099, 19.1251708427972 ], [ 72.997646179414701, 19.125042319134099 ], [ 72.9971398925139, 19.124924655772901 ], [ 72.996740277857995, 19.124886603623899 ], [ 72.9955128126673, 19.124916179465199 ], [ 72.995459996220106, 19.1249122133305 ], [ 72.995421310272405, 19.124906087167201 ], [ 72.995236135152993, 19.124860758813799 ], [ 72.995029807403597, 19.124810253166601 ], [ 72.994999924047406, 19.124802937922102 ], [ 72.994788847803406, 19.125245575403799 ], [ 72.994761983684796, 19.125301409258601 ], [ 72.994736892840606, 19.1252912499343 ], [ 72.994558929396305, 19.125572494938101 ], [ 72.994450906983403, 19.125518490190299 ], [ 72.994307167554794, 19.125672142690402 ], [ 72.994386828357605, 19.125814476391099 ], [ 72.9947396704315, 19.1258822083885 ], [ 72.994662746795399, 19.126275262042899 ], [ 72.994463697196394, 19.126237477554099 ], [ 72.994344079329807, 19.126459457801101 ], [ 72.993995121571203, 19.126626343601099 ], [ 72.993955237270896, 19.126666369484099 ], [ 72.993943840344897, 19.12671870102 ], [ 72.993944850051193, 19.126832253580599 ] ] ] ] } },
{ "type": "Feature", "id": 39, "properties": { "tessellate": -1, "extrude": 0, "visibility": -1, "objectid": 40.0, "townname": "Navi Mumbai", "towncensuscode2011": "400708", "town_lgd_code": 251472.0, "ward_lgd_code": 48558.0, "ward_lgd_name": "Navi Mumbai (M Corp.) - Ward No.27", "sourcewardcode": "27", "state": "Maharashtra" }, "geometry": { "type": "MultiPolygon", "coordinates": [ [ [ [ 73.000276679230296, 19.129007810748298 ], [ 73.000323979123294, 19.129493048184202 ], [ 72.999879468466204, 19.1296278344104 ], [ 73.000081952324507, 19.130354957410301 ], [ 73.0003060173091, 19.131159345609898 ], [ 73.000488364532103, 19.131811154301602 ], [ 73.000746367868203, 19.132574876144002 ], [ 73.001027827114697, 19.1336178364296 ], [ 73.001317453843697, 19.133551214295501 ], [ 73.001442557721802, 19.133442562448501 ], [ 73.001544138315793, 19.133425424843701 ], [ 73.001693467960393, 19.1334002323152 ], [ 73.001783533050798, 19.133266002514102 ], [ 73.001815816705502, 19.133198172549999 ], [ 73.001845537466707, 19.133097824923201 ], [ 73.001851272311399, 19.133080892666001 ], [ 73.001858440867395, 19.1330680239458 ], [ 73.001874929444497, 19.133050414429199 ], [ 73.001892851732705, 19.133040255581399 ], [ 73.001924394277296, 19.133025355088201 ], [ 73.002045510533804, 19.132965684357899 ], [ 73.002061366696793, 19.132955697789601 ], [ 73.00207663626, 19.132944601130401 ], [ 73.002090730826893, 19.1329315626609 ], [ 73.002152007607293, 19.132867764701299 ], [ 73.002179303815495, 19.132827370290599 ], [ 73.002285892517307, 19.132654263884699 ], [ 73.002326155906601, 19.1325786791454 ], [ 73.002340023199693, 19.132531583368198 ], [ 73.002362575404902, 19.132410383734499 ], [ 73.002384298465103, 19.1322720844787 ], [ 73.002394946196105, 19.132230337099902 ], [ 73.002463190309896, 19.132007365690502 ], [ 73.002469754299696, 19.131979688807199 ], [ 73.002485339171599, 19.131547760444199 ], [ 73.002760049375397, 19.131505546097198 ], [ 73.003507930985407, 19.131290273977299 ], [ 73.003505898097899, 19.131185010358401 ], [ 73.003504758135804, 19.1309146238846 ], [ 73.003512739667102, 19.1307465737511 ], [ 73.003535438297703, 19.130465397814 ], [ 73.003592554081806, 19.1300808386592 ], [ 73.003641583231698, 19.129825531936199 ], [ 73.003686051634801, 19.1296283954077 ], [ 73.003790950605506, 19.129254590030001 ], [ 73.003909532714601, 19.128795681556799 ], [ 73.004074073531896, 19.1281876081067 ], [ 73.004138873504999, 19.127923010929202 ], [ 73.0043984093669, 19.126950682829399 ], [ 73.004495463350196, 19.126530807652401 ], [ 73.004574887896098, 19.126196809080401 ], [ 73.004577222617499, 19.1261822483096 ], [ 73.0046041936356, 19.1260792161371 ], [ 73.004637094432894, 19.125942368848001 ], [ 73.004646703711501, 19.1259024005032 ], [ 73.004028177705806, 19.1259071890325 ], [ 73.003488997194097, 19.125939425456199 ], [ 73.002770213812795, 19.126000030628699 ], [ 73.002701922986603, 19.125996935315602 ], [ 73.002638671709093, 19.125988602498101 ], [ 73.002616193165807, 19.125982983914401 ], [ 73.002535910728795, 19.1259653490293 ], [ 73.001706909451997, 19.125783256721199 ], [ 73.001485452276597, 19.1257576726114 ], [ 73.001208070483202, 19.125725628813999 ], [ 73.001187166686506, 19.125723462006299 ], [ 73.001283903564499, 19.126440815528699 ], [ 73.001065570729693, 19.126443284473499 ], [ 73.000979717839598, 19.126708024909401 ], [ 73.001073789416196, 19.126918889636901 ], [ 73.001038188283104, 19.1271310025665 ], [ 73.000997274513594, 19.127125405239799 ], [ 73.000982754145298, 19.127162671804701 ], [ 73.000865634493493, 19.127463261917899 ], [ 73.000552707262599, 19.127473343026299 ], [ 73.000537754804697, 19.127474176470301 ], [ 73.000518424856395, 19.127469376953002 ], [ 73.000500416329899, 19.127459886554199 ], [ 73.000290229418098, 19.127302396947702 ], [ 73.000274981414407, 19.127294955353999 ], [ 73.000262346609901, 19.127292522916999 ], [ 73.000241158945599, 19.127297622886999 ], [ 73.000227548570805, 19.127311763442101 ], [ 73.000244312930604, 19.127485670698501 ], [ 73.000260526623194, 19.127536556603498 ], [ 73.000413241119801, 19.127779392386401 ], [ 73.000422068864097, 19.127837393862301 ], [ 73.0004222161878, 19.1278767616948 ], [ 73.000349035831505, 19.128150521701102 ], [ 73.000330315839307, 19.128219128616799 ], [ 73.000316870754403, 19.128256424640199 ], [ 73.000307969348299, 19.128287301809799 ], [ 73.000253820699598, 19.128585742626999 ], [ 73.000253828784395, 19.128661565136301 ], [ 73.000252183070799, 19.128701677943798 ], [ 73.000276679230296, 19.129007810748298 ] ] ] ] } },
{ "type": "Feature", "id": 40, "properties": { "tessellate": -1, "extrude": 0, "visibility": -1, "objectid": 41.0, "townname": "Navi Mumbai", "towncensuscode2011": "400708", "town_lgd_code": 251472.0, "ward_lgd_code": 48563.0, "ward_lgd_name": "Navi Mumbai (M Corp.) - Ward No.32", "sourcewardcode": "32", "state": "Maharashtra" }, "geometry": { "type": "MultiPolygon", "coordinates": [ [ [ [ 73.002466503296702, 19.120840165800999 ], [ 73.001760852386496, 19.120839814416399 ], [ 73.001755237017704, 19.121136879276101 ], [ 73.001370868568898, 19.121180094406402 ], [ 73.001338708881704, 19.121486840366 ], [ 73.001323822899096, 19.121628827137599 ], [ 73.000872659319, 19.1216430174054 ], [ 73.000767659736994, 19.1216495341151 ], [ 72.999932222929502, 19.1219032909245 ], [ 72.999921066751995, 19.121906679981699 ], [ 72.999608896800893, 19.121204435801399 ], [ 72.999546166546295, 19.121227798580499 ], [ 72.999274501631305, 19.121328975858798 ], [ 72.999010953893304, 19.121428753482999 ], [ 72.999032022081593, 19.121480369482502 ], [ 72.999537234597398, 19.1226345558511 ], [ 72.999583583174498, 19.122722545311198 ], [ 72.999642702201697, 19.122808474820399 ], [ 72.999741367762596, 19.122947666390399 ], [ 72.999796787527401, 19.123012259210501 ], [ 72.999873016765804, 19.123082385813401 ], [ 72.999926589594395, 19.123125771032399 ], [ 73.000053589816005, 19.123201500988198 ], [ 73.000056950413494, 19.123596254257802 ], [ 72.999875488929405, 19.1235793210267 ], [ 72.999711948835397, 19.1235803794068 ], [ 72.999681705254702, 19.123586729686799 ], [ 72.9995808756522, 19.123573895874099 ], [ 72.999557705406104, 19.1236794639481 ], [ 72.999621132753404, 19.123703119192701 ], [ 72.999581073281604, 19.123961749703199 ], [ 72.999487601779606, 19.124835413904499 ], [ 72.999461038596706, 19.125069428528398 ], [ 72.999511500559507, 19.125068727474599 ], [ 72.999537207648004, 19.125068370157901 ], [ 72.999505965140699, 19.125268206853001 ], [ 72.999498869348301, 19.1253420618268 ], [ 72.999508957428901, 19.125685800457202 ], [ 72.999508819986701, 19.125689484794901 ], [ 72.999589232679298, 19.125702039211099 ], [ 72.999690241944805, 19.125716566074999 ], [ 72.999827045481098, 19.125736241333399 ], [ 73.000128582972494, 19.125743153389799 ], [ 73.000686817649694, 19.125723664004099 ], [ 73.001187166686506, 19.125723462006299 ], [ 73.001208070483202, 19.125725628813999 ], [ 73.001485452276597, 19.1257576726114 ], [ 73.001706909451997, 19.125783256721199 ], [ 73.002535910728795, 19.1259653490293 ], [ 73.002616193165807, 19.125982983914401 ], [ 73.002638671709093, 19.125988602498101 ], [ 73.002701922986603, 19.125996935315602 ], [ 73.002770213812795, 19.126000030628699 ], [ 73.003488997194097, 19.125939425456199 ], [ 73.004028177705806, 19.1259071890325 ], [ 73.004646703711501, 19.1259024005032 ], [ 73.004772579242399, 19.125378784757 ], [ 73.004985844680704, 19.1244410684426 ], [ 73.005095305296393, 19.123974303402001 ], [ 73.005263143829097, 19.123251745714501 ], [ 73.005617038728602, 19.122085530946901 ], [ 73.005675811904297, 19.121909008101799 ], [ 73.005698044309298, 19.121832366844899 ], [ 73.005732612379802, 19.121746802639599 ], [ 73.005802768108495, 19.121542313922699 ], [ 73.005456124410003, 19.1214438595714 ], [ 73.003743347081993, 19.120961516513699 ], [ 73.003831736814305, 19.120710328290698 ], [ 73.0033397933136, 19.120572368079301 ], [ 73.002698624372897, 19.120417864626202 ], [ 73.002696294143007, 19.120448947811099 ], [ 73.002667039607502, 19.120839155782502 ], [ 73.002629781981, 19.1208393433573 ], [ 73.002466503296702, 19.120840165800999 ] ] ] ] } },
{ "type": "Feature", "id": 41, "properties": { "tessellate": -1, "extrude": 0, "visibility": -1, "objectid": 42.0, "townname": "Navi Mumbai", "towncensuscode2011": "400708", "town_lgd_code": 251472.0, "ward_lgd_code": 48562.0, "ward_lgd_name": "Navi Mumbai (M Corp.) - Ward No.31", "sourcewardcode": "31", "state": "Maharashtra" }, "geometry": { "type": "MultiPolygon", "coordinates": [ [ [ [ 72.995459996220106, 19.1249122133305 ], [ 72.9955128126673, 19.124916179465199 ], [ 72.996740277857995, 19.124886603623899 ], [ 72.9971398925139, 19.124924655772901 ], [ 72.997646179414701, 19.125042319134099 ], [ 72.998105840159099, 19.1251708427972 ], [ 72.998196038200106, 19.125213880336101 ], [ 72.998286643178005, 19.125273097248702 ], [ 72.998299622037194, 19.125286163482102 ], [ 72.998380595278604, 19.125367680798899 ], [ 72.9984282464129, 19.125416430250201 ], [ 72.998460926224595, 19.125437043392601 ], [ 72.998544538716303, 19.125473792612301 ], [ 72.998583389954007, 19.125491855310401 ], [ 72.998642922206201, 19.125509749109 ], [ 72.998773039581806, 19.125535452928201 ], [ 72.999183019897799, 19.125616441362901 ], [ 72.999418791727194, 19.125675428973999 ], [ 72.999508819986701, 19.125689484794901 ], [ 72.999508957428901, 19.125685800457202 ], [ 72.999498869348301, 19.1253420618268 ], [ 72.999505965140699, 19.125268206853001 ], [ 72.999537207648004, 19.125068370157901 ], [ 72.999511500559507, 19.125068727474599 ], [ 72.999461038596706, 19.125069428528398 ], [ 72.999487601779606, 19.124835413904499 ], [ 72.999581073281604, 19.123961749703199 ], [ 72.999621132753404, 19.123703119192701 ], [ 72.999557705406104, 19.1236794639481 ], [ 72.9995808756522, 19.123573895874099 ], [ 72.999681705254702, 19.123586729686799 ], [ 72.999711948835397, 19.1235803794068 ], [ 72.999875488929405, 19.1235793210267 ], [ 73.000056950413494, 19.123596254257802 ], [ 73.000053589816005, 19.123201500988198 ], [ 72.999926589594395, 19.123125771032399 ], [ 72.999873016765804, 19.123082385813401 ], [ 72.999796787527401, 19.123012259210501 ], [ 72.999741367762596, 19.122947666390399 ], [ 72.999642702201697, 19.122808474820399 ], [ 72.999583583174498, 19.122722545311198 ], [ 72.999537234597398, 19.1226345558511 ], [ 72.999032022081593, 19.121480369482502 ], [ 72.999010953893304, 19.121428753482999 ], [ 72.998817634647494, 19.120955126241299 ], [ 72.998182276908295, 19.119432361161198 ], [ 72.998111170762002, 19.119304964436001 ], [ 72.998078788292602, 19.119259949437399 ], [ 72.998053069525994, 19.1192260744461 ], [ 72.997828319126796, 19.118912715806498 ], [ 72.997154757835204, 19.118089820835898 ], [ 72.996684289459594, 19.1174970138992 ], [ 72.996397302879203, 19.117089802180999 ], [ 72.995991601238998, 19.116422535191798 ], [ 72.995765073972095, 19.116021344617302 ], [ 72.995263268766195, 19.1151409089039 ], [ 72.994657367683502, 19.1154938160815 ], [ 72.994189799069702, 19.115815352416199 ], [ 72.993838431131095, 19.116068921265899 ], [ 72.993251089242193, 19.116568625907099 ], [ 72.992972462383804, 19.116803485734799 ], [ 72.991846673906807, 19.116405641118401 ], [ 72.991711582559404, 19.116354584576499 ], [ 72.991562982346807, 19.116233324695799 ], [ 72.991529209285304, 19.116163121343 ], [ 72.9914954362239, 19.1159844226909 ], [ 72.991441399864598, 19.1157801950596 ], [ 72.991201298155502, 19.115374492492599 ], [ 72.990710035577806, 19.114786665832298 ], [ 72.990588899558304, 19.1146680428309 ], [ 72.990425537330694, 19.1145326264852 ], [ 72.9902018702996, 19.114436390934198 ], [ 72.990082600081095, 19.114424698879699 ], [ 72.989293443578703, 19.114484619059098 ], [ 72.9889636423935, 19.111721870908202 ], [ 72.988917620803207, 19.111418067454501 ], [ 72.988860850870495, 19.111252449690099 ], [ 72.988757855429895, 19.111083478130599 ], [ 72.988597844816496, 19.1109058248101 ], [ 72.988409021638702, 19.110772181086901 ], [ 72.988049915612294, 19.110597827596099 ], [ 72.986613902036794, 19.109922900198502 ], [ 72.985680844409103, 19.109484360497699 ], [ 72.9852421961575, 19.109419001005602 ], [ 72.984682720907003, 19.109480949116701 ], [ 72.984155644295498, 19.109603852158301 ], [ 72.982855770401301, 19.110103892096699 ], [ 72.982376862353604, 19.110408800567299 ], [ 72.982022727604004, 19.110701087562902 ], [ 72.981362506294403, 19.111502389265901 ], [ 72.981155498520295, 19.1118858041811 ], [ 72.980954837343702, 19.1125173915954 ], [ 72.980828467739499, 19.113227984074499 ], [ 72.980531045430396, 19.116289893242499 ], [ 72.980700517100303, 19.117232869823798 ], [ 72.980383985828496, 19.117978456337699 ], [ 72.990576024005307, 19.120708655393098 ], [ 72.993626102635602, 19.1215438017841 ], [ 72.993830708314604, 19.121991651677298 ], [ 72.994326622368902, 19.122792918173101 ], [ 72.994507352624296, 19.123096120181199 ], [ 72.994266487347204, 19.123651060844999 ], [ 72.994373360814805, 19.123887827062099 ], [ 72.994440447000301, 19.124001143921301 ], [ 72.994657308394693, 19.124043459488401 ], [ 72.994671716473505, 19.1242931132203 ], [ 72.994670660054695, 19.124448793642799 ], [ 72.994616549135301, 19.1246621166454 ], [ 72.994999924047406, 19.124802937922102 ], [ 72.995029807403597, 19.124810253166601 ], [ 72.995236135152993, 19.124860758813799 ], [ 72.995421310272405, 19.124906087167201 ], [ 72.995459996220106, 19.1249122133305 ] ] ] ] } },
{ "type": "Feature", "id": 42, "properties": { "tessellate": -1, "extrude": 0, "visibility": -1, "objectid": 62.0, "townname": "Navi Mumbai", "towncensuscode2011": "400708", "town_lgd_code": 251472.0, "ward_lgd_code": 48593.0, "ward_lgd_name": "Navi Mumbai (M Corp.) - Ward No.62", "sourcewardcode": "62", "state": "Maharashtra" }, "geometry": { "type": "MultiPolygon", "coordinates": [ [ [ [ 72.999275542778705, 19.081150268733001 ], [ 72.999894448771897, 19.080744768202901 ], [ 73.000045627149305, 19.080944790035399 ], [ 73.000833434382102, 19.0804336237819 ], [ 73.000585985352302, 19.080073622590302 ], [ 73.000727650570894, 19.079993439597601 ], [ 73.000695151320599, 19.079937624408 ], [ 73.001014089178994, 19.079753096685099 ], [ 73.001044021044294, 19.079789769459701 ], [ 73.001051908252506, 19.0797994323868 ], [ 73.001252571225706, 19.079676575128701 ], [ 73.001315526059102, 19.079641472067902 ], [ 73.001849689479897, 19.080395524043698 ], [ 73.002434245693195, 19.080017704703099 ], [ 73.002011644945796, 19.0794473540792 ], [ 73.001925438119599, 19.0793200522121 ], [ 73.001761572835406, 19.079039211632001 ], [ 73.002438721099907, 19.078805293194598 ], [ 73.002678847961903, 19.0787515983343 ], [ 73.002962594319101, 19.078687147839101 ], [ 73.003055591510602, 19.0786616489831 ], [ 73.003015947958801, 19.0784868100097 ], [ 73.002913424133695, 19.0776574043865 ], [ 73.002716577203799, 19.075746655196799 ], [ 73.002579201440696, 19.074041966632102 ], [ 73.002461281389998, 19.074052477191501 ], [ 73.000430546265406, 19.074221399109899 ], [ 72.997943465179901, 19.0744370443497 ], [ 72.997813278633998, 19.0744400039396 ], [ 72.997919386736996, 19.075616481758701 ], [ 72.998070378264998, 19.077309668295801 ], [ 72.998170697624303, 19.0784101392981 ], [ 72.998173220093605, 19.078419784477301 ], [ 72.9982124387423, 19.078834109805499 ], [ 72.9982523176527, 19.079108996912598 ], [ 72.998335897805006, 19.079463027715299 ], [ 72.998404709654096, 19.079678306170901 ], [ 72.998577976706102, 19.080096290782599 ], [ 72.998663188199004, 19.080262843025199 ], [ 72.998698678839304, 19.080330456992101 ], [ 72.998845912714302, 19.080562575174898 ], [ 72.999073700317496, 19.080882231027601 ], [ 72.9991686486498, 19.081009577538001 ], [ 72.999275542778705, 19.081150268733001 ] ] ] ] } },
{ "type": "Feature", "id": 43, "properties": { "tessellate": -1, "extrude": 0, "visibility": -1, "objectid": 43.0, "townname": "Navi Mumbai", "towncensuscode2011": "400708", "town_lgd_code": 251472.0, "ward_lgd_code": 48559.0, "ward_lgd_name": "Navi Mumbai (M Corp.) - Ward No.28", "sourcewardcode": "28", "state": "Maharashtra" }, "geometry": { "type": "MultiPolygon", "coordinates": [ [ [ [ 72.999071272171307, 19.126080492624201 ], [ 72.998980227917301, 19.1264577255509 ], [ 72.998919346395596, 19.126709982069102 ], [ 72.998116670248194, 19.126803116024099 ], [ 72.998144504547199, 19.127159882053501 ], [ 72.998387220353905, 19.1271745878696 ], [ 72.998448700153602, 19.127183256721398 ], [ 72.998493204489407, 19.127193227513001 ], [ 72.9985051341164, 19.1271966945442 ], [ 72.998522568619407, 19.127201029818298 ], [ 72.998545967935897, 19.127210999760099 ], [ 72.998570284432304, 19.127221837095501 ], [ 72.998590472271701, 19.1272365751575 ], [ 72.998600115686301, 19.1272457863395 ], [ 72.998655739368701, 19.1272989154904 ], [ 72.999014599256697, 19.127774458780301 ], [ 72.998411705733503, 19.128061283272601 ], [ 72.997966927378499, 19.128260230287101 ], [ 72.997868478311602, 19.129136107266401 ], [ 72.9973130814125, 19.129739915855399 ], [ 72.997119974169095, 19.129949854166998 ], [ 72.996695249804404, 19.130493607938099 ], [ 72.996152821883001, 19.1306395376902 ], [ 72.995683082939493, 19.130784362300801 ], [ 72.995521864990394, 19.130842969544702 ], [ 72.995533603276201, 19.130872942361702 ], [ 72.995543374251596, 19.130903856385199 ], [ 72.995550219414, 19.1309408360848 ], [ 72.995553120074106, 19.130977369358298 ], [ 72.995550109819604, 19.131014394871301 ], [ 72.995503821429594, 19.131636887507 ], [ 72.995474737574, 19.131979526705901 ], [ 72.995978958349696, 19.1321169282851 ], [ 72.996241286175604, 19.132200979834401 ], [ 72.996508924841507, 19.132298175099798 ], [ 72.996600193674297, 19.132319984893702 ], [ 72.996713059803298, 19.132338348979001 ], [ 72.996784132711895, 19.1323465940605 ], [ 72.996830448949595, 19.1323406022669 ], [ 72.997150388429603, 19.132216795297001 ], [ 72.997360963413698, 19.132135624233499 ], [ 72.997601852046998, 19.1320831925701 ], [ 72.9977657802133, 19.1320724226007 ], [ 72.998176715438404, 19.1320600087037 ], [ 72.998448197995302, 19.1320544599198 ], [ 72.998685671233901, 19.132082318411801 ], [ 72.998969760747599, 19.132130719613201 ], [ 72.999183301968699, 19.132190378763401 ], [ 72.999267616044705, 19.132214698167601 ], [ 72.999293447998994, 19.1322200339233 ], [ 72.999320791817894, 19.132219251424999 ], [ 72.999360259299905, 19.132212057872302 ], [ 72.999543515617901, 19.132134462367301 ], [ 72.999729060843194, 19.132037530950502 ], [ 72.999836498452893, 19.131992404846599 ], [ 73.000217208961899, 19.13188548247 ], [ 73.000488364532103, 19.131811154301602 ], [ 73.0003060173091, 19.131159345609898 ], [ 73.000081952324507, 19.130354957410301 ], [ 72.999879468466204, 19.1296278344104 ], [ 73.000323979123294, 19.129493048184202 ], [ 73.000276679230296, 19.129007810748298 ], [ 73.000252183070799, 19.128701677943798 ], [ 73.000253828784395, 19.128661565136301 ], [ 73.000253820699598, 19.128585742626999 ], [ 73.000307969348299, 19.128287301809799 ], [ 73.000316870754403, 19.128256424640199 ], [ 73.000330315839307, 19.128219128616799 ], [ 73.000349035831505, 19.128150521701102 ], [ 73.0004222161878, 19.1278767616948 ], [ 73.000422068864097, 19.127837393862301 ], [ 73.000413241119801, 19.127779392386401 ], [ 73.000260526623194, 19.127536556603498 ], [ 73.000244312930604, 19.127485670698501 ], [ 73.000227548570805, 19.127311763442101 ], [ 73.000241158945599, 19.127297622886999 ], [ 73.000262346609901, 19.127292522916999 ], [ 73.000274981414407, 19.127294955353999 ], [ 73.000290229418098, 19.127302396947702 ], [ 73.000500416329899, 19.127459886554199 ], [ 73.000518424856395, 19.127469376953002 ], [ 73.000537754804697, 19.127474176470301 ], [ 73.000552707262599, 19.127473343026299 ], [ 73.000865634493493, 19.127463261917899 ], [ 73.000982754145298, 19.127162671804701 ], [ 73.000997274513594, 19.127125405239799 ], [ 73.001038188283104, 19.1271310025665 ], [ 73.001073789416196, 19.126918889636901 ], [ 73.000979717839598, 19.126708024909401 ], [ 73.001065570729693, 19.126443284473499 ], [ 73.001283903564499, 19.126440815528699 ], [ 73.001187166686506, 19.125723462006299 ], [ 73.000686817649694, 19.125723664004099 ], [ 73.000128582972494, 19.125743153389799 ], [ 72.999827045481098, 19.125736241333399 ], [ 72.999690241944805, 19.125716566074999 ], [ 72.999589232679298, 19.125702039211099 ], [ 72.999418791727194, 19.125675428973999 ], [ 72.999183019897799, 19.125616441362901 ], [ 72.999176738877296, 19.125636843146399 ], [ 72.999071272171307, 19.126080492624201 ] ] ] ] } },
{ "type": "Feature", "id": 44, "properties": { "tessellate": -1, "extrude": 0, "visibility": -1, "objectid": 44.0, "townname": "Navi Mumbai", "towncensuscode2011": "400708", "town_lgd_code": 251472.0, "ward_lgd_code": 48552.0, "ward_lgd_name": "Navi Mumbai (M Corp.) - Ward No.21", "sourcewardcode": "21", "state": "Maharashtra" }, "geometry": { "type": "MultiPolygon", "coordinates": [ [ [ [ 72.999140565517393, 19.1461299360776 ], [ 72.999262798379803, 19.146128755640099 ], [ 72.9994187108788, 19.146139189485599 ], [ 72.999671383612096, 19.146172298589299 ], [ 72.999802260064101, 19.146195352331599 ], [ 73.000656945073203, 19.146373909677401 ], [ 73.000668572866203, 19.146348923643199 ], [ 73.000936709198797, 19.1457327620735 ], [ 73.001242682571103, 19.1450670984376 ], [ 73.0015713285228, 19.144454742447699 ], [ 73.0015826383122, 19.1444325515229 ], [ 73.001707436763098, 19.144189056229301 ], [ 73.000754383535494, 19.143684873711699 ], [ 73.000605864171206, 19.143894996269299 ], [ 73.000136882507505, 19.143590784375899 ], [ 73.000366212518003, 19.143254233653 ], [ 72.999758651348699, 19.1428807493558 ], [ 72.999750250304103, 19.1427494830839 ], [ 72.9997193904792, 19.142748951833699 ], [ 72.999287460727601, 19.142741519422501 ], [ 72.999292858704194, 19.142371984405202 ], [ 72.999006597064195, 19.142210002713298 ], [ 72.998970742606204, 19.142189714149598 ], [ 72.9989300588053, 19.142166692945001 ], [ 72.998880964078396, 19.1421389133811 ], [ 72.996988157180894, 19.1420333358897 ], [ 72.996550615653803, 19.1419890382506 ], [ 72.9954348263242, 19.141832575784498 ], [ 72.994971048600902, 19.1417468997345 ], [ 72.994987475194193, 19.1430015101942 ], [ 72.995053556164805, 19.144555179067599 ], [ 72.993956816509098, 19.1446145901708 ], [ 72.994032959509298, 19.146405471693001 ], [ 72.993177903496004, 19.146427082742701 ], [ 72.993186012588097, 19.1473015743024 ], [ 72.993490921456697, 19.147354297300801 ], [ 72.9935627193058, 19.1473636524744 ], [ 72.9936035701934, 19.147365991267701 ], [ 72.993638230790296, 19.1473636524744 ], [ 72.993711266517806, 19.147351958507301 ], [ 72.993749641648407, 19.147339095142598 ], [ 72.993901902495793, 19.147280624441599 ], [ 72.993942753383394, 19.147270099865999 ], [ 72.993992269420104, 19.147256067097501 ], [ 72.994044260315505, 19.147249050712698 ], [ 72.994099965744596, 19.1472443731227 ], [ 72.994133389361394, 19.147246711917798 ], [ 72.994456480131404, 19.147333248158301 ], [ 72.994502281634496, 19.147355466697501 ], [ 72.994551797671306, 19.147394057633502 ], [ 72.994575317362006, 19.147416276164599 ], [ 72.994603789465003, 19.147453697690299 ], [ 72.994612454614199, 19.147474746817501 ], [ 72.994614930371199, 19.147502813164799 ], [ 72.994606265221904, 19.1475297092632 ], [ 72.994576556138796, 19.1475905186661 ], [ 72.994546846157405, 19.1476326177314 ], [ 72.994527040102099, 19.147652497441101 ], [ 72.994476286186796, 19.1476782249694 ], [ 72.994435435299295, 19.147694596490599 ], [ 72.994374778356303, 19.1477133067987 ], [ 72.993733824112894, 19.147807173143899 ], [ 72.993563327465296, 19.148166158744001 ], [ 72.993541270231802, 19.1482170357299 ], [ 72.995234568491199, 19.148153645072 ], [ 72.995231790900306, 19.148068789519701 ], [ 72.995148539531399, 19.146382053920401 ], [ 72.996491832596504, 19.1463334727455 ], [ 72.996508237630195, 19.1467996509895 ], [ 72.996937899135702, 19.146782451124601 ], [ 72.997289712638604, 19.146770393906198 ], [ 72.997622397415896, 19.1458988111685 ], [ 72.997680423193401, 19.145736187981299 ], [ 72.997695897572399, 19.145708779868301 ], [ 72.997713305125998, 19.145686853035201 ], [ 72.997736515796305, 19.145672234578999 ], [ 72.997773265874599, 19.145663099104102 ], [ 72.997829357579306, 19.145659444065299 ], [ 72.998800017786493, 19.1456543675753 ], [ 72.998832888040994, 19.146091013033502 ], [ 72.998836252231797, 19.146135707576899 ], [ 72.999140565517393, 19.1461299360776 ] ] ] ] } },
{ "type": "Feature", "id": 45, "properties": { "tessellate": -1, "extrude": 0, "visibility": -1, "objectid": 45.0, "townname": "Navi Mumbai", "towncensuscode2011": "400708", "town_lgd_code": 251472.0, "ward_lgd_code": 48169.0, "ward_lgd_name": "Navi Mumbai (M Corp.) - Ward No.2", "sourcewardcode": "2", "state": "Maharashtra" }, "geometry": { "type": "MultiPolygon", "coordinates": [ [ [ [ 72.994768542284703, 19.190461063375899 ], [ 72.994681794672701, 19.1904707944881 ], [ 72.994532275483607, 19.190481270492 ], [ 72.994443202133198, 19.190487091342298 ], [ 72.994246614816404, 19.1904831624169 ], [ 72.993961071828707, 19.190445289980001 ], [ 72.993850063415707, 19.190433798442498 ], [ 72.993890573841796, 19.190649761161001 ], [ 72.993884479670896, 19.190757386936401 ], [ 72.993883158249105, 19.1907807237463 ], [ 72.993909550752207, 19.190782867641101 ], [ 72.993972088767293, 19.1907879486801 ], [ 72.993976705209505, 19.1908099289018 ], [ 72.994064844311893, 19.191229566642601 ], [ 72.9940974342922, 19.191225507930799 ], [ 72.994412917229994, 19.191186217151301 ], [ 72.994632140295394, 19.1913117911689 ], [ 72.994654508345903, 19.1913246035922 ], [ 72.994811903963495, 19.191414761384699 ], [ 72.995066809908494, 19.191367232762101 ], [ 72.995078986572196, 19.1914097448429 ], [ 72.995221900449096, 19.191908698699098 ], [ 72.995391768275994, 19.191912418886702 ], [ 72.995548047287699, 19.191905830294399 ], [ 72.995554673261196, 19.191943919582901 ], [ 72.995604840576604, 19.191934313270998 ], [ 72.995610715558499, 19.191961316652101 ], [ 72.995751719617104, 19.191940971430199 ], [ 72.995757986264493, 19.1919775929974 ], [ 72.996320778993393, 19.191959814154799 ], [ 72.996322614251497, 19.191845950955798 ], [ 72.996465821877507, 19.19185057468 ], [ 72.9964762261651, 19.191920510824801 ], [ 72.9968592731922, 19.191892337508001 ], [ 72.996952907289099, 19.1918876832429 ], [ 72.997093222339899, 19.191894586588599 ], [ 72.997276935900302, 19.191909916986301 ], [ 72.997524189995801, 19.191936433395899 ], [ 72.997664958695694, 19.190923751246199 ], [ 72.998757911952495, 19.1911088827028 ], [ 72.998610657416194, 19.1910692338733 ], [ 72.998389552380303, 19.1909967004324 ], [ 72.998264759319397, 19.1909473943028 ], [ 72.998089570771, 19.1908692520703 ], [ 72.997942006315895, 19.190788855614599 ], [ 72.997864927271195, 19.190746235627199 ], [ 72.9976997648197, 19.190637133635601 ], [ 72.997512182215402, 19.1904936901723 ], [ 72.997375363407699, 19.190372519561301 ], [ 72.997262526923194, 19.190246987247001 ], [ 72.997213698097596, 19.190184164211299 ], [ 72.997145270727501, 19.1900844833165 ], [ 72.997092235989697, 19.1899948762549 ], [ 72.996948668139297, 19.1897134382106 ], [ 72.996914954366702, 19.189625731365801 ], [ 72.996902022219899, 19.189578685815501 ], [ 72.996879983851002, 19.189387853918898 ], [ 72.996878100083904, 19.189290453897499 ], [ 72.996892791131998, 19.188956077600501 ], [ 72.996913376026797, 19.188274441588401 ], [ 72.9969307898685, 19.1881002174852 ], [ 72.997017973163494, 19.187530380853001 ], [ 72.997084252661793, 19.1870135079363 ], [ 72.9970914472689, 19.1868651659588 ], [ 72.997082416505407, 19.186725017002601 ], [ 72.997071669061299, 19.186650310549801 ], [ 72.997043093652096, 19.186528559338001 ], [ 72.997005085034104, 19.186401254293202 ], [ 72.996902266561605, 19.186052331065302 ], [ 72.996841779400299, 19.185851499838101 ], [ 72.997028133109396, 19.185802902295901 ], [ 72.9975038153068, 19.185691877899 ], [ 72.997501380872393, 19.1856338780999 ], [ 72.997837955354797, 19.185619816356802 ], [ 72.998054468202994, 19.184761479311799 ], [ 72.997740242906403, 19.184134083858801 ], [ 72.996905708007503, 19.183490284113201 ], [ 72.997970543097495, 19.182959626709501 ], [ 73.000151922101907, 19.183002000969299 ], [ 73.000611122908893, 19.183010921418202 ], [ 73.004271131565901, 19.183205067902399 ], [ 73.004403234218401, 19.182663620005702 ], [ 73.004543697491101, 19.182091308326001 ], [ 73.004396864264706, 19.180999186764598 ], [ 73.0044834007726, 19.179693187860899 ], [ 73.004534786203493, 19.1790960782354 ], [ 73.004550521094004, 19.178981710642699 ], [ 73.004514659449598, 19.1789790218855 ], [ 73.003416020755395, 19.178863025174699 ], [ 73.003352686832898, 19.179186693253101 ], [ 73.003303909211297, 19.179429187449301 ], [ 73.002083628746206, 19.179231702087201 ], [ 73.002055718090304, 19.179400724369302 ], [ 73.002043941176893, 19.179472047084399 ], [ 73.000234639871607, 19.179992425713401 ], [ 72.998829035166807, 19.1803941751796 ], [ 72.998367347823105, 19.1805211819721 ], [ 72.997886183207498, 19.1806381108075 ], [ 72.997767101635105, 19.180673049023898 ], [ 72.997226189171599, 19.180892324151699 ], [ 72.996638098986097, 19.181123533215501 ], [ 72.996452587896698, 19.181177722541101 ], [ 72.996352181400795, 19.181198495012101 ], [ 72.996197716986003, 19.1812186930837 ], [ 72.996125813135706, 19.181226508954399 ], [ 72.996085817444296, 19.1821112229091 ], [ 72.996071479434093, 19.182163584370599 ], [ 72.996058871579095, 19.182195719019301 ], [ 72.996026477431599, 19.182254375872901 ], [ 72.995882820648006, 19.1824675876539 ], [ 72.995842276984305, 19.182513816493401 ], [ 72.995583200161406, 19.182760486886799 ], [ 72.9950147848771, 19.1832559731033 ], [ 72.9951938110284, 19.183868491273401 ], [ 72.995495625201002, 19.1850298728044 ], [ 72.995761581322299, 19.1859852202114 ], [ 72.996072360681296, 19.1871014308215 ], [ 72.996375669650504, 19.188241622612001 ], [ 72.996399575616806, 19.1884123689434 ], [ 72.996408540803401, 19.188602870243699 ], [ 72.996402564311794, 19.188743982238801 ], [ 72.996368199260601, 19.188959883543699 ], [ 72.996294986564905, 19.1892082402392 ], [ 72.996223267767604, 19.189383218248 ], [ 72.996033513036906, 19.189692251945601 ], [ 72.995873640764103, 19.1898813408759 ], [ 72.995755604830705, 19.189994229774701 ], [ 72.995597226456198, 19.190121229162902 ], [ 72.995458272353105, 19.190205895933001 ], [ 72.995273000215704, 19.1903004397061 ], [ 72.995140021705893, 19.1903554735607 ], [ 72.995044765251393, 19.190390270578199 ], [ 72.994895094246999, 19.190432715887901 ], [ 72.994768542284703, 19.190461063375899 ] ] ] ] } },
{ "type": "Feature", "id": 46, "properties": { "tessellate": -1, "extrude": 0, "visibility": -1, "objectid": 46.0, "townname": "Navi Mumbai", "towncensuscode2011": "400708", "town_lgd_code": 251472.0, "ward_lgd_code": 48171.0, "ward_lgd_name": "Navi Mumbai (M Corp.) - Ward No.4", "sourcewardcode": "4", "state": "Maharashtra" }, "geometry": { "type": "MultiPolygon", "coordinates": [ [ [ [ 72.996197716986003, 19.1812186930837 ], [ 72.996352181400795, 19.181198495012101 ], [ 72.996452587896698, 19.181177722541101 ], [ 72.996638098986097, 19.181123533215501 ], [ 72.997226189171599, 19.180892324151699 ], [ 72.997767101635105, 19.180673049023898 ], [ 72.997886183207498, 19.1806381108075 ], [ 72.998367347823105, 19.1805211819721 ], [ 72.998829035166807, 19.1803941751796 ], [ 73.000234639871607, 19.179992425713401 ], [ 73.002043941176893, 19.179472047084399 ], [ 73.002055718090304, 19.179400724369302 ], [ 73.002083628746206, 19.179231702087201 ], [ 73.003303909211297, 19.179429187449301 ], [ 73.003352686832898, 19.179186693253101 ], [ 73.003416020755395, 19.178863025174699 ], [ 73.004514659449598, 19.1789790218855 ], [ 73.004550521094004, 19.178981710642699 ], [ 73.004609646409406, 19.1785393293097 ], [ 73.004727324813302, 19.178555631587098 ], [ 73.004750608247093, 19.177781665315401 ], [ 73.006162115781706, 19.177810692053999 ], [ 73.016826483643399, 19.177856902685999 ], [ 73.016810464885296, 19.1777256880106 ], [ 73.016674232677502, 19.1771884958216 ], [ 73.016525488734501, 19.1767928661681 ], [ 73.016372682609699, 19.176213564755599 ], [ 73.016244413068605, 19.175709929833101 ], [ 73.016149462939694, 19.1753475551461 ], [ 73.0153755167117, 19.175267868922798 ], [ 73.011861696290694, 19.1748354039544 ], [ 73.0112727257562, 19.174762170156999 ], [ 73.010562829407903, 19.174673899596499 ], [ 73.010231033962796, 19.174354279234301 ], [ 73.009324861114905, 19.173481355734999 ], [ 73.009136217600201, 19.173649727190501 ], [ 73.008934449699197, 19.173575664745801 ], [ 73.008892375306203, 19.173562117003101 ], [ 73.008854125041395, 19.1735467628367 ], [ 73.008804400595494, 19.173525085765199 ], [ 73.008570692196201, 19.173391110912601 ], [ 73.008334884434106, 19.173255931950202 ], [ 73.007772934325004, 19.172919322123299 ], [ 73.007646251208698, 19.172848880695501 ], [ 73.007621048973405, 19.172881588193299 ], [ 73.007612498808498, 19.1728890913678 ], [ 73.007604106747095, 19.172893869200301 ], [ 73.007591671368701, 19.172897766302899 ], [ 73.007581727916801, 19.1728995269142 ], [ 73.007563012416199, 19.172900406795598 ], [ 73.007546020782598, 19.172899709338999 ], [ 73.007470132904004, 19.172892194286199 ], [ 73.007449936979697, 19.172891616466298 ], [ 73.007429741055503, 19.172893350774501 ], [ 73.007385065141506, 19.1729095356709 ], [ 73.007341613631198, 19.172929767849698 ], [ 73.007284086418807, 19.172945952742399 ], [ 73.007251650050506, 19.172952889973001 ], [ 73.007211258202005, 19.172958092047299 ], [ 73.0071329224143, 19.172962716301701 ], [ 73.007020315898501, 19.172962138482099 ], [ 73.006955444060296, 19.1729563577397 ], [ 73.006859360257494, 19.172951155665402 ], [ 73.006747557733803, 19.1729594496266 ], [ 73.0065942566373, 19.1729877848495 ], [ 73.006548808172198, 19.1730042565251 ], [ 73.006501774180506, 19.173027218274001 ], [ 73.006410036427098, 19.173093304345102 ], [ 73.005817475326296, 19.173630259583899 ], [ 73.005085820883593, 19.174355002139102 ], [ 73.004987635921395, 19.174339106716399 ], [ 73.005031082940107, 19.174096166363 ], [ 73.004364983055197, 19.174032730501999 ], [ 73.004200679393094, 19.174007071569999 ], [ 73.002870526883996, 19.173797359011601 ], [ 73.002850181839406, 19.173344887149302 ], [ 73.002823725555999, 19.173152134985401 ], [ 73.002739136595594, 19.172821908968601 ], [ 73.0026845414842, 19.1727038571264 ], [ 73.002617401399803, 19.1727165725727 ], [ 73.002561978041697, 19.172723314660601 ], [ 73.002541067058502, 19.1727248767275 ], [ 73.002493892929706, 19.1727235352676 ], [ 73.002459380554797, 19.172719396341702 ], [ 73.000946770330003, 19.172485106496499 ], [ 72.999374900940694, 19.172227730581302 ], [ 72.999296071079598, 19.172213699087902 ], [ 72.999289950857602, 19.1725547598333 ], [ 72.999281692645198, 19.172691206164199 ], [ 72.999266933325103, 19.172775422014301 ], [ 72.999253595139706, 19.1728292093572 ], [ 72.9992041069507, 19.172997729964301 ], [ 72.999137702586594, 19.173188824367301 ], [ 72.998321372945199, 19.175011791280902 ], [ 72.998043329991702, 19.1758281857004 ], [ 72.997965714652906, 19.176009765457199 ], [ 72.997858379451102, 19.176298908118699 ], [ 72.997794523607496, 19.176499722994599 ], [ 72.9977846151899, 19.176539830959602 ], [ 72.997375167575001, 19.177615827350898 ], [ 72.997039044945097, 19.178391041636601 ], [ 72.996696411326099, 19.179174920091299 ], [ 72.996523051747602, 19.179633155601898 ], [ 72.996347850622797, 19.180353803436901 ], [ 72.996125813135706, 19.181226508954399 ], [ 72.996197716986003, 19.1812186930837 ] ] ] ] } },
{ "type": "Feature", "id": 47, "properties": { "tessellate": -1, "extrude": 0, "visibility": -1, "objectid": 47.0, "townname": "Navi Mumbai", "towncensuscode2011": "400708", "town_lgd_code": 251472.0, "ward_lgd_code": 48172.0, "ward_lgd_name": "Navi Mumbai (M Corp.) - Ward No.5", "sourcewardcode": "5", "state": "Maharashtra" }, "geometry": { "type": "MultiPolygon", "coordinates": [ [ [ [ 73.016067931844503, 19.173661454080602 ], [ 73.016177618835599, 19.173180015386698 ], [ 73.016447965922097, 19.1726355427678 ], [ 73.016823397032098, 19.172126881476299 ], [ 73.016936714115303, 19.171845793023799 ], [ 73.017008052026995, 19.171480283984302 ], [ 73.016986888617197, 19.170952913154601 ], [ 73.009584879372198, 19.171006451634199 ], [ 73.009276591041399, 19.1714375741509 ], [ 73.008452381378305, 19.1714917081162 ], [ 73.008078614846497, 19.171072111721799 ], [ 73.007760035415899, 19.171035166471 ], [ 73.006964972490493, 19.170970057043501 ], [ 73.006082767592702, 19.1709054040819 ], [ 73.005498662333693, 19.170793992910902 ], [ 73.004933860971803, 19.171002014842699 ], [ 73.004493631685406, 19.1711510880858 ], [ 73.004101754219107, 19.1715990927113 ], [ 73.004003215320594, 19.1716967730158 ], [ 73.004182781359404, 19.171940739339899 ], [ 73.003932282549201, 19.172145005250499 ], [ 73.003834201791506, 19.172212434836499 ], [ 73.003718185270898, 19.172275462425802 ], [ 73.002942111832297, 19.172626512301999 ], [ 73.002836329817697, 19.1726663853301 ], [ 73.002731500017305, 19.172694962422501 ], [ 73.0026845414842, 19.1727038571264 ], [ 73.002739136595594, 19.172821908968601 ], [ 73.002823725555999, 19.173152134985401 ], [ 73.002850181839406, 19.173344887149302 ], [ 73.002870526883996, 19.173797359011601 ], [ 73.004200679393094, 19.174007071569999 ], [ 73.004364983055197, 19.174032730501999 ], [ 73.005031082940107, 19.174096166363 ], [ 73.004987635921395, 19.174339106716399 ], [ 73.005085820883593, 19.174355002139102 ], [ 73.005817475326296, 19.173630259583899 ], [ 73.006410036427098, 19.173093304345102 ], [ 73.006501774180506, 19.173027218274001 ], [ 73.006548808172198, 19.1730042565251 ], [ 73.0065942566373, 19.1729877848495 ], [ 73.006747557733803, 19.1729594496266 ], [ 73.006859360257494, 19.172951155665402 ], [ 73.006955444060296, 19.1729563577397 ], [ 73.007020315898501, 19.172962138482099 ], [ 73.0071329224143, 19.172962716301701 ], [ 73.007211258202005, 19.172958092047299 ], [ 73.007251650050506, 19.172952889973001 ], [ 73.007284086418807, 19.172945952742399 ], [ 73.007341613631198, 19.172929767849698 ], [ 73.007385065141506, 19.1729095356709 ], [ 73.007429741055503, 19.172893350774501 ], [ 73.007449936979697, 19.172891616466298 ], [ 73.007470132904004, 19.172892194286199 ], [ 73.007546020782598, 19.172899709338999 ], [ 73.007563012416199, 19.172900406795598 ], [ 73.007581727916801, 19.1728995269142 ], [ 73.007591671368701, 19.172897766302899 ], [ 73.007604106747095, 19.172893869200301 ], [ 73.007612498808498, 19.1728890913678 ], [ 73.007621048973405, 19.172881588193299 ], [ 73.007646251208698, 19.172848880695501 ], [ 73.007772934325004, 19.172919322123299 ], [ 73.008334884434106, 19.173255931950202 ], [ 73.008570692196201, 19.173391110912601 ], [ 73.008804400595494, 19.173525085765199 ], [ 73.008854125041395, 19.1735467628367 ], [ 73.008892375306203, 19.173562117003101 ], [ 73.008934449699197, 19.173575664745801 ], [ 73.009136217600201, 19.173649727190501 ], [ 73.009324861114905, 19.173481355734999 ], [ 73.010231033962796, 19.174354279234301 ], [ 73.010562829407903, 19.174673899596499 ], [ 73.0112727257562, 19.174762170156999 ], [ 73.011861696290694, 19.1748354039544 ], [ 73.0153755167117, 19.175267868922798 ], [ 73.016149462939694, 19.1753475551461 ], [ 73.016035434390801, 19.1749123684728 ], [ 73.015974332781795, 19.174543797287299 ], [ 73.016067931844503, 19.173661454080602 ] ] ] ] } },
{ "type": "Feature", "id": 48, "properties": { "tessellate": -1, "extrude": 0, "visibility": -1, "objectid": 48.0, "townname": "Navi Mumbai", "towncensuscode2011": "400708", "town_lgd_code": 251472.0, "ward_lgd_code": 48570.0, "ward_lgd_name": "Navi Mumbai (M Corp.) - Ward No.39", "sourcewardcode": "39", "state": "Maharashtra" }, "geometry": { "type": "MultiPolygon", "coordinates": [ [ [ [ 72.999511539186997, 19.107078591976201 ], [ 72.999358034173, 19.1071898916659 ], [ 72.999241315169797, 19.1072511632497 ], [ 72.999166745119695, 19.1072848624414 ], [ 72.999104062475894, 19.1073042648746 ], [ 72.999027330180894, 19.1073318372408 ], [ 72.998934386888294, 19.107353281939801 ], [ 72.997652066973103, 19.107643910642999 ], [ 72.997529688583597, 19.107672244346499 ], [ 72.997310811369701, 19.107727167408999 ], [ 72.997238293071803, 19.107522790371799 ], [ 72.996706460779194, 19.107696969700601 ], [ 72.996634930628005, 19.107472857476001 ], [ 72.994062365860103, 19.108041470766299 ], [ 72.992183408289307, 19.108361235677599 ], [ 72.987567114266199, 19.109535637306202 ], [ 72.986613902036794, 19.109922900198502 ], [ 72.988049915612294, 19.110597827596099 ], [ 72.988409021638702, 19.110772181086901 ], [ 72.9898590165934, 19.1114761816217 ], [ 72.990238065219103, 19.111618926484599 ], [ 72.990602275472895, 19.111697224245699 ], [ 72.990828231411299, 19.111700100835701 ], [ 72.990998861907897, 19.111671514879198 ], [ 72.991584538320296, 19.111500498132699 ], [ 72.993156426574103, 19.110201253144599 ], [ 72.993366392500505, 19.110075017268802 ], [ 72.997504865437406, 19.109346797499899 ], [ 72.997840829963707, 19.109284373153699 ], [ 72.997868332784506, 19.1092815983794 ], [ 72.997900444861003, 19.109455204604298 ], [ 72.997913102123306, 19.109488907591 ], [ 72.997942887563198, 19.109536797633702 ], [ 72.997982855406804, 19.109571155038399 ], [ 72.998018911087399, 19.1095873359587 ], [ 72.998088744320896, 19.109610659636601 ], [ 72.998509687676503, 19.109709555627301 ], [ 72.998968203967195, 19.109829403626001 ], [ 72.999536559962706, 19.1099774702571 ], [ 72.999864264479996, 19.110066805877299 ], [ 73.000367219529494, 19.110201495904199 ], [ 73.001459691289199, 19.110512205798301 ], [ 73.002521224172199, 19.107021411669901 ], [ 73.003303107015697, 19.104516075052199 ], [ 73.003315695107801, 19.1044755277116 ], [ 73.002907746781105, 19.1043922625181 ], [ 73.002787913318897, 19.104480468803899 ], [ 73.002509058288396, 19.104655337197698 ], [ 73.002369541839897, 19.104745570367701 ], [ 73.002221660279503, 19.104854965987901 ], [ 73.001930976233297, 19.105121971738999 ], [ 73.001854660756706, 19.105183176181999 ], [ 73.001625769124004, 19.105307730005698 ], [ 73.001174337845896, 19.105493428645499 ], [ 73.000972093837802, 19.1055691615855 ], [ 73.001017490200695, 19.105924609372401 ], [ 73.000898147218606, 19.105948617725002 ], [ 73.000924899047703, 19.106128832199701 ], [ 73.000972635521904, 19.106483076842299 ], [ 73.000318679961396, 19.106552634951299 ], [ 73.000099416471897, 19.106591471393799 ], [ 72.999974052082393, 19.106572068877 ], [ 72.999775124654306, 19.106509333660998 ], [ 72.999653481086796, 19.106470970845699 ], [ 72.999595382545806, 19.106661298535599 ], [ 72.999545416453003, 19.106875858314901 ], [ 72.999528402361605, 19.106958522986801 ], [ 72.999511539186997, 19.107078591976201 ] ] ] ] } },
{ "type": "Feature", "id": 49, "properties": { "tessellate": -1, "extrude": 0, "visibility": -1, "objectid": 49.0, "townname": "Navi Mumbai", "towncensuscode2011": "400708", "town_lgd_code": 251472.0, "ward_lgd_code": 48571.0, "ward_lgd_name": "Navi Mumbai (M Corp.) - Ward No.40", "sourcewardcode": "40", "state": "Maharashtra" }, "geometry": { "type": "MultiPolygon", "coordinates": [ [ [ [ 72.999774980025606, 19.105448504107098 ], [ 72.999770130021304, 19.1055551795999 ], [ 72.999877866770007, 19.1056795404584 ], [ 72.999868061658702, 19.105865762410001 ], [ 72.999502393439101, 19.105901899728799 ], [ 72.999113581024602, 19.105953686946801 ], [ 72.998974534395003, 19.1059614851617 ], [ 72.998805612494095, 19.1059676349455 ], [ 72.998808982973003, 19.1060511387163 ], [ 72.9987429900373, 19.106053760755302 ], [ 72.998741841091999, 19.1060860833873 ], [ 72.998639816730304, 19.106088225836299 ], [ 72.998639249893301, 19.106056626408702 ], [ 72.998512865017702, 19.106113796862498 ], [ 72.998467386908104, 19.106114311253901 ], [ 72.998455659402097, 19.1063212526483 ], [ 72.998438015591603, 19.106427854578801 ], [ 72.998453902297399, 19.1066244288441 ], [ 72.998470586707199, 19.106762466054398 ], [ 72.998288132584804, 19.1067433266942 ], [ 72.998025662825, 19.1067344140057 ], [ 72.9980267399051, 19.1067032841033 ], [ 72.997877556685793, 19.1066929513239 ], [ 72.997877225207503, 19.106597417435399 ], [ 72.997402017320496, 19.106571879588301 ], [ 72.997376915696506, 19.106865774252501 ], [ 72.997359407531604, 19.106981582201701 ], [ 72.997376006601499, 19.107066148190501 ], [ 72.997401943658701, 19.107067846690899 ], [ 72.997525181735895, 19.107648004515401 ], [ 72.997529688583597, 19.107672244346499 ], [ 72.997652066973103, 19.107643910642999 ], [ 72.998934386888294, 19.107353281939801 ], [ 72.999027330180894, 19.1073318372408 ], [ 72.999104062475894, 19.1073042648746 ], [ 72.999166745119695, 19.1072848624414 ], [ 72.999241315169797, 19.1072511632497 ], [ 72.999358034173, 19.1071898916659 ], [ 72.999511539186997, 19.107078591976201 ], [ 72.999528402361605, 19.106958522986801 ], [ 72.999545416453003, 19.106875858314901 ], [ 72.999595382545806, 19.106661298535599 ], [ 72.999653481086796, 19.106470970845699 ], [ 72.999775124654306, 19.106509333660998 ], [ 72.999974052082393, 19.106572068877 ], [ 73.000099416471897, 19.106591471393799 ], [ 73.000318679961396, 19.106552634951299 ], [ 73.000972635521904, 19.106483076842299 ], [ 73.000924899047703, 19.106128832199701 ], [ 73.000898147218606, 19.105948617725002 ], [ 73.001017490200695, 19.105924609372401 ], [ 73.000972093837802, 19.1055691615855 ], [ 73.001174337845896, 19.105493428645499 ], [ 73.001625769124004, 19.105307730005698 ], [ 73.001854660756706, 19.105183176181999 ], [ 73.001930976233297, 19.105121971738999 ], [ 73.002221660279503, 19.104854965987901 ], [ 73.002369541839897, 19.104745570367701 ], [ 73.002509058288396, 19.104655337197698 ], [ 73.002787913318897, 19.104480468803899 ], [ 73.002907746781105, 19.1043922625181 ], [ 73.003315695107801, 19.1044755277116 ], [ 73.004215028183197, 19.101578652218201 ], [ 73.003652455541499, 19.1014210343949 ], [ 73.003551800212307, 19.1017728282945 ], [ 73.002938280517597, 19.1015822428704 ], [ 73.002570198524893, 19.101481662137399 ], [ 73.002275967031693, 19.102423341233301 ], [ 73.001999157465093, 19.103279845256999 ], [ 73.0007057164066, 19.1029021239809 ], [ 73.000616994297602, 19.103204374411 ], [ 73.001530004223099, 19.1034473826025 ], [ 73.001364292002606, 19.103950208378201 ], [ 72.999697336838906, 19.103473159457302 ], [ 72.999686179763103, 19.103503803580001 ], [ 72.999678646491105, 19.103524753050401 ], [ 72.9995497400445, 19.103886021496599 ], [ 72.999533308959599, 19.103932072023699 ], [ 72.999725699347394, 19.1039890768389 ], [ 72.999496952343407, 19.104647099223101 ], [ 72.999314985107901, 19.105257610546399 ], [ 72.999782589654302, 19.105327774389899 ], [ 72.999774980025606, 19.105448504107098 ] ] ] ] } },
{ "type": "Feature", "id": 50, "properties": { "tessellate": -1, "extrude": 0, "visibility": -1, "objectid": 50.0, "townname": "Navi Mumbai", "towncensuscode2011": "400708", "town_lgd_code": 251472.0, "ward_lgd_code": 48561.0, "ward_lgd_name": "Navi Mumbai (M Corp.) - Ward No.30", "sourcewardcode": "30", "state": "Maharashtra" }, "geometry": { "type": "MultiPolygon", "coordinates": [ [ [ [ 72.993944850051193, 19.126832253580599 ], [ 72.993943840344897, 19.12671870102 ], [ 72.993955237270896, 19.126666369484099 ], [ 72.993995121571203, 19.126626343601099 ], [ 72.994344079329807, 19.126459457801101 ], [ 72.994463697196394, 19.126237477554099 ], [ 72.994662746795399, 19.126275262042899 ], [ 72.9947396704315, 19.1258822083885 ], [ 72.994386828357605, 19.125814476391099 ], [ 72.994307167554794, 19.125672142690402 ], [ 72.994450906983403, 19.125518490190299 ], [ 72.994558929396305, 19.125572494938101 ], [ 72.994736892840606, 19.1252912499343 ], [ 72.994761983684796, 19.125301409258601 ], [ 72.994788847803406, 19.125245575403799 ], [ 72.994999924047406, 19.124802937922102 ], [ 72.994616549135301, 19.1246621166454 ], [ 72.994670660054695, 19.124448793642799 ], [ 72.994671716473505, 19.1242931132203 ], [ 72.994657308394693, 19.124043459488401 ], [ 72.994440447000301, 19.124001143921301 ], [ 72.994373360814805, 19.123887827062099 ], [ 72.994266487347204, 19.123651060844999 ], [ 72.994507352624296, 19.123096120181199 ], [ 72.994326622368902, 19.122792918173101 ], [ 72.993830708314604, 19.121991651677298 ], [ 72.993626102635602, 19.1215438017841 ], [ 72.990576024005307, 19.120708655393098 ], [ 72.980383985828496, 19.117978456337699 ], [ 72.979658567490404, 19.119687162804599 ], [ 72.979232012359205, 19.1215156953769 ], [ 72.979310323892406, 19.121884900216699 ], [ 72.979401113923302, 19.122312938571099 ], [ 72.979614150291198, 19.122648358155701 ], [ 72.979705159510999, 19.122795330306499 ], [ 72.979855629117694, 19.123021757503398 ], [ 72.980647567702505, 19.124015120103302 ], [ 72.9797290439177, 19.12395268517 ], [ 72.979390702449095, 19.1240621673841 ], [ 72.978986495605596, 19.124372266445899 ], [ 72.978699890809096, 19.124808932535402 ], [ 72.977860668500995, 19.126927662046501 ], [ 72.977811921422102, 19.127328052959498 ], [ 72.977708650198693, 19.128047475479001 ], [ 72.977749154336607, 19.1289363117445 ], [ 72.977785199237402, 19.1295375138255 ], [ 72.977862167789198, 19.129829445333002 ], [ 72.978091578648204, 19.1308721564622 ], [ 72.978138405129002, 19.131100522059 ], [ 72.978362901305005, 19.1314508923357 ], [ 72.978854203408602, 19.131773032448098 ], [ 72.979438712909499, 19.1319647958566 ], [ 72.980398476552296, 19.131912752842702 ], [ 72.981094788576797, 19.131692596140201 ], [ 72.981304511059605, 19.1316203938778 ], [ 72.983868749343202, 19.129868036970901 ], [ 72.985333597941107, 19.129971088846901 ], [ 72.986162602811106, 19.129789875124398 ], [ 72.987466494869594, 19.1290690759424 ], [ 72.987464058638494, 19.129711074162699 ], [ 72.990790870478605, 19.130145277620599 ], [ 72.991526699392395, 19.130921433880001 ], [ 72.993550067433404, 19.131361374770101 ], [ 72.993657690095901, 19.1313855644451 ], [ 72.993576232662605, 19.131695372235701 ], [ 72.993671678661599, 19.131720577754699 ], [ 72.993573868296806, 19.132106626798802 ], [ 72.993621911994794, 19.132783486890101 ], [ 72.994329514944098, 19.133081113326 ], [ 72.994407393489396, 19.1329763065965 ], [ 72.994807325250505, 19.1321312534436 ], [ 72.995022854443306, 19.132210681286299 ], [ 72.995173448915907, 19.131919877663901 ], [ 72.995472660668995, 19.132003990419701 ], [ 72.995503821429594, 19.131636887507 ], [ 72.995550109819604, 19.131014394871301 ], [ 72.995553120074106, 19.130977369358298 ], [ 72.995550219414, 19.1309408360848 ], [ 72.995543374251596, 19.130903856385199 ], [ 72.995533603276201, 19.130872942361702 ], [ 72.995521864990394, 19.130842969544702 ], [ 72.995322188367396, 19.1304152350599 ], [ 72.995453096260505, 19.130344427512199 ], [ 72.995702261970806, 19.130212924669099 ], [ 72.995671377891398, 19.1301149269968 ], [ 72.995647701893702, 19.130049502673899 ], [ 72.995631189960505, 19.129985965003101 ], [ 72.995578189358696, 19.129794502286401 ], [ 72.995772743787995, 19.1295879289131 ], [ 72.995831668779104, 19.129525363687002 ], [ 72.995042366749601, 19.128918788356199 ], [ 72.994961857038902, 19.128985184054901 ], [ 72.994808854183105, 19.129111365598799 ], [ 72.994562213636996, 19.1292522280649 ], [ 72.994386239062706, 19.1289195462574 ], [ 72.994347218043401, 19.1288316076255 ], [ 72.994237178912698, 19.1284471931925 ], [ 72.994120006260303, 19.128118207626802 ], [ 72.994070805532203, 19.1278807184224 ], [ 72.993944850051193, 19.126832253580599 ] ] ] ] } },
{ "type": "Feature", "id": 51, "properties": { "tessellate": -1, "extrude": 0, "visibility": -1, "objectid": 51.0, "townname": "Navi Mumbai", "towncensuscode2011": "400708", "town_lgd_code": 251472.0, "ward_lgd_code": 48554.0, "ward_lgd_name": "Navi Mumbai (M Corp.) - Ward No.23", "sourcewardcode": "23", "state": "Maharashtra" }, "geometry": { "type": "MultiPolygon", "coordinates": [ [ [ [ 72.989895463939405, 19.146720945553898 ], [ 72.989927364911694, 19.146518259684299 ], [ 72.990058335686896, 19.145686124064198 ], [ 72.990859639208495, 19.145716101824299 ], [ 72.990888953032893, 19.1452989730026 ], [ 72.992616261508999, 19.145236176961902 ], [ 72.992607606241194, 19.144154485377801 ], [ 72.992556410354894, 19.1431946896722 ], [ 72.992411387233702, 19.141448649886001 ], [ 72.991639387654999, 19.141333676551699 ], [ 72.989536618424395, 19.1423050518049 ], [ 72.990132665886804, 19.142968261277201 ], [ 72.990047715803598, 19.143964135527799 ], [ 72.9890042911601, 19.144438873844901 ], [ 72.988155995867601, 19.144866061974 ], [ 72.987632348125601, 19.145246605772101 ], [ 72.986789203772901, 19.145784673437198 ], [ 72.986297226136202, 19.146098092265799 ], [ 72.986245002577206, 19.146143316349299 ], [ 72.986208010852096, 19.146186484202499 ], [ 72.986168842509102, 19.146240958269502 ], [ 72.986062669727303, 19.1463754643563 ], [ 72.984274943260203, 19.1464468463362 ], [ 72.981594178212902, 19.1462751383167 ], [ 72.981603601540201, 19.146350603918702 ], [ 72.981500247671804, 19.150366106258002 ], [ 72.981454571034604, 19.150591497694101 ], [ 72.981515482200706, 19.150580575335201 ], [ 72.983554595013601, 19.150199618686901 ], [ 72.986296296379905, 19.149709453149502 ], [ 72.986308106530899, 19.149707271381601 ], [ 72.9879954579432, 19.149401272001601 ], [ 72.989413591451296, 19.149162526918001 ], [ 72.989577587889599, 19.149138577458402 ], [ 72.989754259556506, 19.149113880370098 ], [ 72.9902778255519, 19.149077598055399 ], [ 72.990656115101103, 19.1490616671 ], [ 72.990600925305003, 19.148621457693 ], [ 72.990673019598205, 19.1486057405438 ], [ 72.990656499580098, 19.148264138912999 ], [ 72.990778218606195, 19.148250135081899 ], [ 72.990774146543004, 19.147553023341601 ], [ 72.990524045686399, 19.147444522428898 ], [ 72.990481055011898, 19.147076450779501 ], [ 72.989895463939405, 19.146720945553898 ] ] ] ] } },
{ "type": "Feature", "id": 52, "properties": { "tessellate": -1, "extrude": 0, "visibility": -1, "objectid": 63.0, "townname": "Navi Mumbai", "towncensuscode2011": "400708", "town_lgd_code": 251472.0, "ward_lgd_code": 48594.0, "ward_lgd_name": "Navi Mumbai (M Corp.) - Ward No.63", "sourcewardcode": "63", "state": "Maharashtra" }, "geometry": { "type": "MultiPolygon", "coordinates": [ [ [ [ 73.002566316904506, 19.073882083790899 ], [ 73.002463956572896, 19.072542593686698 ], [ 73.002335350163506, 19.0713097563542 ], [ 73.002206743754201, 19.069942958931101 ], [ 73.002061150202806, 19.068202143236402 ], [ 72.999881375589496, 19.068450687493002 ], [ 72.998934643806507, 19.068532277809101 ], [ 72.998423983008493, 19.068568900427699 ], [ 72.997297796577897, 19.068658711772802 ], [ 72.995060800179303, 19.068834402496901 ], [ 72.995076307795998, 19.069364405214898 ], [ 72.995073538290001, 19.069427218183101 ], [ 72.995087384023506, 19.069984682974798 ], [ 72.995092922137204, 19.070076284126301 ], [ 72.995070768784004, 19.070157417721099 ], [ 72.995034769697298, 19.070251636289001 ], [ 72.995007078230302, 19.070345855652398 ], [ 72.994996001104596, 19.070424371606101 ], [ 72.994993232496796, 19.0709268714708 ], [ 72.995066017594397, 19.0720520815828 ], [ 72.995079236303795, 19.072145608832599 ], [ 72.995104149281602, 19.072141358714301 ], [ 72.996698251075799, 19.072024310616101 ], [ 72.996742652105297, 19.072514453485901 ], [ 72.996824697935196, 19.073412844760099 ], [ 72.997591270791304, 19.073338749260699 ], [ 72.9977132251759, 19.0733222837783 ], [ 72.997800335707396, 19.074296498574299 ], [ 72.997813278633998, 19.0744400039396 ], [ 72.997943465179901, 19.0744370443497 ], [ 73.000430546265406, 19.074221399109899 ], [ 73.002461281389998, 19.074052477191501 ], [ 73.002579201440696, 19.074041966632102 ], [ 73.002566316904506, 19.073882083790899 ] ] ] ] } },
{ "type": "Feature", "id": 53, "properties": { "tessellate": -1, "extrude": 0, "visibility": -1, "objectid": 52.0, "townname": "Navi Mumbai", "towncensuscode2011": "400708", "town_lgd_code": 251472.0, "ward_lgd_code": 48556.0, "ward_lgd_name": "Navi Mumbai (M Corp.) - Ward No.25", "sourcewardcode": "25", "state": "Maharashtra" }, "geometry": { "type": "MultiPolygon", "coordinates": [ [ [ [ 72.995173448915907, 19.131919877663901 ], [ 72.995022854443306, 19.132210681286299 ], [ 72.994807325250505, 19.1321312534436 ], [ 72.994407393489396, 19.1329763065965 ], [ 72.994329514944098, 19.133081113326 ], [ 72.993621911994794, 19.132783486890101 ], [ 72.993573868296806, 19.132106626798802 ], [ 72.993671678661599, 19.131720577754699 ], [ 72.993576232662605, 19.131695372235701 ], [ 72.993657690095901, 19.1313855644451 ], [ 72.993550067433404, 19.131361374770101 ], [ 72.991526699392395, 19.130921433880001 ], [ 72.990790870478605, 19.130145277620599 ], [ 72.987464058638494, 19.129711074162699 ], [ 72.987463072288307, 19.1299708410241 ], [ 72.985507154250598, 19.130448471227901 ], [ 72.985376249052393, 19.131221215979 ], [ 72.9857349544302, 19.131857228451199 ], [ 72.985798773442895, 19.132525289445901 ], [ 72.985315946943999, 19.133164259679202 ], [ 72.9853973414953, 19.134479006143099 ], [ 72.985062828646406, 19.134679101335099 ], [ 72.990418796372694, 19.1353962895111 ], [ 72.995741219209805, 19.136025953925099 ], [ 72.996963290915502, 19.136215294517001 ], [ 72.997594785898997, 19.136078559164201 ], [ 72.998135259086396, 19.135961531685702 ], [ 72.998248492626203, 19.136597458008001 ], [ 72.998909701184303, 19.136560689197601 ], [ 72.9989086753083, 19.1367221494062 ], [ 72.999425194918601, 19.136796141835699 ], [ 72.999499123571496, 19.136816248597501 ], [ 72.999521525757999, 19.136825772405601 ], [ 72.9995573703345, 19.136846937458898 ], [ 72.999804919975702, 19.137004614007701 ], [ 72.999933735692494, 19.137077632035599 ], [ 73.000005423947101, 19.137106204261698 ], [ 73.000056950413494, 19.137118902932901 ], [ 73.000111837477405, 19.137118902932901 ], [ 73.000507412409306, 19.1370949186276 ], [ 73.000628314866802, 19.137092227490001 ], [ 73.000670690195406, 19.137096155142 ], [ 73.000723488676201, 19.137112072825001 ], [ 73.000760205516798, 19.137136787833899 ], [ 73.000809684722597, 19.137188407412001 ], [ 73.000835530151704, 19.137227915592199 ], [ 73.000875216822607, 19.137323011683002 ], [ 73.000897007256498, 19.137392546628298 ], [ 73.000905022025407, 19.1374531357169 ], [ 73.000903327802803, 19.1374956022958 ], [ 73.000891473634297, 19.137532448975499 ], [ 73.000875358756403, 19.1375649861052 ], [ 73.0007517433868, 19.1376930010073 ], [ 73.000710381357905, 19.137736302614002 ], [ 73.000685514194203, 19.137774358592001 ], [ 73.000672829982406, 19.137801691642402 ], [ 73.000663585419801, 19.137834837213799 ], [ 73.000611967325298, 19.138107875472102 ], [ 73.000591880995501, 19.138170612271999 ], [ 73.000582346277099, 19.138188298471299 ], [ 73.000557799811901, 19.1382187367212 ], [ 73.000531201594697, 19.138242798940599 ], [ 73.000320998513104, 19.138401686898401 ], [ 73.000130309534498, 19.138561345290299 ], [ 73.000012796420606, 19.138674338926201 ], [ 72.999445471691104, 19.139238369872899 ], [ 72.998959218119396, 19.1392586350368 ], [ 72.999129479408495, 19.139785627719299 ], [ 72.999140680501796, 19.1398353632983 ], [ 72.999145160400104, 19.139872401252401 ], [ 72.999149641196695, 19.1400099693901 ], [ 72.999136199705106, 19.140175049985501 ], [ 72.999066916240494, 19.140562958183502 ], [ 72.999762417984599, 19.141107261728301 ], [ 72.999846503888506, 19.141166523012799 ], [ 73.000495090218607, 19.1416236234334 ], [ 73.000520464032107, 19.141642493126898 ], [ 73.000869904186004, 19.1418984596489 ], [ 73.001129699661107, 19.1421406870504 ], [ 73.001452518241607, 19.1425325860436 ], [ 73.001574733137801, 19.1426692396732 ], [ 73.001553278673796, 19.142719042274798 ], [ 73.002229375011197, 19.143050318937 ], [ 73.002258713090001, 19.142919062135 ], [ 73.002326449655698, 19.142656509180402 ], [ 73.002405585842396, 19.142323153397001 ], [ 73.002414506113098, 19.142271259614901 ], [ 73.002436821163101, 19.142075538210101 ], [ 73.002440612951901, 19.1420155346865 ], [ 73.002483423963398, 19.141587807925902 ], [ 73.002531424542298, 19.141141696585301 ], [ 73.002563857317298, 19.140564445873501 ], [ 73.002576829888298, 19.140299719162702 ], [ 73.002583316623003, 19.140199221396301 ], [ 73.002609262663299, 19.140033766567502 ], [ 73.002623533299897, 19.1399344932512 ], [ 73.002668938645996, 19.139715112733199 ], [ 73.002801264080603, 19.139162368908799 ], [ 73.002915426478495, 19.138648843376899 ], [ 73.002956940322704, 19.138359601603302 ], [ 73.0029854815959, 19.1382272361089 ], [ 73.003042562345698, 19.1378742620699 ], [ 73.003120401364995, 19.137491872393198 ], [ 73.003146347405405, 19.137382792863299 ], [ 73.003182671682296, 19.137276165070801 ], [ 73.003229374195598, 19.137145024189099 ], [ 73.003292942578298, 19.136997951083501 ], [ 73.003359312806396, 19.136853524857401 ], [ 73.003468079024401, 19.136648650871798 ], [ 73.003779432406901, 19.136125311913101 ], [ 73.003894891972095, 19.135899798032099 ], [ 73.003966244256802, 19.135717180310799 ], [ 73.0040103524356, 19.135584812698099 ], [ 73.004053163447097, 19.135367877389701 ], [ 73.004067434083694, 19.135196290240401 ], [ 73.004072622752801, 19.135013671741099 ], [ 73.004059650181702, 19.1348408578766 ], [ 73.004041488043299, 19.1347133924078 ], [ 73.003990893129895, 19.134438851455698 ], [ 73.003878027000894, 19.133942469154899 ], [ 73.003775540006799, 19.1334362812912 ], [ 73.003684728416403, 19.132792819125999 ], [ 73.003600403560696, 19.132166513408499 ], [ 73.003561484949401, 19.1318576502544 ], [ 73.003526457839797, 19.1315536877654 ], [ 73.003509592868596, 19.131317139617799 ], [ 73.003507930985407, 19.131290273977299 ], [ 73.002760049375397, 19.131505546097198 ], [ 73.002485339171599, 19.131547760444199 ], [ 73.002469754299696, 19.131979688807199 ], [ 73.002463190309896, 19.132007365690502 ], [ 73.002394946196105, 19.132230337099902 ], [ 73.002384298465103, 19.1322720844787 ], [ 73.002362575404902, 19.132410383734499 ], [ 73.002340023199693, 19.132531583368198 ], [ 73.002326155906601, 19.1325786791454 ], [ 73.002285892517307, 19.132654263884699 ], [ 73.002179303815495, 19.132827370290599 ], [ 73.002152007607293, 19.132867764701299 ], [ 73.002090730826893, 19.1329315626609 ], [ 73.00207663626, 19.132944601130401 ], [ 73.002061366696793, 19.132955697789601 ], [ 73.002045510533804, 19.132965684357899 ], [ 73.001924394277296, 19.133025355088201 ], [ 73.001892851732705, 19.133040255581399 ], [ 73.001874929444497, 19.133050414429199 ], [ 73.001858440867395, 19.1330680239458 ], [ 73.001851272311399, 19.133080892666001 ], [ 73.001845537466707, 19.133097824923201 ], [ 73.001815816705502, 19.133198172549999 ], [ 73.001783533050798, 19.133266002514102 ], [ 73.001693467960393, 19.1334002323152 ], [ 73.001544138315793, 19.133425424843701 ], [ 73.001442557721802, 19.133442562448501 ], [ 73.001317453843697, 19.133551214295501 ], [ 73.001027827114697, 19.1336178364296 ], [ 73.000746367868203, 19.132574876144002 ], [ 73.000488364532103, 19.131811154301602 ], [ 73.000217208961899, 19.13188548247 ], [ 72.999836498452893, 19.131992404846599 ], [ 72.999729060843194, 19.132037530950502 ], [ 72.999543515617901, 19.132134462367301 ], [ 72.999360259299905, 19.132212057872302 ], [ 72.999320791817894, 19.132219251424999 ], [ 72.999293447998994, 19.1322200339233 ], [ 72.999267616044705, 19.132214698167601 ], [ 72.999183301968699, 19.132190378763401 ], [ 72.998969760747599, 19.132130719613201 ], [ 72.998685671233901, 19.132082318411801 ], [ 72.998448197995302, 19.1320544599198 ], [ 72.998176715438404, 19.1320600087037 ], [ 72.9977657802133, 19.1320724226007 ], [ 72.997601852046998, 19.1320831925701 ], [ 72.997360963413698, 19.132135624233499 ], [ 72.997150388429603, 19.132216795297001 ], [ 72.996830448949595, 19.1323406022669 ], [ 72.996784132711895, 19.1323465940605 ], [ 72.996713059803298, 19.132338348979001 ], [ 72.996600193674297, 19.132319984893702 ], [ 72.996508924841507, 19.132298175099798 ], [ 72.996241286175604, 19.132200979834401 ], [ 72.995978958349696, 19.1321169282851 ], [ 72.995474737574, 19.131979526705901 ], [ 72.995472660668995, 19.132003990419701 ], [ 72.995173448915907, 19.131919877663901 ] ] ] ] } },
{ "type": "Feature", "id": 54, "properties": { "tessellate": -1, "extrude": 0, "visibility": -1, "objectid": 53.0, "townname": "Navi Mumbai", "towncensuscode2011": "400708", "town_lgd_code": 251472.0, "ward_lgd_code": 48551.0, "ward_lgd_name": "Navi Mumbai (M Corp.) - Ward No.20", "sourcewardcode": "20", "state": "Maharashtra" }, "geometry": { "type": "MultiPolygon", "coordinates": [ [ [ [ 73.002915426478495, 19.138648843376899 ], [ 73.002801264080603, 19.139162368908799 ], [ 73.002668938645996, 19.139715112733199 ], [ 73.002623533299897, 19.1399344932512 ], [ 73.002609262663299, 19.140033766567502 ], [ 73.002583316623003, 19.140199221396301 ], [ 73.002576829888298, 19.140299719162702 ], [ 73.002563857317298, 19.140564445873501 ], [ 73.002531424542298, 19.141141696585301 ], [ 73.002483423963398, 19.141587807925902 ], [ 73.002440612951901, 19.1420155346865 ], [ 73.002436821163101, 19.142075538210101 ], [ 73.002414506113098, 19.142271259614901 ], [ 73.002405585842396, 19.142323153397001 ], [ 73.002326449655698, 19.142656509180402 ], [ 73.002258713090001, 19.142919062135 ], [ 73.002229375011197, 19.143050318937 ], [ 73.002146651851604, 19.1433101853208 ], [ 73.002091835754598, 19.143431645123499 ], [ 73.001933367548602, 19.1437395293643 ], [ 73.001707436763098, 19.144189056229301 ], [ 73.0015826383122, 19.1444325515229 ], [ 73.0015713285228, 19.144454742447699 ], [ 73.001554394381401, 19.1444862946467 ], [ 73.002342631008901, 19.144814917484599 ], [ 73.002362664338094, 19.1447670775528 ], [ 73.002434685867698, 19.144595094525901 ], [ 73.002437801225099, 19.144561257827199 ], [ 73.002440915684204, 19.144545075240298 ], [ 73.002445586923599, 19.144525950439899 ], [ 73.002453373520495, 19.144509767849499 ], [ 73.002462716897796, 19.1444935852575 ], [ 73.002492305606594, 19.144472988920501 ], [ 73.002523451095797, 19.1444582770072 ], [ 73.002814662453005, 19.144328816186601 ], [ 73.002852036860503, 19.144303806080998 ], [ 73.002873838972405, 19.144281739036501 ], [ 73.002908098920699, 19.144255258239799 ], [ 73.003028597136307, 19.1442017492639 ], [ 73.003141125498601, 19.144159675631101 ], [ 73.003330121152999, 19.144105200028399 ], [ 73.003594367780295, 19.1445331697638 ], [ 73.003613047348296, 19.144571481310798 ], [ 73.003804281604303, 19.145069651966999 ], [ 73.003824120897406, 19.1451377104272 ], [ 73.003848793126707, 19.1452903297121 ], [ 73.003868562351101, 19.1456043231519 ], [ 73.004272364952797, 19.146347015087802 ], [ 73.004332323904805, 19.146855062580901 ], [ 73.004423640348307, 19.146947205016598 ], [ 73.004493408903201, 19.147274040005101 ], [ 73.004752421945696, 19.147369619961498 ], [ 73.004922835049996, 19.1475228116967 ], [ 73.004806669409106, 19.148039074409098 ], [ 73.004781504902994, 19.148311181831101 ], [ 73.0049543632216, 19.148475946925998 ], [ 73.004957672615106, 19.148809522801098 ], [ 73.005772520036203, 19.1494786175375 ], [ 73.0058482408282, 19.149545916372801 ], [ 73.005912027501594, 19.1494875431951 ], [ 73.006050161442801, 19.1496198504402 ], [ 73.006133119961007, 19.1497187861257 ], [ 73.006179783846704, 19.149711190247402 ], [ 73.006443403450007, 19.149639014534799 ], [ 73.006516849707594, 19.1498082224544 ], [ 73.007006514182507, 19.149541173505199 ], [ 73.007344688564402, 19.150092145477601 ], [ 73.007588013428801, 19.150616225110799 ], [ 73.007583147254905, 19.150680585623 ], [ 73.007463139519501, 19.1506884928936 ], [ 73.008068920227998, 19.151275459442001 ], [ 73.009279619262301, 19.152664392347202 ], [ 73.009548906336704, 19.153064101375001 ], [ 73.011812430883893, 19.1570195763226 ], [ 73.012823155054505, 19.1568466039061 ], [ 73.013189222126002, 19.156830840869102 ], [ 73.0136515499685, 19.156836123217701 ], [ 73.013919255109698, 19.156778325404598 ], [ 73.014308683768505, 19.156637653595901 ], [ 73.014595548178093, 19.156412969644201 ], [ 73.014974717178006, 19.155811575230299 ], [ 73.015109356672795, 19.155409905009002 ], [ 73.015158304974307, 19.155003183913198 ], [ 73.015239698627298, 19.1535770975098 ], [ 73.015286360716402, 19.153416223192 ], [ 73.015552334803999, 19.152803753925799 ], [ 73.015870069818305, 19.152305246815502 ], [ 73.016272353368905, 19.151934715748201 ], [ 73.016756064708304, 19.151616202846999 ], [ 73.017314837476306, 19.1513756899441 ], [ 73.017767739296403, 19.1512420492611 ], [ 73.018649037794205, 19.151222606163699 ], [ 73.020417659790098, 19.151364242354799 ], [ 73.020864003010402, 19.151344217982 ], [ 73.021464132417407, 19.151250893357801 ], [ 73.022476738558495, 19.150934951244199 ], [ 73.018340094591494, 19.147837525607201 ], [ 73.017111413980203, 19.1469987714582 ], [ 73.016842801540605, 19.146829112585401 ], [ 73.016231780959004, 19.146503685430201 ], [ 73.015802048486705, 19.146258576562701 ], [ 73.015370320856107, 19.146016513048899 ], [ 73.016072195248796, 19.1448702737326 ], [ 73.015582085209601, 19.144588952120099 ], [ 73.014985481690005, 19.1442420857306 ], [ 73.014215797069795, 19.143788537318599 ], [ 73.013568705536301, 19.143407756782899 ], [ 73.012573543779794, 19.142819513896502 ], [ 73.011267232558197, 19.142042264495899 ], [ 73.008877039267702, 19.140664714281201 ], [ 73.006862478309799, 19.139527774746899 ], [ 73.005763344643896, 19.1389005262502 ], [ 73.005611127814007, 19.138816749682999 ], [ 73.005433925242698, 19.1387444741558 ], [ 73.005305544310502, 19.138699382982601 ], [ 73.0051099640052, 19.138627853379401 ], [ 73.004854404086601, 19.138570268143599 ], [ 73.0046183915087, 19.1385314222427 ], [ 73.004429650975894, 19.138498148662801 ], [ 73.003983541317595, 19.13843599502 ], [ 73.0029763080002, 19.1382697805658 ], [ 73.002956940322704, 19.138359601603302 ], [ 73.002915426478495, 19.138648843376899 ] ] ] ] } },
{ "type": "Feature", "id": 55, "properties": { "tessellate": -1, "extrude": 0, "visibility": -1, "objectid": 54.0, "townname": "Navi Mumbai", "towncensuscode2011": "400708", "town_lgd_code": 251472.0, "ward_lgd_code": 48550.0, "ward_lgd_name": "Navi Mumbai (M Corp.) - Ward No.19", "sourcewardcode": "19", "state": "Maharashtra" }, "geometry": { "type": "MultiPolygon", "coordinates": [ [ [ [ 73.001242682571103, 19.1450670984376 ], [ 73.000936709198797, 19.1457327620735 ], [ 73.000668572866203, 19.146348923643199 ], [ 73.000656945073203, 19.146373909677401 ], [ 73.000642961897498, 19.146403958596899 ], [ 73.000614434997303, 19.146492018558099 ], [ 73.000570934978001, 19.146673348031999 ], [ 73.000558506786007, 19.146735098872298 ], [ 73.000545034751795, 19.146855035424899 ], [ 73.000542993779405, 19.146890129309998 ], [ 73.000552995621803, 19.147204367502901 ], [ 73.000556823343203, 19.147245741945799 ], [ 73.000567455802894, 19.148403613679601 ], [ 73.002337197099706, 19.148408706208699 ], [ 73.002416462643794, 19.148415054685401 ], [ 73.002449491900194, 19.1484290958415 ], [ 73.002489952918907, 19.148458737901102 ], [ 73.003085622190497, 19.1490739244229 ], [ 73.003407849679604, 19.149406955131202 ], [ 73.003479449899302, 19.149485747540901 ], [ 73.003977305212899, 19.150159531468901 ], [ 73.004098656828006, 19.150316558848001 ], [ 73.004146144468905, 19.150370501174599 ], [ 73.004326848673102, 19.150545902293199 ], [ 73.004405867180495, 19.150619752749499 ], [ 73.004773535948104, 19.150781126226001 ], [ 73.004985070332907, 19.150929725562801 ], [ 73.005037571471405, 19.150977911634001 ], [ 73.005072771955795, 19.151019364050502 ], [ 73.005247682026507, 19.151273457597799 ], [ 73.005299388155905, 19.1513654354839 ], [ 73.005572538884294, 19.151881327217399 ], [ 73.005585012890407, 19.151897395373101 ], [ 73.005597485998095, 19.151913464375799 ], [ 73.005625835930104, 19.151928460752501 ], [ 73.005822690944896, 19.152005217027501 ], [ 73.008350110878197, 19.153000369749101 ], [ 73.007962931600801, 19.1524586232043 ], [ 73.007386144916495, 19.151721560361299 ], [ 73.007171582310903, 19.151482065929201 ], [ 73.006615207146396, 19.150739839226802 ], [ 73.006581936243194, 19.150688445371799 ], [ 73.0065192446162, 19.1506498993337 ], [ 73.006460460660605, 19.150567208152399 ], [ 73.0064309060878, 19.150484226707501 ], [ 73.0063299893487, 19.1504813754023 ], [ 73.006314823990095, 19.1503903075746 ], [ 73.006280825451597, 19.1501935638959 ], [ 73.00614519781, 19.149752137212701 ], [ 73.006133119961007, 19.1497187861257 ], [ 73.006050161442801, 19.1496198504402 ], [ 73.005912027501594, 19.1494875431951 ], [ 73.0058482408282, 19.149545916372801 ], [ 73.005772520036203, 19.1494786175375 ], [ 73.004957672615106, 19.148809522801098 ], [ 73.0049543632216, 19.148475946925998 ], [ 73.004781504902994, 19.148311181831101 ], [ 73.004806669409106, 19.148039074409098 ], [ 73.004922835049996, 19.1475228116967 ], [ 73.004752421945696, 19.147369619961498 ], [ 73.004493408903201, 19.147274040005101 ], [ 73.004423640348307, 19.146947205016598 ], [ 73.004332323904805, 19.146855062580901 ], [ 73.004272364952797, 19.146347015087802 ], [ 73.003868562351101, 19.1456043231519 ], [ 73.003848793126707, 19.1452903297121 ], [ 73.003824120897406, 19.1451377104272 ], [ 73.003804281604303, 19.145069651966999 ], [ 73.003613047348296, 19.144571481310798 ], [ 73.003594367780295, 19.1445331697638 ], [ 73.003330121152999, 19.144105200028399 ], [ 73.003141125498601, 19.144159675631101 ], [ 73.003028597136307, 19.1442017492639 ], [ 73.002908098920699, 19.144255258239799 ], [ 73.002873838972405, 19.144281739036501 ], [ 73.002852036860503, 19.144303806080998 ], [ 73.002814662453005, 19.144328816186601 ], [ 73.002523451095797, 19.1444582770072 ], [ 73.002492305606594, 19.144472988920501 ], [ 73.002462716897796, 19.1444935852575 ], [ 73.002453373520495, 19.144509767849499 ], [ 73.002445586923599, 19.144525950439899 ], [ 73.002440915684204, 19.144545075240298 ], [ 73.002437801225099, 19.144561257827199 ], [ 73.002434685867698, 19.144595094525901 ], [ 73.002362664338094, 19.1447670775528 ], [ 73.002342631008901, 19.144814917484599 ], [ 73.001554394381401, 19.1444862946467 ], [ 73.001242682571103, 19.1450670984376 ] ] ] ] } },
{ "type": "Feature", "id": 56, "properties": { "tessellate": -1, "extrude": 0, "visibility": -1, "objectid": 55.0, "townname": "Navi Mumbai", "towncensuscode2011": "400708", "town_lgd_code": 251472.0, "ward_lgd_code": 48176.0, "ward_lgd_name": "Navi Mumbai (M Corp.) - Ward No.9", "sourcewardcode": "9", "state": "Maharashtra" }, "geometry": { "type": "MultiPolygon", "coordinates": [ [ [ [ 72.983444589120595, 19.168249949948098 ], [ 72.983536630504602, 19.1684470301571 ], [ 72.983060913272794, 19.169900117140301 ], [ 72.983004325698104, 19.170134580360902 ], [ 72.982909180634806, 19.170725445271898 ], [ 72.982901932128797, 19.171438642405899 ], [ 72.982967367210705, 19.172131946121102 ], [ 72.983104854364996, 19.1729171126624 ], [ 72.983220572644896, 19.173534471696499 ], [ 72.983377339441802, 19.174298801368199 ], [ 72.983442546351597, 19.174935697346299 ], [ 72.983462205981596, 19.175204307089999 ], [ 72.988245958550095, 19.1753346099662 ], [ 72.988080818556398, 19.174442132514098 ], [ 72.990630804169697, 19.174419831079401 ], [ 72.990646866047001, 19.175335920859801 ], [ 72.994273546308705, 19.1753395989981 ], [ 72.995075213647993, 19.175794067777801 ], [ 72.994677321960907, 19.176420209567802 ], [ 72.995043341421706, 19.176550030400598 ], [ 72.995053772658807, 19.1765251948753 ], [ 72.995378050103298, 19.176608736778899 ], [ 72.9952874846513, 19.176855795280101 ], [ 72.995411807893404, 19.176873571511099 ], [ 72.995410905086501, 19.1769428683338 ], [ 72.995607425029704, 19.176950359444799 ], [ 72.995604707625901, 19.1766076931629 ], [ 72.995612452900303, 19.176554847156599 ], [ 72.995676487508703, 19.176209767002501 ], [ 72.996019226230601, 19.1762711987876 ], [ 72.996118605053894, 19.176281074129701 ], [ 72.996520901180801, 19.176291095408001 ], [ 72.996807928185504, 19.176299765921701 ], [ 72.997473787321795, 19.1764632541034 ], [ 72.9977846151899, 19.176539830959602 ], [ 72.997794523607496, 19.176499722994599 ], [ 72.997858379451102, 19.176298908118699 ], [ 72.997965714652906, 19.176009765457199 ], [ 72.998043329991702, 19.1758281857004 ], [ 72.998321372945199, 19.175011791280902 ], [ 72.999137702586594, 19.173188824367301 ], [ 72.9992041069507, 19.172997729964301 ], [ 72.999253595139706, 19.1728292093572 ], [ 72.999266933325103, 19.172775422014301 ], [ 72.999281692645198, 19.172691206164199 ], [ 72.999289950857602, 19.1725547598333 ], [ 72.999296071079598, 19.172213699087902 ], [ 72.999141731530699, 19.1721862274958 ], [ 72.999131951572195, 19.1713636413802 ], [ 72.9985114016621, 19.171291590539699 ], [ 72.998276775184607, 19.1712629427787 ], [ 72.998205416611697, 19.171554134398701 ], [ 72.998090362186701, 19.1717817462299 ], [ 72.996961343368, 19.171711091344001 ], [ 72.994010644459294, 19.1715140141897 ], [ 72.992219552004798, 19.171432025842702 ], [ 72.991545736489996, 19.1713985858059 ], [ 72.991144849819705, 19.171380982077199 ], [ 72.991132881565207, 19.1711235815282 ], [ 72.991193930173594, 19.168545291013501 ], [ 72.991076657808193, 19.168540821912401 ], [ 72.983444589120595, 19.168249949948098 ] ] ] ] } },
{ "type": "Feature", "id": 57, "properties": { "tessellate": -1, "extrude": 0, "visibility": -1, "objectid": 56.0, "townname": "Navi Mumbai", "towncensuscode2011": "400708", "town_lgd_code": 251472.0, "ward_lgd_code": 48553.0, "ward_lgd_name": "Navi Mumbai (M Corp.) - Ward No.22", "sourcewardcode": "22", "state": "Maharashtra" }, "geometry": { "type": "MultiPolygon", "coordinates": [ [ [ [ 72.994551797671306, 19.147394057633502 ], [ 72.994502281634496, 19.147355466697501 ], [ 72.994456480131404, 19.147333248158301 ], [ 72.994133389361394, 19.147246711917798 ], [ 72.994099965744596, 19.1472443731227 ], [ 72.994044260315505, 19.147249050712698 ], [ 72.993992269420104, 19.147256067097501 ], [ 72.993942753383394, 19.147270099865999 ], [ 72.993901902495793, 19.147280624441599 ], [ 72.993749641648407, 19.147339095142598 ], [ 72.993711266517806, 19.147351958507301 ], [ 72.993638230790296, 19.1473636524744 ], [ 72.9936035701934, 19.147365991267701 ], [ 72.9935627193058, 19.1473636524744 ], [ 72.993490921456697, 19.147354297300801 ], [ 72.993186012588097, 19.1473015743024 ], [ 72.993177903496004, 19.146427082742701 ], [ 72.994032959509298, 19.146405471693001 ], [ 72.993956816509098, 19.1446145901708 ], [ 72.995053556164805, 19.144555179067599 ], [ 72.994987475194193, 19.143001511042801 ], [ 72.994971048600902, 19.1417468997345 ], [ 72.994694580394096, 19.141641837121899 ], [ 72.994443464441304, 19.141581448154199 ], [ 72.993635249281894, 19.141502349003002 ], [ 72.992411387233702, 19.141448649886001 ], [ 72.992556410354894, 19.1431946896722 ], [ 72.992607606241194, 19.144154485377801 ], [ 72.992616261508999, 19.145236176961902 ], [ 72.990888953032893, 19.1452989730026 ], [ 72.990859639208495, 19.145716101824299 ], [ 72.990058335686896, 19.145686124064198 ], [ 72.989927364911694, 19.146518259684299 ], [ 72.989895463939405, 19.146720945553898 ], [ 72.990481055011898, 19.147076450779501 ], [ 72.990524045686399, 19.147444522428898 ], [ 72.990774146543004, 19.147553023341601 ], [ 72.990778218606195, 19.148250135081899 ], [ 72.990656499580098, 19.148264138912999 ], [ 72.990673019598205, 19.1486057405438 ], [ 72.990600925305003, 19.148621457693 ], [ 72.990656115101103, 19.149061665402701 ], [ 72.991413522446393, 19.149030654643202 ], [ 72.991502793426093, 19.149017855055099 ], [ 72.9917910484277, 19.148959572491901 ], [ 72.9919210005134, 19.148923242621098 ], [ 72.992154381027603, 19.148846096248398 ], [ 72.992349736754093, 19.1487638725967 ], [ 72.992794604940698, 19.148500756126701 ], [ 72.993083360303899, 19.148311658752199 ], [ 72.9932160594377, 19.148253280894799 ], [ 72.993303401734394, 19.148233938430302 ], [ 72.993541270231802, 19.1482170357299 ], [ 72.993563327465296, 19.148166158744001 ], [ 72.993733824112894, 19.147807173143899 ], [ 72.994374778356303, 19.1477133067987 ], [ 72.994435435299295, 19.147694596490599 ], [ 72.994476286186796, 19.1476782249694 ], [ 72.994527040102099, 19.147652497441101 ], [ 72.994546846157405, 19.1476326177314 ], [ 72.994576556138796, 19.1475905186661 ], [ 72.994606265221904, 19.1475297092632 ], [ 72.994614930371199, 19.147502813164799 ], [ 72.994612454614199, 19.147474746817501 ], [ 72.994603789465003, 19.147453697690299 ], [ 72.994575317362006, 19.147416276164599 ], [ 72.994551797671306, 19.147394057633502 ] ] ] ] } },
{ "type": "Feature", "id": 58, "properties": { "tessellate": -1, "extrude": 0, "visibility": -1, "objectid": 57.0, "townname": "Navi Mumbai", "towncensuscode2011": "400708", "town_lgd_code": 251472.0, "ward_lgd_code": 48588.0, "ward_lgd_name": "Navi Mumbai (M Corp.) - Ward No.57", "sourcewardcode": "57", "state": "Maharashtra" }, "geometry": { "type": "MultiPolygon", "coordinates": [ [ [ [ 73.009454300262504, 19.074460101303 ], [ 73.009422220525394, 19.074142973250598 ], [ 73.009343807482594, 19.073367820672999 ], [ 73.009192623715194, 19.071873270775601 ], [ 73.009792952548196, 19.071832754494501 ], [ 73.009966357940797, 19.071821051789101 ], [ 73.009965582694704, 19.071813573739501 ], [ 73.009960104768098, 19.071760732412301 ], [ 73.010695439608497, 19.0717002389671 ], [ 73.010683711204194, 19.0716129448796 ], [ 73.010673802786599, 19.071539200064802 ], [ 73.010582849262406, 19.0709904988971 ], [ 73.010509644651506, 19.070459069093101 ], [ 73.010501912851893, 19.070375374171 ], [ 73.010476047659907, 19.069380040749898 ], [ 73.011421938619804, 19.069349809727001 ], [ 73.011525155045902, 19.0693357618551 ], [ 73.011739020558906, 19.069306885859 ], [ 73.011898387978505, 19.069302983765901 ], [ 73.012256757386396, 19.069302983765901 ], [ 73.012191760682299, 19.068431719451599 ], [ 73.012182968870604, 19.0681583955168 ], [ 73.012146725442193, 19.0675237453605 ], [ 73.012112019929504, 19.067528609444899 ], [ 73.010789382726003, 19.0676370532729 ], [ 73.0098270436132, 19.067717558083299 ], [ 73.008012916558201, 19.0678511627003 ], [ 73.007266243182301, 19.067888845903799 ], [ 73.006307527873403, 19.067928242434 ], [ 73.005176644152101, 19.068001896311699 ], [ 73.004100129166702, 19.068068698519099 ], [ 73.002809760346594, 19.068147490635798 ], [ 73.002061150202806, 19.068202143236402 ], [ 73.002206743754201, 19.069942958931101 ], [ 73.002335350163506, 19.0713097563542 ], [ 73.002463956572896, 19.072542593686698 ], [ 73.002566316904506, 19.073882083790899 ], [ 73.002579201440696, 19.074041966632102 ], [ 73.002716577203799, 19.075746655196799 ], [ 73.002913424133695, 19.0776574043865 ], [ 73.003015947958801, 19.0784868100097 ], [ 73.003055591510602, 19.0786616489831 ], [ 73.003060767603202, 19.078684475277299 ], [ 73.003112466546199, 19.078827883455201 ], [ 73.003168510640094, 19.078972429977501 ], [ 73.003205930861597, 19.079065141706302 ], [ 73.003312966026002, 19.0792925940349 ], [ 73.003437438388403, 19.0795233960751 ], [ 73.0036696564826, 19.079926963955099 ], [ 73.005911030371607, 19.0833094164391 ], [ 73.006459556057095, 19.0841789750963 ], [ 73.006473339806803, 19.084203092721499 ], [ 73.006498566296699, 19.0842397662087 ], [ 73.007495053068297, 19.085749093166999 ], [ 73.008193157231801, 19.086814033027899 ], [ 73.009034779838302, 19.088110036258701 ], [ 73.009127414110395, 19.0882525483023 ], [ 73.009208363995597, 19.0882011842506 ], [ 73.009383640578903, 19.088089922724102 ], [ 73.010269891488804, 19.087558999402098 ], [ 73.010708744556197, 19.0881961951326 ], [ 73.010933831823706, 19.0881104751519 ], [ 73.010991269204595, 19.088097859306298 ], [ 73.011105167497803, 19.0880819020981 ], [ 73.011180757135705, 19.088059678136801 ], [ 73.012331392115101, 19.087404079698899 ], [ 73.012831226417305, 19.0881494653331 ], [ 73.014138794381907, 19.087334906594201 ], [ 73.014131650978797, 19.087320124227599 ], [ 73.013976432877499, 19.087108464498801 ], [ 73.013417383428404, 19.0862886635751 ], [ 73.013139296457496, 19.085910787216498 ], [ 73.013038788451894, 19.085968101308499 ], [ 73.012922373977602, 19.0857784714137 ], [ 73.012865021936605, 19.085685048639 ], [ 73.012663514547, 19.085358596127001 ], [ 73.012632338515104, 19.085307799116698 ], [ 73.012593016560203, 19.0852710689872 ], [ 73.012540950206301, 19.085222434194598 ], [ 73.0125028715197, 19.0851875912354 ], [ 73.012425434047302, 19.085119732210199 ], [ 73.012347996574903, 19.085022600050099 ], [ 73.011652465186302, 19.083924876867801 ], [ 73.011034371270298, 19.083013428881301 ], [ 73.010499346365094, 19.082164513201999 ], [ 73.010320297755996, 19.081910187758801 ], [ 73.009984838082801, 19.081380489195901 ], [ 73.009965561135104, 19.0813311927717 ], [ 73.009948551535203, 19.081235814035299 ], [ 73.0098597907986, 19.079690336022299 ], [ 73.009829337910503, 19.079135657089299 ], [ 73.009684063261005, 19.076909414402301 ], [ 73.009617964324093, 19.076206013085301 ], [ 73.009530671434703, 19.075291861047202 ], [ 73.009454300262504, 19.074460101303 ] ] ] ] } },
{ "type": "Feature", "id": 59, "properties": { "tessellate": -1, "extrude": 0, "visibility": -1, "objectid": 58.0, "townname": "Navi Mumbai", "towncensuscode2011": "400708", "town_lgd_code": 251472.0, "ward_lgd_code": 48589.0, "ward_lgd_name": "Navi Mumbai (M Corp.) - Ward No.58", "sourcewardcode": "58", "state": "Maharashtra" }, "geometry": { "type": "MultiPolygon", "coordinates": [ [ [ [ 73.003770631612099, 19.084938948140501 ], [ 73.004102201580096, 19.0847483059793 ], [ 73.004156151701096, 19.084827990040399 ], [ 73.004257923636303, 19.0849783058102 ], [ 73.005379914934593, 19.084349580328698 ], [ 73.005592510229704, 19.0846869106079 ], [ 73.005643338705099, 19.084659116291 ], [ 73.006021517761695, 19.084452315899501 ], [ 73.006473339806803, 19.084203092721499 ], [ 73.006459556057095, 19.0841789750963 ], [ 73.005911030371607, 19.0833094164391 ], [ 73.0036696564826, 19.079926963955099 ], [ 73.003437438388403, 19.0795233960751 ], [ 73.003312966026002, 19.0792925940349 ], [ 73.003205930861597, 19.079065141706302 ], [ 73.003168510640094, 19.078972429977501 ], [ 73.003112466546199, 19.078827883455201 ], [ 73.003060767603202, 19.078684475277299 ], [ 73.003055591510602, 19.0786616489831 ], [ 73.002962594319101, 19.078687147839101 ], [ 73.002678847961903, 19.0787515983343 ], [ 73.002438721099907, 19.078805293194598 ], [ 73.001761572835406, 19.079039211632001 ], [ 73.001925438119599, 19.0793200522121 ], [ 73.002011644945796, 19.0794473540792 ], [ 73.002434245693195, 19.080017704703099 ], [ 73.001849689479897, 19.080395524043698 ], [ 73.001315526059102, 19.079641472067902 ], [ 73.001252571225706, 19.079676575128701 ], [ 73.001051908252506, 19.0797994323868 ], [ 73.001044021044294, 19.079789769459701 ], [ 73.001014089178994, 19.079753096685099 ], [ 73.000695151320599, 19.079937624408 ], [ 73.000727650570894, 19.079993439597601 ], [ 73.000585985352302, 19.080073622590302 ], [ 73.000833434382102, 19.0804336237819 ], [ 73.000045627149305, 19.080944790035399 ], [ 72.999894448771897, 19.080744768202901 ], [ 72.999275542778705, 19.081150268733001 ], [ 72.999301610091706, 19.081185966593999 ], [ 72.999860328960693, 19.081960966285301 ], [ 73.001458725600301, 19.084158591969199 ], [ 73.001795248878807, 19.084680947649201 ], [ 73.002473011590894, 19.085735565385001 ], [ 73.003119791409006, 19.0853698691629 ], [ 73.003770631612099, 19.084938948140501 ] ] ] ] } },
{ "type": "Feature", "id": 60, "properties": { "tessellate": -1, "extrude": 0, "visibility": -1, "objectid": 59.0, "townname": "Navi Mumbai", "towncensuscode2011": "400708", "town_lgd_code": 251472.0, "ward_lgd_code": 48590.0, "ward_lgd_name": "Navi Mumbai (M Corp.) - Ward No.59", "sourcewardcode": "59", "state": "Maharashtra" }, "geometry": { "type": "MultiPolygon", "coordinates": [ [ [ [ 72.998833130586107, 19.090324610355299 ], [ 73.000199970291504, 19.0894284322471 ], [ 73.001033314922694, 19.088864380754501 ], [ 73.002004780918796, 19.0882976328617 ], [ 73.001915044611806, 19.088130663389201 ], [ 73.001972107395304, 19.0880360466575 ], [ 73.001900242172496, 19.087791087928299 ], [ 73.001589465508403, 19.087870952194901 ], [ 73.001492606459493, 19.087495777334698 ], [ 73.001351232294994, 19.0875506824752 ], [ 73.001318309938199, 19.0874847964742 ], [ 73.001151759589604, 19.087525060191801 ], [ 73.001128520173197, 19.0874536841736 ], [ 73.001016117574906, 19.087490872239101 ], [ 73.000998765716901, 19.0874264514615 ], [ 73.000849679515795, 19.087463223559201 ], [ 73.000788560838799, 19.0872969171064 ], [ 73.000721110835599, 19.087175326916601 ], [ 73.000670665940902, 19.087131404234199 ], [ 73.000562406372694, 19.0870767689138 ], [ 73.000278152467402, 19.0870403897841 ], [ 73.000273393192998, 19.0868784693245 ], [ 73.000255941622001, 19.086874720452499 ], [ 73.000251689895705, 19.0868100422094 ], [ 73.0001405090063, 19.086808123628298 ], [ 73.000132386439503, 19.086706892125601 ], [ 73.000168193286697, 19.086698456305701 ], [ 73.000163257942503, 19.0866518135234 ], [ 73.000145943813706, 19.086653484218601 ], [ 73.0001383261001, 19.086551326437601 ], [ 73.000229739561703, 19.086534528638602 ], [ 73.000335491931907, 19.086532775595899 ], [ 73.000343482446397, 19.086476141693399 ], [ 73.000509039258304, 19.0865056047043 ], [ 73.000528390766206, 19.086483253191702 ], [ 73.000648795556998, 19.086469030194898 ], [ 73.000705773000504, 19.086415185011401 ], [ 73.000760600775493, 19.086316638441101 ], [ 73.000750925021606, 19.0862566970236 ], [ 73.000754218245405, 19.086060103657601 ], [ 73.000663229686893, 19.086063506183201 ], [ 73.000622940246501, 19.085941475339901 ], [ 73.000624329940194, 19.085775894895999 ], [ 73.000554365552603, 19.085549919281402 ], [ 73.000667725754894, 19.085521463787899 ], [ 73.000650012774202, 19.085409312472802 ], [ 73.000828155881507, 19.085378139507799 ], [ 73.001158526598601, 19.085338267477098 ], [ 73.001120286215297, 19.085156465769099 ], [ 73.001230010037304, 19.085129090906499 ], [ 73.001213569070998, 19.084967608328402 ], [ 73.001376977112798, 19.084911238759801 ], [ 73.001564202187694, 19.084865148133801 ], [ 73.001552668717693, 19.084764867954199 ], [ 73.001795248878807, 19.084680947649201 ], [ 73.001458725600301, 19.084158591969199 ], [ 72.999860328960693, 19.081960966285301 ], [ 72.999301610091706, 19.081185966593999 ], [ 72.999275315505002, 19.081202970383401 ], [ 72.999141210507801, 19.081286150461501 ], [ 72.998566685781299, 19.081635583757901 ], [ 72.998754947511998, 19.0819359705145 ], [ 72.998241863957702, 19.082225114039399 ], [ 72.998306532776695, 19.082314309283401 ], [ 72.998174860417294, 19.082399825120099 ], [ 72.998028152955001, 19.082855456346302 ], [ 72.997771724365606, 19.083031531872098 ], [ 72.997939918631204, 19.083257756269202 ], [ 72.998405848717894, 19.083894943082399 ], [ 72.997780084087594, 19.084303954766899 ], [ 72.997763886564698, 19.084315339086 ], [ 72.997394694254297, 19.084574822398199 ], [ 72.997284306577299, 19.084622407241099 ], [ 72.997175854769694, 19.0846516906063 ], [ 72.997061593557106, 19.084671822386301 ], [ 72.996993368307898, 19.084681225252801 ], [ 72.996918874614593, 19.084697229480302 ], [ 72.996759245785199, 19.084741400699102 ], [ 72.996722515469898, 19.084756436280099 ], [ 72.9966269365203, 19.084801852028999 ], [ 72.995405289717695, 19.085561748357399 ], [ 72.992326537761897, 19.087279497119301 ], [ 72.993650406555602, 19.088611003657899 ], [ 72.995168128194507, 19.090210584499701 ], [ 72.995551104254602, 19.090438456163199 ], [ 72.996208310818105, 19.090724413315499 ], [ 72.996629112240001, 19.0908539865856 ], [ 72.997293171152506, 19.091049322120199 ], [ 72.998833130586107, 19.090324610355299 ] ] ] ] } },
{ "type": "Feature", "id": 61, "properties": { "tessellate": -1, "extrude": 0, "visibility": -1, "objectid": 60.0, "townname": "Navi Mumbai", "towncensuscode2011": "400708", "town_lgd_code": 251472.0, "ward_lgd_code": 48592.0, "ward_lgd_name": "Navi Mumbai (M Corp.) - Ward No.61", "sourcewardcode": "61", "state": "Maharashtra" }, "geometry": { "type": "MultiPolygon", "coordinates": [ [ [ [ 72.9982124387423, 19.078834109805499 ], [ 72.998173220093605, 19.078419784477301 ], [ 72.998098389532103, 19.078426900566299 ], [ 72.997907294515002, 19.078451289851301 ], [ 72.997564858525294, 19.078482753619699 ], [ 72.997574077036802, 19.078727403507902 ], [ 72.996738398582494, 19.078803012859201 ], [ 72.996769162287706, 19.0790695240863 ], [ 72.996451554834096, 19.079096978055599 ], [ 72.996465111310101, 19.079217774447802 ], [ 72.9963973289303, 19.079221435200399 ], [ 72.996375389376198, 19.079222382649402 ], [ 72.995137760646301, 19.0793317442002 ], [ 72.995186704456202, 19.0798083117181 ], [ 72.995201964137905, 19.079902038341402 ], [ 72.995271760540604, 19.0802136141854 ], [ 72.995390280665902, 19.080643531295902 ], [ 72.995494858938002, 19.080947349649101 ], [ 72.995566513954998, 19.0811065796142 ], [ 72.995653663113998, 19.081289601475799 ], [ 72.995726591043706, 19.081421178876301 ], [ 72.995865043886795, 19.081653382973101 ], [ 72.995905240800894, 19.081715994324799 ], [ 72.996093277952795, 19.082008878726501 ], [ 72.996716873151598, 19.0828562670936 ], [ 72.997264939798001, 19.083623121821599 ], [ 72.997729731719303, 19.0842691812277 ], [ 72.997763886564698, 19.084315339086 ], [ 72.997780084087594, 19.084303954766899 ], [ 72.998405848717894, 19.083894943082399 ], [ 72.997939918631204, 19.083257756269202 ], [ 72.997771724365606, 19.083031531872098 ], [ 72.998028152955001, 19.082855456346302 ], [ 72.998174860417294, 19.082399825120099 ], [ 72.998306532776695, 19.082314309283401 ], [ 72.998241863957702, 19.082225114039399 ], [ 72.998754947511998, 19.0819359705145 ], [ 72.998566685781299, 19.081635583757901 ], [ 72.999141210507801, 19.081286150461501 ], [ 72.999275315505002, 19.081202970383401 ], [ 72.999301610091706, 19.081185966593999 ], [ 72.999275542778705, 19.081150268733001 ], [ 72.9991686486498, 19.081009577538001 ], [ 72.999073700317496, 19.080882231027601 ], [ 72.998845912714302, 19.080562575174898 ], [ 72.998698678839304, 19.080330456992101 ], [ 72.998663188199004, 19.080262843025199 ], [ 72.998577976706102, 19.080096290782599 ], [ 72.998404709654096, 19.079678306170901 ], [ 72.998335897805006, 19.079463027715299 ], [ 72.9982523176527, 19.079108996912598 ], [ 72.9982124387423, 19.078834109805499 ] ] ] ] } },
{ "type": "Feature", "id": 62, "properties": { "tessellate": -1, "extrude": 0, "visibility": -1, "objectid": 61.0, "townname": "Navi Mumbai", "towncensuscode2011": "400708", "town_lgd_code": 251472.0, "ward_lgd_code": 48591.0, "ward_lgd_name": "Navi Mumbai (M Corp.) - Ward No.60", "sourcewardcode": "60", "state": "Maharashtra" }, "geometry": { "type": "MultiPolygon", "coordinates": [ [ [ [ 72.983268800497598, 19.076017855190901 ], [ 72.983144483543697, 19.076228386360398 ], [ 72.983116515395693, 19.076367153575099 ], [ 72.983116515395693, 19.076436537563399 ], [ 72.983133995712805, 19.076502617282699 ], [ 72.983165459205594, 19.076565393585799 ], [ 72.984584819812397, 19.0781843446529 ], [ 72.984859622542601, 19.078520192448501 ], [ 72.984980136927902, 19.078707783784001 ], [ 72.986220724708303, 19.079913720100901 ], [ 72.986461753478807, 19.080188405061001 ], [ 72.9865964459742, 19.080422891199099 ], [ 72.986709870855293, 19.080844965920601 ], [ 72.986802029020296, 19.081200044023699 ], [ 72.987043056892404, 19.0816087168382 ], [ 72.9907435544159, 19.084971860664499 ], [ 72.990828623076695, 19.085246536387 ], [ 72.990949137461996, 19.085722193806099 ], [ 72.991041294728703, 19.085970071684301 ], [ 72.991168898618199, 19.086124157378801 ], [ 72.992326537761897, 19.087279497119301 ], [ 72.995405289717695, 19.085561748357399 ], [ 72.9966269365203, 19.084801852028999 ], [ 72.996722515469898, 19.084756436280099 ], [ 72.996759245785199, 19.084741400699102 ], [ 72.996918874614593, 19.084697229480302 ], [ 72.996993368307898, 19.084681225252801 ], [ 72.997061593557106, 19.084671822386301 ], [ 72.997175854769694, 19.0846516906063 ], [ 72.997284306577299, 19.084622407241099 ], [ 72.997394694254297, 19.084574822398199 ], [ 72.997763886564698, 19.084315339086 ], [ 72.997729731719303, 19.0842691812277 ], [ 72.997264939798001, 19.083623121821599 ], [ 72.996716873151598, 19.0828562670936 ], [ 72.996093277952795, 19.082008878726501 ], [ 72.995905240800894, 19.081715994324799 ], [ 72.995865043886795, 19.081653382973101 ], [ 72.995726591043706, 19.081421178876301 ], [ 72.995653663113998, 19.081289601475799 ], [ 72.995566513954998, 19.0811065796142 ], [ 72.995494858938002, 19.080947349649101 ], [ 72.995390280665902, 19.080643531295902 ], [ 72.995271760540604, 19.0802136141854 ], [ 72.995201964137905, 19.079902038341402 ], [ 72.995186704456202, 19.0798083117181 ], [ 72.995137760646301, 19.0793317442002 ], [ 72.996375389376198, 19.079222382649402 ], [ 72.9963973289303, 19.079221435200399 ], [ 72.996465111310101, 19.079217774447802 ], [ 72.996451554834096, 19.079096978055599 ], [ 72.996769162287706, 19.0790695240863 ], [ 72.996738398582494, 19.078803012859201 ], [ 72.997574077036802, 19.078727403507902 ], [ 72.997564858525294, 19.078482753619699 ], [ 72.997907294515002, 19.078451289851301 ], [ 72.998098389532103, 19.078426900566299 ], [ 72.998173220093605, 19.078419784477301 ], [ 72.998170697624303, 19.0784101392981 ], [ 72.998070378264998, 19.077309668295801 ], [ 72.997919386736996, 19.075616481758701 ], [ 72.997813278633998, 19.0744400039396 ], [ 72.997800335707396, 19.074296498574299 ], [ 72.9977132251759, 19.0733222837783 ], [ 72.997591270791304, 19.073338749260699 ], [ 72.996824697935196, 19.073412844760099 ], [ 72.996742652105297, 19.072514453485901 ], [ 72.996698251075799, 19.072024310616101 ], [ 72.995104149281602, 19.072141358714301 ], [ 72.995079236303795, 19.072145608832599 ], [ 72.995088094590798, 19.072210733435 ], [ 72.995136263154706, 19.072673425818301 ], [ 72.995174076838296, 19.0730386814217 ], [ 72.995274434825205, 19.0741243828144 ], [ 72.995330482512401, 19.074730724390601 ], [ 72.993827345022197, 19.074856591593502 ], [ 72.991284664508797, 19.0750570959698 ], [ 72.9895311521759, 19.075159470540399 ], [ 72.983502185503298, 19.075597659714301 ], [ 72.983268800497598, 19.076017855190901 ] ] ] ] } },
{ "type": "Feature", "id": 63, "properties": { "tessellate": -1, "extrude": 0, "visibility": -1, "objectid": 64.0, "townname": "Navi Mumbai", "towncensuscode2011": "400708", "town_lgd_code": 251472.0, "ward_lgd_code": 48595.0, "ward_lgd_name": "Navi Mumbai (M Corp.) - Ward No.64", "sourcewardcode": "64", "state": "Maharashtra" }, "geometry": { "type": "MultiPolygon", "coordinates": [ [ [ [ 72.984396585929403, 19.070357746094 ], [ 72.9843980070642, 19.070376499114399 ], [ 72.984405734372302, 19.070478505557801 ], [ 72.9843602535678, 19.070475029697 ], [ 72.974393110418902, 19.070199179067401 ], [ 72.974788052038605, 19.0706137049423 ], [ 72.978019922732898, 19.074030000045202 ], [ 72.979606694274295, 19.075243396518299 ], [ 72.980014464734694, 19.0755811987013 ], [ 72.980261141213305, 19.075723931225198 ], [ 72.980583330074793, 19.075838118174602 ], [ 72.980784699123902, 19.075871422191401 ], [ 72.981393837734899, 19.0759047262015 ], [ 72.982925721314203, 19.0756349811859 ], [ 72.983502185503298, 19.075597659714301 ], [ 72.9895311521759, 19.075159470540399 ], [ 72.991284664508797, 19.0750570959698 ], [ 72.993827345022197, 19.074856591593502 ], [ 72.995330482512401, 19.074730724390601 ], [ 72.995274434825205, 19.0741243828144 ], [ 72.995174076838296, 19.0730386814217 ], [ 72.995136263154706, 19.072673425818301 ], [ 72.995088094590798, 19.072210733435 ], [ 72.995079236303795, 19.072145608832599 ], [ 72.995066017594397, 19.0720520815828 ], [ 72.994993232496796, 19.0709268714708 ], [ 72.994996001104596, 19.070424371606101 ], [ 72.995007078230302, 19.070345855652398 ], [ 72.995034769697298, 19.070251636289001 ], [ 72.995070768784004, 19.070157417721099 ], [ 72.995092922137204, 19.070076284126301 ], [ 72.995087384023506, 19.069984682974798 ], [ 72.995073538290001, 19.069427218183101 ], [ 72.995076307795998, 19.069364405214898 ], [ 72.995060800179303, 19.068834402496901 ], [ 72.994921703244003, 19.068847198104201 ], [ 72.9929482644649, 19.069008178492702 ], [ 72.992689838022301, 19.069035932984299 ], [ 72.992237591074002, 19.069096994547699 ], [ 72.992185606466805, 19.0691057437034 ], [ 72.991396661068606, 19.069201860428699 ], [ 72.987946554557396, 19.069475592718899 ], [ 72.987577987474495, 19.069485602646999 ], [ 72.987454952416499, 19.069482480806101 ], [ 72.987242738905394, 19.0694582880223 ], [ 72.987004927001905, 19.0694145847832 ], [ 72.986765032803604, 19.0693478578319 ], [ 72.986411248396905, 19.069224668498599 ], [ 72.986277516200602, 19.069159665830799 ], [ 72.986079380188201, 19.069047541645102 ], [ 72.985900040524896, 19.0689280393883 ], [ 72.985649739343998, 19.068728054839401 ], [ 72.985522571137494, 19.0686061224485 ], [ 72.985082246629602, 19.0689958422182 ], [ 72.985032221248105, 19.069045183065501 ], [ 72.984990542113806, 19.0691074510835 ], [ 72.984969359839397, 19.069149334104299 ], [ 72.984948425500093, 19.0691926044132 ], [ 72.984929473742497, 19.069246966304501 ], [ 72.984921286496999, 19.0693024616189 ], [ 72.984918420871196, 19.0694383895718 ], [ 72.984929473742497, 19.069772105382999 ], [ 72.984922631274998, 19.069856274361001 ], [ 72.984915562431993, 19.069895165258799 ], [ 72.984909267038503, 19.069916085021202 ], [ 72.984899933542707, 19.069932867525001 ], [ 72.984884379213597, 19.069948627811701 ], [ 72.984847890544998, 19.069966225367601 ], [ 72.984796628183304, 19.069982126587799 ], [ 72.984747764323501, 19.069994678438899 ], [ 72.984653176215602, 19.070022612756699 ], [ 72.984630015850996, 19.070030669915798 ], [ 72.984583493898995, 19.0700540237886 ], [ 72.984557655656502, 19.070070659398802 ], [ 72.984539145870102, 19.070085788004999 ], [ 72.984503955267201, 19.070120685081399 ], [ 72.984485913502994, 19.070142004701399 ], [ 72.984448842726195, 19.0701878506623 ], [ 72.984421069512507, 19.070235064373101 ], [ 72.984411241943306, 19.070256789807299 ], [ 72.984398779615404, 19.070299927380798 ], [ 72.984396998256102, 19.0703136958453 ], [ 72.984396585929403, 19.070357746094 ] ] ] ] } },
{ "type": "Feature", "id": 64, "properties": { "tessellate": -1, "extrude": 0, "visibility": -1, "objectid": 65.0, "townname": "Navi Mumbai", "towncensuscode2011": "400708", "town_lgd_code": 251472.0, "ward_lgd_code": 48596.0, "ward_lgd_name": "Navi Mumbai (M Corp.) - Ward No.65", "sourcewardcode": "65", "state": "Maharashtra" }, "geometry": { "type": "MultiPolygon", "coordinates": [ [ [ [ 72.968876880550894, 19.061502130410702 ], [ 72.968850459301805, 19.061907934441301 ], [ 72.968890091175496, 19.0621701460487 ], [ 72.969035408045698, 19.0624261132938 ], [ 72.969405306431895, 19.062763241131002 ], [ 72.969828046418101, 19.063094124360202 ], [ 72.970012996060404, 19.063281417310499 ], [ 72.970151707618399, 19.063487438377599 ], [ 72.970475368818597, 19.063968154054098 ], [ 72.970666922874898, 19.064180417300602 ], [ 72.970878292867994, 19.064361465998001 ], [ 72.971030215948801, 19.064505055530301 ], [ 72.971116085008504, 19.064667373982299 ], [ 72.971373692187598, 19.0656475260325 ], [ 72.971519009057801, 19.065953432492801 ], [ 72.971618089640401, 19.066140721364 ], [ 72.971730379949193, 19.0663904403788 ], [ 72.971809643696602, 19.066652644047899 ], [ 72.971829459633497, 19.066765016922002 ], [ 72.971921934005493, 19.066933576939402 ], [ 72.972159726146003, 19.067208265587201 ], [ 72.972384306763701, 19.067501683352798 ], [ 72.972569255507594, 19.067757642366399 ], [ 72.972707967963899, 19.0679823873893 ], [ 72.972925943269303, 19.0683507174599 ], [ 72.9734873957117, 19.069293390695201 ], [ 72.973652528518798, 19.0695243756183 ], [ 72.9738837153471, 19.069699175654701 ], [ 72.974233796898204, 19.070017559415099 ], [ 72.974365904042202, 19.070129930857 ], [ 72.974393110418902, 19.070199179067401 ], [ 72.9843602535678, 19.070475029697 ], [ 72.984405734372302, 19.070478505557801 ], [ 72.9843980070642, 19.070376499114399 ], [ 72.984396585929403, 19.070357746094 ], [ 72.984396998256102, 19.0703136958453 ], [ 72.984398779615404, 19.070299927380798 ], [ 72.984411241943306, 19.070256789807299 ], [ 72.984421069512507, 19.070235064373101 ], [ 72.984448842726195, 19.0701878506623 ], [ 72.984485913502994, 19.070142004701399 ], [ 72.984503955267201, 19.070120685081399 ], [ 72.984539145870102, 19.070085788004999 ], [ 72.984557655656502, 19.070070659398802 ], [ 72.984583493898995, 19.0700540237886 ], [ 72.984630015850996, 19.070030669915798 ], [ 72.984653176215602, 19.070022612756699 ], [ 72.984747764323501, 19.069994678438899 ], [ 72.984796628183304, 19.069982126587799 ], [ 72.984847890544998, 19.069966225367601 ], [ 72.984884379213597, 19.069948627811701 ], [ 72.984899933542707, 19.069932867525001 ], [ 72.984909267038503, 19.069916085021202 ], [ 72.984915562431993, 19.069895165258799 ], [ 72.984922631274998, 19.069856274361001 ], [ 72.984929473742497, 19.069772105382999 ], [ 72.984918420871196, 19.0694383895718 ], [ 72.984921286496999, 19.0693024616189 ], [ 72.984929473742497, 19.069246966304501 ], [ 72.984948425500093, 19.0691926044132 ], [ 72.984969359839397, 19.069149334104299 ], [ 72.984990542113806, 19.0691074510835 ], [ 72.985032221248105, 19.069045183065501 ], [ 72.985082246629602, 19.0689958422182 ], [ 72.985522571137494, 19.0686061224485 ], [ 72.985649739343998, 19.068728054839401 ], [ 72.985900040524896, 19.0689280393883 ], [ 72.986079380188201, 19.069047541645102 ], [ 72.986277516200602, 19.069159665830799 ], [ 72.986411248396905, 19.069224668498599 ], [ 72.986765032803604, 19.0693478578319 ], [ 72.987004927001905, 19.0694145847832 ], [ 72.987242738905394, 19.0694582880223 ], [ 72.987454952416499, 19.069482480806101 ], [ 72.987577987474495, 19.069485602646999 ], [ 72.987946554557396, 19.069475592718899 ], [ 72.991396661068606, 19.069201860428699 ], [ 72.992185606466805, 19.0691057437034 ], [ 72.992237591074002, 19.069096994547699 ], [ 72.992689838022301, 19.069035932984299 ], [ 72.9929482644649, 19.069008178492702 ], [ 72.994921703244003, 19.068847198104201 ], [ 72.995060800179303, 19.068834402496901 ], [ 72.997297796577897, 19.068658711772802 ], [ 72.998423983008493, 19.068568900427699 ], [ 72.998934643806507, 19.068532277809101 ], [ 72.999881375589496, 19.068450687493002 ], [ 73.002061150202806, 19.068202143236402 ], [ 73.002809760346594, 19.068147490635798 ], [ 73.004100129166702, 19.068068698519099 ], [ 73.005176644152101, 19.068001896311699 ], [ 73.006307527873403, 19.067928242434 ], [ 73.007266243182301, 19.067888845903799 ], [ 73.008012916558201, 19.0678511627003 ], [ 73.0098270436132, 19.067717558083299 ], [ 73.010789382726003, 19.0676370532729 ], [ 73.012112019929504, 19.067528609444899 ], [ 73.012146725442193, 19.0675237453605 ], [ 73.012432537924596, 19.067504956358199 ], [ 73.012408357972106, 19.0666010635878 ], [ 73.012243977054794, 19.066578286571101 ], [ 73.008080551614299, 19.065665785445699 ], [ 73.007669993681702, 19.065565966560001 ], [ 73.005376026127706, 19.065014619533901 ], [ 73.0033585815778, 19.064498021200698 ], [ 73.002948047001397, 19.064396213998702 ], [ 73.001702524775098, 19.064105637588099 ], [ 73.0016935748599, 19.0639980693641 ], [ 73.001597677906702, 19.062994214775799 ], [ 73.001500609550405, 19.0618939564106 ], [ 73.001416605393203, 19.060959641721599 ], [ 73.001355721176495, 19.060552630548301 ], [ 73.001337754870903, 19.060093955230101 ], [ 73.001340767820295, 19.059235359056601 ], [ 73.000809938945906, 19.058728175076499 ], [ 73.0005483010261, 19.0585576266758 ], [ 73.000427218007303, 19.058481328829 ], [ 73.000314206351305, 19.058415713162201 ], [ 73.0000429789159, 19.058276851105902 ], [ 72.9994940660564, 19.058006756452901 ], [ 72.999360067060493, 19.0579701340484 ], [ 72.999062328544397, 19.057908358558102 ], [ 72.998896720528506, 19.0578739980756 ], [ 72.998772408066202, 19.0578450054577 ], [ 72.998661010682795, 19.057817537779201 ], [ 72.998631819927596, 19.0578062059808 ], [ 72.998362414275604, 19.057742280562401 ], [ 72.998235432020294, 19.0576948297972 ], [ 72.998114357086294, 19.057622259011399 ], [ 72.997981469306296, 19.057502236524499 ], [ 72.997128922287601, 19.056435544275999 ], [ 72.996355814187794, 19.0553619777214 ], [ 72.996244889318206, 19.0553977821783 ], [ 72.9960609125514, 19.055471943434402 ], [ 72.995836352595006, 19.055612594323399 ], [ 72.994618352054005, 19.056701833346199 ], [ 72.994132199991995, 19.057125379649499 ], [ 72.993405086533002, 19.057756701312901 ], [ 72.9930795757016, 19.057976464769801 ], [ 72.992741383353305, 19.0581762500181 ], [ 72.991853627765394, 19.058631758499601 ], [ 72.991591529009895, 19.058771606881901 ], [ 72.990023161253603, 19.058795581315199 ], [ 72.989668059018399, 19.058767611142699 ], [ 72.989431324194996, 19.058707675892101 ], [ 72.989232635718807, 19.0585558402232 ], [ 72.988260332492899, 19.058388021422399 ], [ 72.987803772732903, 19.0580164223481 ], [ 72.987583947796395, 19.057936508030799 ], [ 72.987359894489799, 19.057864585197301 ], [ 72.987216163146002, 19.057772684366601 ], [ 72.986806104676702, 19.0574849934101 ], [ 72.986582052268403, 19.057369117733199 ], [ 72.986336862501503, 19.057277216627998 ], [ 72.986146628968797, 19.057177323916999 ], [ 72.986032489028702, 19.057041469122101 ], [ 72.985740797971104, 19.056581961330298 ], [ 72.985613975616005, 19.056442110252501 ], [ 72.985402605622895, 19.056330229644999 ], [ 72.9851996896749, 19.056230336363701 ], [ 72.985022138557298, 19.0561424304301 ], [ 72.984886862156998, 19.0560345454256 ], [ 72.984772722217002, 19.055882706460501 ], [ 72.984641672390097, 19.055642962007099 ], [ 72.984527532450102, 19.055411207998599 ], [ 72.984430302397001, 19.055267360959299 ], [ 72.984261206222897, 19.055171462014702 ], [ 72.9841639752715, 19.055151483733098 ], [ 72.983817327979693, 19.0550595805502 ], [ 72.983508727035201, 19.054919729038001 ], [ 72.983204354460796, 19.054671990668101 ], [ 72.982971847109098, 19.054408269401002 ], [ 72.982713974926995, 19.054144547714699 ], [ 72.982295461514198, 19.053876829751999 ], [ 72.981876155787305, 19.053523201118399 ], [ 72.981598731773104, 19.053267220132899 ], [ 72.981281676783397, 19.0530674289719 ], [ 72.980891962460404, 19.0528926122516 ], [ 72.980158771898502, 19.0526553598446 ], [ 72.979815294761394, 19.052505516580499 ], [ 72.979445397273494, 19.052274507949999 ], [ 72.979240631694395, 19.052112176519501 ], [ 72.978864128894202, 19.051800001878 ], [ 72.978514046444801, 19.051575234923298 ], [ 72.976992734239801, 19.051297713217799 ], [ 72.974016869028404, 19.050754848111399 ], [ 72.973676030243297, 19.0513837044256 ], [ 72.972382951205901, 19.0537140846798 ], [ 72.971255082230698, 19.055677010486999 ], [ 72.9704603570719, 19.0574158477224 ], [ 72.969537462085, 19.059568293884201 ], [ 72.968919553221895, 19.061233869887499 ], [ 72.968876880550894, 19.061502130410702 ] ] ] ] } },
{ "type": "Feature", "id": 65, "properties": { "tessellate": -1, "extrude": 0, "visibility": -1, "objectid": 66.0, "townname": "Navi Mumbai", "towncensuscode2011": "400708", "town_lgd_code": 251472.0, "ward_lgd_code": 48597.0, "ward_lgd_name": "Navi Mumbai (M Corp.) - Ward No.66", "sourcewardcode": "66", "state": "Maharashtra" }, "geometry": { "type": "MultiPolygon", "coordinates": [ [ [ [ 73.010683711204194, 19.0716129448796 ], [ 73.010695439608497, 19.0717002389671 ], [ 73.011684148766406, 19.071617377548101 ], [ 73.014212237046294, 19.071418799655401 ], [ 73.014167926746595, 19.070860898201499 ], [ 73.015294292840295, 19.070782877428499 ], [ 73.014981208404294, 19.067299092260001 ], [ 73.014950177001097, 19.0673023983815 ], [ 73.012432537924596, 19.067504956358199 ], [ 73.012146725442193, 19.0675237453605 ], [ 73.012182968870604, 19.0681583955168 ], [ 73.012191760682299, 19.068431719451599 ], [ 73.012256757386396, 19.069302983765901 ], [ 73.011898387978505, 19.069302983765901 ], [ 73.011739020558906, 19.069306885859 ], [ 73.011525155045902, 19.0693357618551 ], [ 73.011421938619804, 19.069349809727001 ], [ 73.010476047659907, 19.069380040749898 ], [ 73.010501912851893, 19.070375374171 ], [ 73.010509644651506, 19.070459069093101 ], [ 73.010582849262406, 19.0709904988971 ], [ 73.010673802786599, 19.071539200064802 ], [ 73.010683711204194, 19.0716129448796 ] ] ] ] } },
{ "type": "Feature", "id": 66, "properties": { "tessellate": -1, "extrude": 0, "visibility": -1, "objectid": 67.0, "townname": "Navi Mumbai", "towncensuscode2011": "400708", "town_lgd_code": 251472.0, "ward_lgd_code": 2517930.0, "ward_lgd_name": "Navi Mumbai (M Corp.) - Ward No.67", "sourcewardcode": "67", "state": "Maharashtra" }, "geometry": { "type": "MultiPolygon", "coordinates": [ [ [ [ 73.011699519839198, 19.071837882493401 ], [ 73.011689371571507, 19.071684427906501 ], [ 73.011686450250195, 19.071652176666301 ], [ 73.011684148766406, 19.071617377548101 ], [ 73.010695439608497, 19.0717002389671 ], [ 73.009960104768098, 19.071760732412301 ], [ 73.009965582694704, 19.071813573739501 ], [ 73.009966357940797, 19.071821051789101 ], [ 73.009792952548196, 19.071832754494501 ], [ 73.009192623715194, 19.071873270775601 ], [ 73.009343807482594, 19.073367820672999 ], [ 73.009422220525394, 19.074142973250598 ], [ 73.009454300262504, 19.074460101303 ], [ 73.009530671434703, 19.075291861047202 ], [ 73.009617964324093, 19.076206013085301 ], [ 73.009684063261005, 19.076909414402301 ], [ 73.009829337910503, 19.079135657089299 ], [ 73.0098597907986, 19.079690336022299 ], [ 73.009948551535203, 19.081235814035299 ], [ 73.009965561135104, 19.0813311927717 ], [ 73.009984838082801, 19.081380489195901 ], [ 73.010320297755996, 19.081910187758801 ], [ 73.010499346365094, 19.082164513201999 ], [ 73.011034371270298, 19.083013428881301 ], [ 73.011652465186302, 19.083924876867801 ], [ 73.012347996574903, 19.085022600050099 ], [ 73.012425434047302, 19.085119732210199 ], [ 73.0125028715197, 19.0851875912354 ], [ 73.012540950206301, 19.085222434194598 ], [ 73.012593016560203, 19.0852710689872 ], [ 73.012632338515104, 19.085307799116698 ], [ 73.012663514547, 19.085358596127001 ], [ 73.012865021936605, 19.085685048639 ], [ 73.012922373977602, 19.0857784714137 ], [ 73.013038788451894, 19.085968101308499 ], [ 73.013139296457496, 19.085910787216498 ], [ 73.013417383428404, 19.0862886635751 ], [ 73.013976432877499, 19.087108464498801 ], [ 73.014131650978797, 19.087320124227599 ], [ 73.014138794381907, 19.087334906594201 ], [ 73.014166739173803, 19.087317498496098 ], [ 73.014183638280898, 19.087306970950898 ], [ 73.014195062156404, 19.087299854394399 ], [ 73.014257905598697, 19.087262415003501 ], [ 73.016177130152101, 19.086180988353998 ], [ 73.016236321044502, 19.086151970126402 ], [ 73.016455350971995, 19.0859167586203 ], [ 73.016484981901698, 19.0858954282963 ], [ 73.016447752123, 19.085447729408902 ], [ 73.016425110086303, 19.0847856177488 ], [ 73.016428276647702, 19.084148072712502 ], [ 73.016556946837397, 19.0830937233222 ], [ 73.017225030202397, 19.080018037497201 ], [ 73.017349889738696, 19.079601613937701 ], [ 73.017401888718894, 19.0794535736146 ], [ 73.017501414865805, 19.079233780052299 ], [ 73.017629328674104, 19.0790208611546 ], [ 73.017748676147804, 19.078792036516202 ], [ 73.017936044054807, 19.078416503197701 ], [ 73.0180574387891, 19.077697528714101 ], [ 73.018248895827298, 19.0764973629297 ], [ 73.018526488724802, 19.074241878547198 ], [ 73.018582270510706, 19.073832617883198 ], [ 73.018731300118006, 19.072650699727301 ], [ 73.018679927263506, 19.0726844849199 ], [ 73.018653032602202, 19.072699063983201 ], [ 73.018566779063605, 19.072736772403498 ], [ 73.018471445354095, 19.072766023909701 ], [ 73.018300660347194, 19.072803947961098 ], [ 73.015483242680602, 19.073032746060701 ], [ 73.015400454842293, 19.072130317405499 ], [ 73.0144030922133, 19.072219035850001 ], [ 73.013097395439402, 19.072309978637399 ], [ 73.0117402799969, 19.072418263120401 ], [ 73.011699519839198, 19.071837882493401 ] ] ] ] } },
{ "type": "Feature", "id": 67, "properties": { "tessellate": -1, "extrude": 0, "visibility": -1, "objectid": 68.0, "townname": "Navi Mumbai", "towncensuscode2011": "400708", "town_lgd_code": 251472.0, "ward_lgd_code": 2517931.0, "ward_lgd_name": "Navi Mumbai (M Corp.) - Ward No.68", "sourcewardcode": "68", "state": "Maharashtra" }, "geometry": { "type": "MultiPolygon", "coordinates": [ [ [ [ 73.020616479420397, 19.078254711840501 ], [ 73.020616479420397, 19.078228717966301 ], [ 73.020586449638799, 19.078234738038599 ], [ 73.020506911905201, 19.0782562162216 ], [ 73.020439982924998, 19.078281636185501 ], [ 73.020425165214306, 19.078288781994502 ], [ 73.020388478018106, 19.078315983948201 ], [ 73.020352369337004, 19.078346507929101 ], [ 73.020271620674393, 19.078442663441098 ], [ 73.020180646488896, 19.078542637573701 ], [ 73.020111885843804, 19.078582626700399 ], [ 73.019977902119194, 19.0786483838035 ], [ 73.019889901357303, 19.078701970877901 ], [ 73.019811650909602, 19.078759845238402 ], [ 73.019714667893197, 19.0788462662148 ], [ 73.019658594154805, 19.078907084753599 ], [ 73.019607888748695, 19.078974271393101 ], [ 73.019587081071705, 19.0790121074286 ], [ 73.019572825706504, 19.079057971310601 ], [ 73.019559689642094, 19.079120486011998 ], [ 73.019491245203895, 19.079130804382299 ], [ 73.019387260718204, 19.0791464797462 ], [ 73.019324847568896, 19.079144480424301 ], [ 73.019265608167501, 19.079141481016801 ], [ 73.019264550850394, 19.079095493208399 ], [ 73.019152418645106, 19.079089494391599 ], [ 73.019153476860495, 19.079054504119402 ], [ 73.019123856710607, 19.079049505387299 ], [ 73.019127030458506, 19.079032509866401 ], [ 73.018953294485897, 19.0790325675963 ], [ 73.0189641263716, 19.0789313313409 ], [ 73.018841359909999, 19.0789165439794 ], [ 73.018842563652399, 19.078802796371701 ], [ 73.018754843164999, 19.078800585651901 ], [ 73.018752931549997, 19.078872839838802 ], [ 73.018280194030098, 19.078791184998501 ], [ 73.018267945501194, 19.078876497203201 ], [ 73.018247987630502, 19.079015505005199 ], [ 73.017997639737203, 19.078954081190599 ], [ 73.017809879266395, 19.078823270997798 ], [ 73.017748676147804, 19.078792036516202 ], [ 73.017629328674104, 19.0790208611546 ], [ 73.017501414865805, 19.079233780052299 ], [ 73.017401888718894, 19.0794535736146 ], [ 73.017349889738696, 19.079601613937701 ], [ 73.017225030202397, 19.080018037497201 ], [ 73.016556946837397, 19.0830937233222 ], [ 73.016428276647702, 19.084148072712502 ], [ 73.016425110086303, 19.0847856177488 ], [ 73.016447752123, 19.085447729408902 ], [ 73.017080019657598, 19.0853549889931 ], [ 73.017110965720903, 19.085351730772299 ], [ 73.018007467306404, 19.085257339967999 ], [ 73.018725039758706, 19.0851749683756 ], [ 73.018935851898107, 19.0851826308905 ], [ 73.0193919355509, 19.085234352432501 ], [ 73.020166263562899, 19.085322471301101 ], [ 73.020210828085894, 19.0853276939634 ], [ 73.020573764528606, 19.082542396410901 ], [ 73.020646078010699, 19.082542396410901 ], [ 73.020966324714493, 19.0806068977625 ], [ 73.021175518089706, 19.080628864639699 ], [ 73.021245248915307, 19.080365264467801 ], [ 73.023796834428097, 19.0807561909699 ], [ 73.0241977219967, 19.0807991220594 ], [ 73.024345140924694, 19.080847383759401 ], [ 73.024721071498107, 19.080970455785 ], [ 73.0247768523856, 19.080829962245001 ], [ 73.024814687628805, 19.080737449311801 ], [ 73.0248296023574, 19.080679926263102 ], [ 73.024834638312896, 19.080626485849901 ], [ 73.024827016107693, 19.0805838391178 ], [ 73.024814855613698, 19.080530638080798 ], [ 73.024782832470507, 19.080440503772898 ], [ 73.024723646967999, 19.0803171078988 ], [ 73.024320376169001, 19.0802344664258 ], [ 73.022610405177801, 19.079397307441301 ], [ 73.022089770385307, 19.079103392867001 ], [ 73.0215396699531, 19.0787665673903 ], [ 73.021424277761596, 19.078772327658001 ], [ 73.021404459129798, 19.078611281196501 ], [ 73.021379874935405, 19.078411512936 ], [ 73.020652446167702, 19.0782567111732 ], [ 73.020616479420397, 19.078254711840501 ] ] ] ] } },
{ "type": "Feature", "id": 68, "properties": { "tessellate": -1, "extrude": 0, "visibility": -1, "objectid": 69.0, "townname": "Navi Mumbai", "towncensuscode2011": "400708", "town_lgd_code": 251472.0, "ward_lgd_code": 2517933.0, "ward_lgd_name": "Navi Mumbai (M Corp.) - Ward No.70", "sourcewardcode": "70", "state": "Maharashtra" }, "geometry": { "type": "MultiPolygon", "coordinates": [ [ [ [ 73.017748676147804, 19.078792036516202 ], [ 73.017809879266395, 19.078823270997798 ], [ 73.017997639737203, 19.078954081190599 ], [ 73.018247987630502, 19.079015505005199 ], [ 73.018267945501194, 19.078876497203201 ], [ 73.018280194030098, 19.078791184998501 ], [ 73.018752931549997, 19.078872839838802 ], [ 73.018754843164999, 19.078800585651901 ], [ 73.018842563652399, 19.078802796371701 ], [ 73.018841359909999, 19.0789165439794 ], [ 73.0189641263716, 19.0789313313409 ], [ 73.018953294485897, 19.0790325675963 ], [ 73.019127030458506, 19.079032509866401 ], [ 73.019123856710607, 19.079049505387299 ], [ 73.019153476860495, 19.079054504119402 ], [ 73.019152418645106, 19.079089494391599 ], [ 73.019264550850394, 19.079095493208399 ], [ 73.019265608167501, 19.079141481016801 ], [ 73.019324847568896, 19.079144480424301 ], [ 73.019387260718204, 19.0791464797462 ], [ 73.019491245203895, 19.079130804382299 ], [ 73.019559689642094, 19.079120486011998 ], [ 73.019572825706504, 19.079057971310601 ], [ 73.019587081071705, 19.0790121074286 ], [ 73.019607888748695, 19.078974271393101 ], [ 73.019658594154805, 19.078907084753599 ], [ 73.019714667893197, 19.0788462662148 ], [ 73.019811650909602, 19.078759845238402 ], [ 73.019889901357303, 19.078701970877901 ], [ 73.019977902119194, 19.0786483838035 ], [ 73.020111885843804, 19.078582626700399 ], [ 73.020180646488896, 19.078542637573701 ], [ 73.020271620674393, 19.078442663441098 ], [ 73.020352369337004, 19.078346507929101 ], [ 73.020388478018106, 19.078315983948201 ], [ 73.020425165214306, 19.078288781994502 ], [ 73.020439982924998, 19.078281636185501 ], [ 73.020506911905201, 19.0782562162216 ], [ 73.020586449638799, 19.078234738038599 ], [ 73.020616479420397, 19.078228717966301 ], [ 73.020602691179107, 19.078071183183901 ], [ 73.0206314103187, 19.0779680454859 ], [ 73.020893502785995, 19.077421807266699 ], [ 73.020946639931694, 19.0772144018561 ], [ 73.020910115330594, 19.076968383724399 ], [ 73.020882469677701, 19.0767963870504 ], [ 73.0208744423323, 19.076765571583401 ], [ 73.020855725035105, 19.07675754956 ], [ 73.020616394080406, 19.076722643693401 ], [ 73.020499303174702, 19.076685605177701 ], [ 73.020476650358205, 19.0766799713358 ], [ 73.020433134169195, 19.076675940371 ], [ 73.020343102316502, 19.0766759709343 ], [ 73.019919181944005, 19.076692390238399 ], [ 73.019660711483994, 19.076692390238399 ], [ 73.019515681176301, 19.0766978186264 ], [ 73.0193835749306, 19.076696461953901 ], [ 73.019158131032, 19.076673390879101 ], [ 73.018618216596707, 19.076572966506902 ], [ 73.018248895827298, 19.0764973629297 ], [ 73.0180574387891, 19.077697528714101 ], [ 73.017936044054807, 19.078416503197701 ], [ 73.017748676147804, 19.078792036516202 ] ] ] ] } },
{ "type": "Feature", "id": 69, "properties": { "tessellate": -1, "extrude": 0, "visibility": -1, "objectid": 70.0, "townname": "Navi Mumbai", "towncensuscode2011": "400708", "town_lgd_code": 251472.0, "ward_lgd_code": 2517932.0, "ward_lgd_name": "Navi Mumbai (M Corp.) - Ward No.69", "sourcewardcode": "69", "state": "Maharashtra" }, "geometry": { "type": "MultiPolygon", "coordinates": [ [ [ [ 73.043457105818206, 19.077045805601401 ], [ 73.042209950454705, 19.077057220982599 ], [ 73.041548951204007, 19.077063060264798 ], [ 73.038438495006901, 19.077090540036 ], [ 73.035565106908194, 19.077097337814799 ], [ 73.032490441388603, 19.0770007188279 ], [ 73.031824528353297, 19.076860345872401 ], [ 73.030534965321905, 19.076685132295001 ], [ 73.029672422749101, 19.0765625376097 ], [ 73.029657050777899, 19.076653773458901 ], [ 73.029647091156406, 19.076712886349899 ], [ 73.029599843365702, 19.076708894439101 ], [ 73.028901405028904, 19.076649893612299 ], [ 73.0282187707529, 19.0765972499421 ], [ 73.028214672638597, 19.076725768793899 ], [ 73.028204766916005, 19.076851264325601 ], [ 73.028091666326702, 19.0768414636917 ], [ 73.027210124385604, 19.0767650689865 ], [ 73.027206794330894, 19.0767984271518 ], [ 73.027183030298303, 19.0770364838035 ], [ 73.0262729497789, 19.076956353675399 ], [ 73.0262813930443, 19.0768990967427 ], [ 73.0262871979577, 19.076736662073699 ], [ 73.026300330428796, 19.076313712619601 ], [ 73.026318742298898, 19.075531813954701 ], [ 73.025016910077298, 19.075561108265902 ], [ 73.022511744108499, 19.075489717753001 ], [ 73.022508070897302, 19.075021013044601 ], [ 73.021936064148605, 19.075003084919299 ], [ 73.021042693191802, 19.074970083817501 ], [ 73.021038256412595, 19.075258357401498 ], [ 73.021033923838004, 19.0755398292455 ], [ 73.021004729489604, 19.075576550496098 ], [ 73.020937849018395, 19.075660674076602 ], [ 73.020915905870893, 19.0757035793191 ], [ 73.0208885494756, 19.075790529110201 ], [ 73.020883249415405, 19.075823578440801 ], [ 73.020875460123605, 19.075980995653602 ], [ 73.020870174436396, 19.076019148195101 ], [ 73.020860928077198, 19.0760486342907 ], [ 73.020842181135507, 19.076082686220701 ], [ 73.020821602528997, 19.076111581411801 ], [ 73.020815151727007, 19.076118310462999 ], [ 73.020757514021696, 19.076178428742299 ], [ 73.020659960575102, 19.0762603837128 ], [ 73.020626427363894, 19.076294600302099 ], [ 73.020582400931801, 19.076365344391899 ], [ 73.020535901437796, 19.076446804312901 ], [ 73.02051696046, 19.0765378347722 ], [ 73.020499303174702, 19.076685605177701 ], [ 73.020616394080406, 19.076722643693401 ], [ 73.020855725035105, 19.07675754956 ], [ 73.0208744423323, 19.076765571583401 ], [ 73.020882469677701, 19.0767963870504 ], [ 73.020910115330594, 19.076968383724399 ], [ 73.020946639931694, 19.0772144018561 ], [ 73.020893502785995, 19.077421807266699 ], [ 73.0206314103187, 19.0779680454859 ], [ 73.020602691179107, 19.078071183183901 ], [ 73.020616479420397, 19.078228717966301 ], [ 73.020616479420397, 19.078254711840501 ], [ 73.020652446167702, 19.0782567111732 ], [ 73.021379874935405, 19.078411512936 ], [ 73.021404459129798, 19.078611281196501 ], [ 73.021424277761596, 19.078772327658001 ], [ 73.0215396699531, 19.0787665673903 ], [ 73.022089770385307, 19.079103392867001 ], [ 73.022610405177801, 19.079397307441301 ], [ 73.024320376169001, 19.0802344664258 ], [ 73.024723646967999, 19.0803171078988 ], [ 73.024782832470507, 19.080440503772898 ], [ 73.024814855613698, 19.080530638080798 ], [ 73.024827016107693, 19.0805838391178 ], [ 73.024834638312896, 19.080626485849901 ], [ 73.0248296023574, 19.080679926263102 ], [ 73.024814687628805, 19.080737449311801 ], [ 73.0247768523856, 19.080829962245001 ], [ 73.024721071498107, 19.080970455785 ], [ 73.024345140924694, 19.080847383759401 ], [ 73.0241977219967, 19.0807991220594 ], [ 73.023796834428097, 19.0807561909699 ], [ 73.021245248915307, 19.080365264467801 ], [ 73.021175518089706, 19.080628864639699 ], [ 73.020966324714493, 19.0806068977625 ], [ 73.020646078010699, 19.082542396410901 ], [ 73.020573764528606, 19.082542396410901 ], [ 73.020210828085894, 19.0853276939634 ], [ 73.027985954380696, 19.086235597653101 ], [ 73.027835606944905, 19.087211701771999 ], [ 73.027638277619701, 19.0885551582648 ], [ 73.027451067816202, 19.089712495517201 ], [ 73.027203245985504, 19.091016160376299 ], [ 73.027005154888897, 19.092537362799298 ], [ 73.026727095765807, 19.094197723718601 ], [ 73.0263721749903, 19.096448712286598 ], [ 73.026357819013697, 19.096543545767499 ], [ 73.025870380564101, 19.099641951732501 ], [ 73.023266807749195, 19.106385393596899 ], [ 73.024346080562495, 19.106772045070802 ], [ 73.024369520303196, 19.106718508675399 ], [ 73.024661815927004, 19.106825348870299 ], [ 73.024695529699599, 19.106742088254901 ], [ 73.025322770261894, 19.106945736266301 ], [ 73.025290871086199, 19.1070625364367 ], [ 73.026064431038606, 19.1073149761915 ], [ 73.026560865217405, 19.107486408097099 ], [ 73.026586783409996, 19.107418588772301 ], [ 73.027062025432897, 19.107560396641599 ], [ 73.027014622233693, 19.107682327510901 ], [ 73.028036631040905, 19.107985316168801 ], [ 73.028223890251695, 19.107448087949599 ], [ 73.028505616297906, 19.106692563409599 ], [ 73.028800768564295, 19.1059208770595 ], [ 73.029101226280702, 19.1050810213499 ], [ 73.028981429649306, 19.1050296285675 ], [ 73.029328020347194, 19.104211575044999 ], [ 73.0298788618896, 19.1044078590946 ], [ 73.029770935596403, 19.104664279707499 ], [ 73.030667567437703, 19.104968338335102 ], [ 73.030781268999803, 19.104746201054098 ], [ 73.031465584922003, 19.104764672610202 ], [ 73.032257103095304, 19.104812177799801 ], [ 73.033661242647895, 19.104934355160101 ], [ 73.034636654942901, 19.1050350976193 ], [ 73.035072187837102, 19.105011519494099 ], [ 73.035441937103002, 19.104906490394299 ], [ 73.035732292365694, 19.1047843130135 ], [ 73.036592016923507, 19.104319181664 ], [ 73.037440398454294, 19.103813322398 ], [ 73.0381005029829, 19.103757592484101 ], [ 73.038490668260295, 19.103401775037501 ], [ 73.038649456266597, 19.103298888249601 ], [ 73.0391938721597, 19.103069536079801 ], [ 73.039314097287402, 19.1029880833152 ], [ 73.039398028681006, 19.1028659045175 ], [ 73.0394502019344, 19.102683708671599 ], [ 73.039570427062102, 19.101875611622599 ], [ 73.039649821065197, 19.0998028351291 ], [ 73.039692920435996, 19.099539181447501 ], [ 73.039672504424502, 19.098083718912001 ], [ 73.039645283674801, 19.096630386995201 ], [ 73.039412772729804, 19.0958608455282 ], [ 73.039334796268193, 19.095646487080401 ], [ 73.039377328801905, 19.0952814086689 ], [ 73.039451761409694, 19.0952177710497 ], [ 73.040281145368894, 19.094933076316298 ], [ 73.040890778053296, 19.0949297266041 ], [ 73.0411211617877, 19.094983316049699 ], [ 73.0414756001678, 19.095127338288499 ], [ 73.041716617260207, 19.0951675305386 ], [ 73.047458506622505, 19.095120639720701 ], [ 73.047759400920199, 19.0950818948121 ], [ 73.047759193409405, 19.0950776045357 ], [ 73.047752969881103, 19.094949080401801 ], [ 73.047744072068198, 19.094602073315599 ], [ 73.047740088938198, 19.094446816402701 ], [ 73.047714945093404, 19.0940709501666 ], [ 73.047689800350298, 19.093695105997099 ], [ 73.047666540272601, 19.093233351795501 ], [ 73.047624994089105, 19.092993800596702 ], [ 73.047552414705706, 19.0925752908128 ], [ 73.047420012914301, 19.091659217222599 ], [ 73.047420008422705, 19.091659179021899 ], [ 73.047341964587503, 19.090875180445298 ], [ 73.047306516168007, 19.090618542366499 ], [ 73.047276196230598, 19.090399042914299 ], [ 73.047198402126995, 19.090072330591202 ], [ 73.047198357211201, 19.0900721404346 ], [ 73.047132289715293, 19.0897946755444 ], [ 73.0471333362526, 19.089771794753201 ], [ 73.047133879733394, 19.089759904856098 ], [ 73.0471463483495, 19.089487281659299 ], [ 73.0471504761082, 19.089397039320399 ], [ 73.047260163099395, 19.0889469882088 ], [ 73.047374898622394, 19.088478852156701 ], [ 73.047541550480602, 19.088034420969201 ], [ 73.047775639765604, 19.087550584848799 ], [ 73.047875622256697, 19.087354920047201 ], [ 73.047876143279595, 19.0873538970902 ], [ 73.048123433307595, 19.0868699477715 ], [ 73.048227432166399, 19.0866820014895 ], [ 73.048227418691695, 19.0866819624387 ], [ 73.048214228728398, 19.086631999484101 ], [ 73.048214156863096, 19.086631986750199 ], [ 73.0480104351264, 19.086596414007001 ], [ 73.0478347884372, 19.0865793717205 ], [ 73.047550834569094, 19.086515014258101 ], [ 73.047445348998593, 19.086496146760901 ], [ 73.047209628372997, 19.086453985431099 ], [ 73.046973996680805, 19.086349858004699 ], [ 73.046872171744994, 19.086221255784402 ], [ 73.046786556908501, 19.086002523032299 ], [ 73.046683169802506, 19.085724565731201 ], [ 73.046613847710304, 19.085553781940799 ], [ 73.046529599211397, 19.0853462313572 ], [ 73.046382510863396, 19.085015155705101 ], [ 73.046357288865195, 19.084958395640601 ], [ 73.046225679387803, 19.084613292162199 ], [ 73.0460062685747, 19.084037979156399 ], [ 73.045875865534697, 19.0834700525362 ], [ 73.045711982284203, 19.082910508195798 ], [ 73.045586241500601, 19.082351821105 ], [ 73.045542024625703, 19.082096263268401 ], [ 73.0454763101677, 19.081716450214099 ], [ 73.045441764555207, 19.0814826357343 ], [ 73.045409957007607, 19.08126743603 ], [ 73.045387743467202, 19.0811377610239 ], [ 73.045321303170496, 19.0807501514631 ], [ 73.045246161791894, 19.080486301040398 ], [ 73.045221794989899, 19.080430239817801 ], [ 73.045119292724394, 19.080194409780699 ], [ 73.044980936899293, 19.079890854074701 ], [ 73.044969512125405, 19.079865794319101 ], [ 73.044927152966594, 19.079758182839502 ], [ 73.044784698128794, 19.079396321789702 ], [ 73.044569680975698, 19.0787815355961 ], [ 73.044496084699404, 19.078445442977301 ], [ 73.044449662460394, 19.078177715015499 ], [ 73.044443308676406, 19.0778112634971 ], [ 73.044401616067404, 19.077322020081901 ], [ 73.044364386288805, 19.0770375008813 ], [ 73.043457105818206, 19.077045805601401 ] ] ] ] } },
{ "type": "Feature", "id": 70, "properties": { "tessellate": -1, "extrude": 0, "visibility": -1, "objectid": 78.0, "townname": "Navi Mumbai", "towncensuscode2011": "400708", "town_lgd_code": 251472.0, "ward_lgd_code": 2517941.0, "ward_lgd_name": "Navi Mumbai (M Corp.) - Ward No.78", "sourcewardcode": "78", "state": "Maharashtra" }, "geometry": { "type": "MultiPolygon", "coordinates": [ [ [ [ 73.0092977535529, 19.049159186394998 ], [ 73.008687902577904, 19.049180672590499 ], [ 73.008070490483107, 19.049239415719299 ], [ 73.007154434370406, 19.0492807085236 ], [ 73.006754178317493, 19.049270869747499 ], [ 73.005655561182905, 19.049306171989802 ], [ 73.004550719621705, 19.0494209018904 ], [ 73.004367098587693, 19.049444436131999 ], [ 73.004040313945197, 19.0494267854511 ], [ 73.003059961814401, 19.049312055554701 ], [ 73.001905324840394, 19.049238510555099 ], [ 73.001632444504807, 19.049213210959 ], [ 73.001506958842796, 19.0491887350078 ], [ 73.0013774900508, 19.0491454314583 ], [ 73.001293833541695, 19.0491228388513 ], [ 73.001212168597505, 19.0491002453922 ], [ 73.001120544930103, 19.049079535284701 ], [ 73.0010070104546, 19.049077652779101 ], [ 73.000851647724502, 19.049119072991999 ], [ 72.999991178463304, 19.0493694791022 ], [ 72.9997820371904, 19.049442906015798 ], [ 72.999630658488698, 19.0494880919887 ], [ 72.999545009516197, 19.049521982097001 ], [ 72.999469320165304, 19.049565284699199 ], [ 72.9994175322892, 19.049610470638701 ], [ 72.998971363342093, 19.050565020841201 ], [ 72.998383774416396, 19.051751140740699 ], [ 72.997802161084095, 19.052967375792502 ], [ 72.997260383542894, 19.054066873998199 ], [ 72.997001445958901, 19.0546166203684 ], [ 72.996821351710693, 19.054980818725401 ], [ 72.996705982875397, 19.0551685912354 ], [ 72.996675365595607, 19.055228614372201 ], [ 72.9966481502357, 19.055267200481101 ], [ 72.996616398383694, 19.055299355564902 ], [ 72.996586914777794, 19.055317577059299 ], [ 72.996549493657994, 19.055330439089701 ], [ 72.996407746692697, 19.055361978570499 ], [ 72.996355814187794, 19.0553619777214 ], [ 72.997128922287601, 19.056435544275999 ], [ 72.997981469306296, 19.057502236524499 ], [ 72.998114357086294, 19.057622259011399 ], [ 72.998235432020294, 19.0576948297972 ], [ 72.998362414275604, 19.057742280562401 ], [ 72.998631819927596, 19.0578062059808 ], [ 72.998661010682795, 19.057817537779201 ], [ 72.998772408066202, 19.0578450054577 ], [ 72.998896720528506, 19.0578739980756 ], [ 72.999062328544397, 19.057908358558102 ], [ 72.999360067060493, 19.0579701340484 ], [ 72.9994940660564, 19.058006756452901 ], [ 73.0000429789159, 19.058276851105902 ], [ 73.000314206351305, 19.058415713162201 ], [ 73.000427218007303, 19.058481328829 ], [ 73.0005483010261, 19.0585576266758 ], [ 73.000809938945906, 19.058728175076499 ], [ 73.001340767820295, 19.059235359056601 ], [ 73.002479755243797, 19.0592735332831 ], [ 73.002763681264, 19.059286546141301 ], [ 73.002831719663703, 19.059297264809501 ], [ 73.002870274457393, 19.059313341961602 ], [ 73.002968931035099, 19.059361573408399 ], [ 73.003041505028605, 19.059417307224201 ], [ 73.003144180668897, 19.059507679667298 ], [ 73.003172088629896, 19.059536820581702 ], [ 73.0037647215958, 19.0603192506473 ], [ 73.004311955503994, 19.061077117069001 ], [ 73.004371930625595, 19.061158134501401 ], [ 73.005948251167098, 19.060133231346999 ], [ 73.006175736038003, 19.0605780574727 ], [ 73.006480906316497, 19.061418340966199 ], [ 73.006624317860002, 19.061954949283798 ], [ 73.006643836454501, 19.0620908450536 ], [ 73.006662833127805, 19.062347394023799 ], [ 73.006665543344994, 19.062501501686601 ], [ 73.006660098656099, 19.062570369311398 ], [ 73.006647904026096, 19.062724606672099 ], [ 73.006619349278196, 19.0629205442395 ], [ 73.006501500194403, 19.063408683102299 ], [ 73.006482678692507, 19.063549430844201 ], [ 73.0065366665428, 19.0634722081323 ], [ 73.006626723548294, 19.063280028264298 ], [ 73.006736733932996, 19.062995760050001 ], [ 73.006860528067307, 19.062610352103501 ], [ 73.006958888200998, 19.062286360540401 ], [ 73.007080872230105, 19.061884846874001 ], [ 73.007104850061694, 19.061821120858198 ], [ 73.007116856045499, 19.0617954368598 ], [ 73.007164099344493, 19.061694375169701 ], [ 73.007219419396407, 19.061564239940701 ], [ 73.007231582585305, 19.0615463731902 ], [ 73.007254360267694, 19.061522531607899 ], [ 73.007969500980494, 19.060946343709801 ], [ 73.008493252927195, 19.060489908463801 ], [ 73.009141724272894, 19.059941864412 ], [ 73.009669981270704, 19.059519121728499 ], [ 73.010120908593805, 19.0591560430729 ], [ 73.010989121332699, 19.0583832317885 ], [ 73.011474707456202, 19.057987257392401 ], [ 73.011960893654305, 19.057578338684301 ], [ 73.012237202859296, 19.0573424209412 ], [ 73.012378001203601, 19.057244688331899 ], [ 73.012459919472704, 19.057208666908799 ], [ 73.012514793061897, 19.057184304215902 ], [ 73.012600194099306, 19.057156904354599 ], [ 73.012768948015307, 19.0571015119592 ], [ 73.012842555071401, 19.057078748072001 ], [ 73.012920538719499, 19.0570424370758 ], [ 73.012991568508994, 19.056994387507299 ], [ 73.013215567916703, 19.056802611937599 ], [ 73.013605496038807, 19.056490735660599 ], [ 73.013644103833101, 19.0565305424599 ], [ 73.013793555648604, 19.056684637697401 ], [ 73.014272668512106, 19.056279597799399 ], [ 73.014157791953593, 19.056153726680598 ], [ 73.014063383508798, 19.0560502815609 ], [ 73.014468748280805, 19.0557057869662 ], [ 73.015079802998201, 19.0551805158801 ], [ 73.015563776645806, 19.054767337990398 ], [ 73.014214838567398, 19.0535015830256 ], [ 73.014164045126293, 19.053453359214899 ], [ 73.014668817467594, 19.052554599961201 ], [ 73.014424455048996, 19.052395867315902 ], [ 73.014212691593798, 19.052207828444299 ], [ 73.013839758698595, 19.0518125652947 ], [ 73.013541884536906, 19.051485236012599 ], [ 73.013974755722899, 19.051101040173901 ], [ 73.013713806810898, 19.050813186504602 ], [ 73.014581986312194, 19.050093801060701 ], [ 73.0150511943514, 19.0505917908987 ], [ 73.015502788224495, 19.050201257727799 ], [ 73.015034617739502, 19.049723260090399 ], [ 73.015555208514598, 19.049263123207599 ], [ 73.015238158016601, 19.048909207925899 ], [ 73.014730169706496, 19.048342151877598 ], [ 73.014478998956406, 19.0480942448992 ], [ 73.013078012490496, 19.049292137704199 ], [ 73.012493876688794, 19.0497874492786 ], [ 73.012007208095397, 19.050219348169101 ], [ 73.011513390708998, 19.050620150495298 ], [ 73.011286251689398, 19.050804505161999 ], [ 73.010338640455799, 19.049772903014698 ], [ 73.009883927632004, 19.049334874002199 ], [ 73.009795288167993, 19.049269719187301 ], [ 73.009724881809205, 19.049236105841199 ], [ 73.009570878230207, 19.049189312410999 ], [ 73.009516551715095, 19.049177000135899 ], [ 73.009371918462705, 19.0491616938539 ], [ 73.0092977535529, 19.049159186394998 ] ] ] ] } },
{ "type": "Feature", "id": 71, "properties": { "tessellate": -1, "extrude": 0, "visibility": -1, "objectid": 79.0, "townname": "Navi Mumbai", "towncensuscode2011": "400708", "town_lgd_code": 251472.0, "ward_lgd_code": 2517942.0, "ward_lgd_name": "Navi Mumbai (M Corp.) - Ward No.79", "sourcewardcode": "79", "state": "Maharashtra" }, "geometry": { "type": "MultiPolygon", "coordinates": [ [ [ [ 73.010120908593805, 19.0591560430729 ], [ 73.010649312016994, 19.0597470636237 ], [ 73.010925418202703, 19.0600370295518 ], [ 73.010920808947006, 19.0600915014276 ], [ 73.010874245672596, 19.060641710946701 ], [ 73.010283042824497, 19.060625971001802 ], [ 73.010137468137799, 19.060631775202101 ], [ 73.010071068265205, 19.060640540936799 ], [ 73.010044967714606, 19.0606520491468 ], [ 73.009999068295201, 19.0606777316242 ], [ 73.009970001507597, 19.060699808125001 ], [ 73.009873960823896, 19.060775525040999 ], [ 73.009758249730496, 19.060878612305299 ], [ 73.009653422624993, 19.060999316692701 ], [ 73.0096501967748, 19.061654875271099 ], [ 73.009631707649703, 19.062888727707001 ], [ 73.010172120649898, 19.0628936623987 ], [ 73.011030027017597, 19.062900149157699 ], [ 73.013837096092104, 19.062955287447799 ], [ 73.013935923349806, 19.0629528277444 ], [ 73.0139362862691, 19.062843349253399 ], [ 73.013955794083799, 19.0622292318413 ], [ 73.013986674570106, 19.060667525879499 ], [ 73.013995168141093, 19.0597442735851 ], [ 73.014007839776497, 19.059124817621001 ], [ 73.014008939314394, 19.059071079874801 ], [ 73.015765032507105, 19.059096968921299 ], [ 73.017118134276799, 19.059114035261199 ], [ 73.019239211172902, 19.0592190297229 ], [ 73.019261480408801, 19.058725454644801 ], [ 73.019338675336101, 19.0575387495009 ], [ 73.0193856967513, 19.0560756921939 ], [ 73.019410144401803, 19.054415238778201 ], [ 73.019413616390295, 19.054326037860299 ], [ 73.019231093995998, 19.054319475196401 ], [ 73.019133174036696, 19.054315954843801 ], [ 73.018353757068695, 19.054287932970102 ], [ 73.016835420982204, 19.054207705237999 ], [ 73.016764192664994, 19.054205692029701 ], [ 73.016600703774898, 19.054201072094401 ], [ 73.015783325799504, 19.0541779724159 ], [ 73.015679488637502, 19.054668111156101 ], [ 73.015563776645806, 19.054767337990398 ], [ 73.015079802998201, 19.0551805158801 ], [ 73.014468748280805, 19.0557057869662 ], [ 73.014063383508798, 19.0560502815609 ], [ 73.014157791953593, 19.056153726680598 ], [ 73.014272668512106, 19.056279597799399 ], [ 73.013793555648604, 19.056684637697401 ], [ 73.013644103833101, 19.0565305424599 ], [ 73.013605496038807, 19.056490735660599 ], [ 73.013215567916703, 19.056802611937599 ], [ 73.012991568508994, 19.056994387507299 ], [ 73.012920538719499, 19.0570424370758 ], [ 73.012842555071401, 19.057078748072001 ], [ 73.012768948015307, 19.0571015119592 ], [ 73.012600194099306, 19.057156904354599 ], [ 73.012514793061897, 19.057184304215902 ], [ 73.012459919472704, 19.057208666908799 ], [ 73.012378001203601, 19.057244688331899 ], [ 73.012237202859296, 19.0573424209412 ], [ 73.011960893654305, 19.057578338684301 ], [ 73.011474707456202, 19.057987257392401 ], [ 73.010989121332699, 19.0583832317885 ], [ 73.010120908593805, 19.0591560430729 ] ] ] ] } },
{ "type": "Feature", "id": 72, "properties": { "tessellate": -1, "extrude": 0, "visibility": -1, "objectid": 80.0, "townname": "Navi Mumbai", "towncensuscode2011": "400708", "town_lgd_code": 251472.0, "ward_lgd_code": 2517943.0, "ward_lgd_name": "Navi Mumbai (M Corp.) - Ward No.80", "sourcewardcode": "80", "state": "Maharashtra" }, "geometry": { "type": "MultiPolygon", "coordinates": [ [ [ [ 73.043776467681496, 19.0643582311376 ], [ 73.044248740772403, 19.064314638627799 ], [ 73.044257476888504, 19.064257807793499 ], [ 73.044249441458305, 19.0640193676963 ], [ 73.044245884129793, 19.063913912694399 ], [ 73.044245883231497, 19.0639138676949 ], [ 73.044229869863202, 19.063117578549299 ], [ 73.044255693732694, 19.062885414705001 ], [ 73.044283077077495, 19.062639211435901 ], [ 73.044344152635404, 19.0622378769256 ], [ 73.044410981004305, 19.062109296745199 ], [ 73.044411190311806, 19.062108895141598 ], [ 73.044493051987004, 19.061951394281898 ], [ 73.044782243033097, 19.0615590717182 ], [ 73.044811968285899, 19.061530636727401 ], [ 73.044812093151705, 19.061530517010102 ], [ 73.045083373587701, 19.061271006101901 ], [ 73.045401689811996, 19.061069196173701 ], [ 73.045789672183204, 19.060803098362399 ], [ 73.045833107523904, 19.0607733081373 ], [ 73.046164524778206, 19.060545999356499 ], [ 73.046346324028804, 19.0602782373861 ], [ 73.046445448628901, 19.060003886223399 ], [ 73.046472899347293, 19.059927909989401 ], [ 73.046535423887704, 19.0597226333783 ], [ 73.046611191392003, 19.059473883298502 ], [ 73.046539882226497, 19.058812118713501 ], [ 73.046376570304403, 19.058012998868801 ], [ 73.045770553338997, 19.056793641371002 ], [ 73.045770472490702, 19.056793477497902 ], [ 73.045703807615098, 19.056536326425501 ], [ 73.045643211757607, 19.056302596993 ], [ 73.045399502414298, 19.055696299245 ], [ 73.045378901349906, 19.055674800307902 ], [ 73.045378473751796, 19.0556743536869 ], [ 73.045311106393697, 19.055604049086199 ], [ 73.045222798408005, 19.055511895672499 ], [ 73.044344745523503, 19.0548630834828 ], [ 73.044160191139895, 19.054726710543299 ], [ 73.044109036576103, 19.054684394237601 ], [ 73.043286577729504, 19.0540040195492 ], [ 73.043286504067595, 19.0540039601124 ], [ 73.043805593757895, 19.0535359435648 ], [ 73.044106349715094, 19.053264778116901 ], [ 73.0443143447376, 19.0531060673786 ], [ 73.044544971017103, 19.052862179532401 ], [ 73.044864384084406, 19.052524398136701 ], [ 73.044937835731901, 19.052418290505098 ], [ 73.045055868970394, 19.052247782317501 ], [ 73.045367429863703, 19.051697600995499 ], [ 73.045431626168906, 19.0515550804428 ], [ 73.045432085208006, 19.0515540598123 ], [ 73.045767226877601, 19.0508100176108 ], [ 73.046008613177506, 19.050270254430799 ], [ 73.046122118008597, 19.050016448961799 ], [ 73.046545677258393, 19.0491293210541 ], [ 73.047026669397496, 19.048225118398001 ], [ 73.047369692885297, 19.0473228663658 ], [ 73.047490570190007, 19.047008529311199 ], [ 73.047747727313094, 19.046339792836701 ], [ 73.047862018169994, 19.045958908614601 ], [ 73.047862072967305, 19.045958726049701 ], [ 73.047901519787999, 19.045827269103 ], [ 73.047901515296502, 19.0458272308917 ], [ 73.047917487342204, 19.0455332517108 ], [ 73.047925319753205, 19.045389033524099 ], [ 73.048041338070405, 19.044645039254299 ], [ 73.048239815442599, 19.0445895017235 ], [ 73.049007881298706, 19.0443745827504 ], [ 73.049045260197701, 19.043307964895099 ], [ 73.049038016183204, 19.042326418147201 ], [ 73.049031990284305, 19.041873885362801 ], [ 73.0490253589209, 19.041376422170199 ], [ 73.049034280988295, 19.040893585201001 ], [ 73.049038976482294, 19.0406395182853 ], [ 73.045128337861001, 19.037873400254099 ], [ 73.044977823338499, 19.037802258462499 ], [ 73.044871576894906, 19.037760410835102 ], [ 73.044602058055105, 19.0377444071719 ], [ 73.044560296275904, 19.037740221559002 ], [ 73.044526056988801, 19.0377247885435 ], [ 73.044504250385302, 19.037702001617902 ], [ 73.044485129744501, 19.0376706447516 ], [ 73.044463031188499, 19.037621572254402 ], [ 73.044350377062003, 19.0371453734762 ], [ 73.044291823973396, 19.037009515019601 ], [ 73.044242379801901, 19.0369228667379 ], [ 73.044082371883505, 19.036736802526601 ], [ 73.044051589313696, 19.036692603233799 ], [ 73.043948143817104, 19.036544071988398 ], [ 73.0438242975805, 19.0363037917833 ], [ 73.0435525446306, 19.0359536320125 ], [ 73.042356052452504, 19.035906143597099 ], [ 73.042323501998197, 19.035462178650899 ], [ 73.041725861822897, 19.035388945113201 ], [ 73.041680259745803, 19.035336844567901 ], [ 73.041441661816407, 19.035087299602299 ], [ 73.041302342099002, 19.0349476155357 ], [ 73.041217904953797, 19.034811921723399 ], [ 73.041179908912298, 19.0346642558256 ], [ 73.0411529477757, 19.034305268576102 ], [ 73.041120803359902, 19.034049642639001 ], [ 73.041082806419993, 19.033901975214299 ], [ 73.040973038580503, 19.0337104073398 ], [ 73.040732394288895, 19.033347224662101 ], [ 73.040681732900097, 19.033211530391299 ], [ 73.040652180123899, 19.033083817685601 ], [ 73.040635292694901, 19.032972069093599 ], [ 73.040630715778505, 19.0329215889235 ], [ 73.040614299066704, 19.032804264334601 ], [ 73.040606997560005, 19.032779612725999 ], [ 73.0405820657177, 19.0327194243674 ], [ 73.040567000970398, 19.032701385519101 ], [ 73.040498399327006, 19.032635278158999 ], [ 73.040363787680107, 19.032542957436501 ], [ 73.040275889326097, 19.032469635143102 ], [ 73.040234898301406, 19.0324276553938 ], [ 73.040200561996301, 19.032379923096599 ], [ 73.040179769590694, 19.032337804054499 ], [ 73.040153858584603, 19.032264688028299 ], [ 73.040145943528699, 19.031123592687699 ], [ 73.040134231294005, 19.031042635323299 ], [ 73.040118040059298, 19.031005899118501 ], [ 73.0400829895936, 19.0309610087374 ], [ 73.040040014190396, 19.030936632001101 ], [ 73.039968243290801, 19.0309166771282 ], [ 73.039736042264593, 19.0309206684427 ], [ 73.039615950087494, 19.0309116081587 ], [ 73.039601126986994, 19.030909256680001 ], [ 73.039509142196806, 19.0308885527953 ], [ 73.039441807178093, 19.030865042248699 ], [ 73.039390632851294, 19.030835057274199 ], [ 73.039328119988994, 19.030785579379302 ], [ 73.039283430600193, 19.030741840476601 ], [ 73.039208534461693, 19.030660788662999 ], [ 73.039151055758296, 19.030609591050901 ], [ 73.039089863419406, 19.030584732756701 ], [ 73.039045160555901, 19.030580810220801 ], [ 73.039022553553494, 19.0305774354301 ], [ 73.038912785714004, 19.030593399870799 ], [ 73.037500131929093, 19.031870944184401 ], [ 73.037346688000497, 19.031996123779201 ], [ 73.037236450342107, 19.032060380965 ], [ 73.037135395262496, 19.032102022821601 ], [ 73.037018932279196, 19.032142988696901 ], [ 73.036895225281398, 19.0322012376703 ], [ 73.036776892904001, 19.032272598409602 ], [ 73.036657231019902, 19.0323927682219 ], [ 73.036395109806506, 19.0327939558202 ], [ 73.036375575042399, 19.032837993952299 ], [ 73.036333739601304, 19.0329849651255 ], [ 73.036312138711907, 19.033119736495902 ], [ 73.036302760300401, 19.033229075796701 ], [ 73.036273528222694, 19.0333178982684 ], [ 73.036256236551793, 19.0333515522026 ], [ 73.036189764814097, 19.033438579393799 ], [ 73.035907198843105, 19.033673121442401 ], [ 73.035830147646294, 19.0337559372757 ], [ 73.035759454724996, 19.0338443493015 ], [ 73.035705718402994, 19.0339757044914 ], [ 73.035611314449795, 19.034600399618999 ], [ 73.035600993705501, 19.0346463955199 ], [ 73.035546307864195, 19.034772321164599 ], [ 73.035504758087399, 19.034819454940301 ], [ 73.035434791004903, 19.034870799863899 ], [ 73.0352060188481, 19.0349755523584 ], [ 73.034952709209406, 19.035135191619201 ], [ 73.034741617693996, 19.0353187762821 ], [ 73.034188557312902, 19.034257174210602 ], [ 73.034053458778999, 19.034077579612799 ], [ 73.033834752244999, 19.0339589531672 ], [ 73.033044441407498, 19.033658523663501 ], [ 73.032675006551898, 19.0299606042419 ], [ 73.032488695063705, 19.029945826101901 ], [ 73.032362671310807, 19.0299293121532 ], [ 73.032309017633807, 19.029918302853101 ], [ 73.032083069780299, 19.0298633055964 ], [ 73.031565769534097, 19.029736132968999 ], [ 73.031444893127698, 19.029710330209198 ], [ 73.031325966065594, 19.029698657652101 ], [ 73.0312031403151, 19.0296998864765 ], [ 73.031088111941301, 19.029711559033501 ], [ 73.030958137397803, 19.0297355189816 ], [ 73.030811915924005, 19.029783438867501 ], [ 73.030700787136894, 19.029833816386301 ], [ 73.030589008867693, 19.0298964804207 ], [ 73.030525321009094, 19.0299413286284 ], [ 73.030427189945698, 19.030026109720001 ], [ 73.030317361919103, 19.030143452406399 ], [ 73.030247175647602, 19.0302331478272 ], [ 73.030186736995304, 19.030328373312901 ], [ 73.030130197929594, 19.030446329770601 ], [ 73.030092033004806, 19.0305701559368 ], [ 73.030083103750897, 19.030619593133402 ], [ 73.030058056025794, 19.030785912272201 ], [ 73.030010663606404, 19.0311005959495 ], [ 73.029995441653895, 19.031201665231499 ], [ 73.029857986839005, 19.032258617033399 ], [ 73.029731472606002, 19.033133270268898 ], [ 73.029681101373001, 19.033477537424101 ], [ 73.028811908572095, 19.039429985417101 ], [ 73.028809029471603, 19.039449291348699 ], [ 73.028703796327605, 19.0401549095054 ], [ 73.028550561706496, 19.0412654332156 ], [ 73.0284321529723, 19.0421038071126 ], [ 73.028388039403595, 19.042277188233601 ], [ 73.028318387629795, 19.042476904922601 ], [ 73.028261064334799, 19.0426214016153 ], [ 73.028243601984002, 19.0426573243066 ], [ 73.028121730244393, 19.0428906959357 ], [ 73.028035212601097, 19.0430272662657 ], [ 73.027878135885402, 19.043234503848399 ], [ 73.027614381534804, 19.0435354340079 ], [ 73.027211189787593, 19.0439975474563 ], [ 73.026841597726801, 19.044421547367399 ], [ 73.026051775572796, 19.045317202053202 ], [ 73.024789084744896, 19.046764747984799 ], [ 73.024308616323594, 19.047304235560802 ], [ 73.023827558607493, 19.047859086376601 ], [ 73.023163697324307, 19.048624779222099 ], [ 73.022267805694796, 19.049632946849801 ], [ 73.022116756674706, 19.0498030993962 ], [ 73.021167195198601, 19.050886190769901 ], [ 73.020649619169504, 19.0514451486452 ], [ 73.020004245214906, 19.052179220330601 ], [ 73.019925648017505, 19.0522899616895 ], [ 73.019847690420406, 19.0524032468958 ], [ 73.019761055097803, 19.052550410476201 ], [ 73.019706583954004, 19.0526637107886 ], [ 73.019669447600094, 19.052737295876 ], [ 73.019617820522399, 19.052857195294202 ], [ 73.019581798977896, 19.052958152834801 ], [ 73.019513125469302, 19.0531833390705 ], [ 73.019478196276097, 19.053350071193201 ], [ 73.019459931729799, 19.053445026990801 ], [ 73.019428780850703, 19.053855535211799 ], [ 73.019413316352995, 19.0542682458222 ], [ 73.019413616390295, 19.054326037860299 ], [ 73.019410144401803, 19.054415238778201 ], [ 73.0193856967513, 19.0560756921939 ], [ 73.019338675336101, 19.0575387495009 ], [ 73.019261480408801, 19.058725454644801 ], [ 73.019239211172902, 19.0592190297229 ], [ 73.019211207092198, 19.060668875890698 ], [ 73.019228121470704, 19.062693389533599 ], [ 73.020468626606103, 19.062729614387202 ], [ 73.022513673689801, 19.062811851949998 ], [ 73.024568508816799, 19.062875080889398 ], [ 73.0265416700164, 19.062923934504401 ], [ 73.028673051487104, 19.063002357181698 ], [ 73.029518011334901, 19.063018390672902 ], [ 73.029025815407493, 19.063465416587 ], [ 73.028567077233006, 19.063948570789901 ], [ 73.028436935602798, 19.0640985429593 ], [ 73.028351064746502, 19.064209548054301 ], [ 73.028292102924496, 19.064302666244402 ], [ 73.028195409165704, 19.064432433385999 ], [ 73.0281359083545, 19.064505559013401 ], [ 73.028369826959505, 19.064676377235699 ], [ 73.028457562718401, 19.064738692742999 ], [ 73.028469791484298, 19.064744884812001 ], [ 73.028551389953194, 19.064777461730401 ], [ 73.028630207237896, 19.0647971569703 ], [ 73.028679549001495, 19.0648046523172 ], [ 73.028799302513704, 19.064807937262501 ], [ 73.029235708570297, 19.064800424934798 ], [ 73.029299188019905, 19.064806240875701 ], [ 73.029383764403903, 19.0648262332769 ], [ 73.029474647859502, 19.064853193765298 ], [ 73.029573866782599, 19.064896007562002 ], [ 73.029820845095301, 19.065033985317601 ], [ 73.030217396495999, 19.065270303053499 ], [ 73.030292113869706, 19.065328789168301 ], [ 73.030332143697095, 19.0653775214967 ], [ 73.030351899446799, 19.065419619417899 ], [ 73.030393196797107, 19.065507624016401 ], [ 73.030427841224295, 19.065574569867401 ], [ 73.0304506728056, 19.0656056319384 ], [ 73.030477336599802, 19.065627915797499 ], [ 73.030514309460301, 19.065641407863598 ], [ 73.030801628417393, 19.0656845211671 ], [ 73.030843920202699, 19.065690866876601 ], [ 73.030887132761094, 19.065702393414899 ], [ 73.030947813958505, 19.065722258352402 ], [ 73.031041767855797, 19.065770548216701 ], [ 73.031169820004607, 19.065876683814299 ], [ 73.031248049791103, 19.065939734136201 ], [ 73.031298183868799, 19.065966437185399 ], [ 73.0313906860885, 19.065993958701402 ], [ 73.031403127755297, 19.0659976604999 ], [ 73.031454236504999, 19.065763906196199 ], [ 73.031524297910707, 19.0653219450585 ], [ 73.031600766100894, 19.064849356943501 ], [ 73.031697038549893, 19.064233756037801 ], [ 73.031808054149394, 19.063634172693199 ], [ 73.031880789839605, 19.063213216485799 ], [ 73.031896129471406, 19.063184226499502 ], [ 73.031920949024297, 19.063165972756401 ], [ 73.031946995675995, 19.063148544288801 ], [ 73.031983897569603, 19.063131424024899 ], [ 73.032421653794003, 19.063006413101501 ], [ 73.032869911324198, 19.0628797260546 ], [ 73.033084853018806, 19.0628416944501 ], [ 73.033184619015998, 19.062845623015999 ], [ 73.033299208113604, 19.062874338817601 ], [ 73.033536269025504, 19.0629337469991 ], [ 73.033854578961595, 19.063062369841901 ], [ 73.035432602708795, 19.064290527447199 ], [ 73.035674290842806, 19.0643923584874 ], [ 73.035930537074194, 19.064474923805498 ], [ 73.036201344098103, 19.0645217103764 ], [ 73.0373020408326, 19.064893254967799 ], [ 73.037980512315499, 19.065121685315201 ], [ 73.038292085785301, 19.0651904898717 ], [ 73.038408561344994, 19.0651904898717 ], [ 73.0386153059127, 19.0651684725526 ], [ 73.039267570843904, 19.0650418729109 ], [ 73.041265132083296, 19.064673080401299 ], [ 73.042968591186906, 19.064461162497501 ], [ 73.043326340757204, 19.064415581552701 ], [ 73.043707077317293, 19.064367072240199 ], [ 73.043776467681496, 19.0643582311376 ] ] ] ] } },
{ "type": "Feature", "id": 73, "properties": { "tessellate": -1, "extrude": 0, "visibility": -1, "objectid": 71.0, "townname": "Navi Mumbai", "towncensuscode2011": "400708", "town_lgd_code": 251472.0, "ward_lgd_code": 2517934.0, "ward_lgd_name": "Navi Mumbai (M Corp.) - Ward No.71", "sourcewardcode": "71", "state": "Maharashtra" }, "geometry": { "type": "MultiPolygon", "coordinates": [ [ [ [ 73.024234411887804, 19.073512661467198 ], [ 73.024237718586406, 19.0734934596817 ], [ 73.024244251135201, 19.073466973490699 ], [ 73.024255224056304, 19.073422485985201 ], [ 73.024286020999199, 19.073289498836498 ], [ 73.024299749053398, 19.073198987878399 ], [ 73.024311406490796, 19.073122127090901 ], [ 73.024317279676197, 19.0730776369459 ], [ 73.024322789942104, 19.073037560741401 ], [ 73.024322032662297, 19.073033326776901 ], [ 73.024322365937294, 19.0730158526517 ], [ 73.024321026549202, 19.073001912064701 ], [ 73.024317258116596, 19.072987270201999 ], [ 73.024294387907801, 19.072929812382501 ], [ 73.024214072233207, 19.0727725085844 ], [ 73.024151352758395, 19.072653225509001 ], [ 73.024011935124605, 19.072427098699201 ], [ 73.024018311366504, 19.071957915827699 ], [ 73.023990162657, 19.070825262640799 ], [ 73.023787183826997, 19.070770451290802 ], [ 73.022925889912401, 19.070509854525401 ], [ 73.022762776517993, 19.07047243681 ], [ 73.022532327206605, 19.070447022440199 ], [ 73.022347359598001, 19.070428343292001 ], [ 73.022228271737504, 19.0704168484958 ], [ 73.022142122403395, 19.070410142985398 ], [ 73.021125055228595, 19.070393610139998 ], [ 73.019722849748803, 19.070379490190401 ], [ 73.019116570475305, 19.070363966819599 ], [ 73.019097551344103, 19.0703628240468 ], [ 73.019033827552803, 19.0707349252332 ], [ 73.019007573390397, 19.071115666809501 ], [ 73.018981411754297, 19.0715364985214 ], [ 73.018948197444999, 19.071716706308599 ], [ 73.018867758701205, 19.0720498359636 ], [ 73.018799128311798, 19.072325377871401 ], [ 73.018731300118006, 19.072650699727301 ], [ 73.018582270510706, 19.073832617883198 ], [ 73.018526488724802, 19.074241878547198 ], [ 73.018248895827298, 19.0764973629297 ], [ 73.018618216596707, 19.076572966506902 ], [ 73.019158131032, 19.076673390879101 ], [ 73.0193835749306, 19.076696461953901 ], [ 73.019515681176301, 19.0766978186264 ], [ 73.019660711483994, 19.076692390238399 ], [ 73.019919181944005, 19.076692390238399 ], [ 73.020343102316502, 19.0766759709343 ], [ 73.020433134169195, 19.076675940371 ], [ 73.020476650358205, 19.0766799713358 ], [ 73.020499303174702, 19.076685605177701 ], [ 73.02051696046, 19.0765378347722 ], [ 73.020535901437796, 19.076446804312901 ], [ 73.020582400931801, 19.076365344391899 ], [ 73.020626427363894, 19.076294600302099 ], [ 73.020659960575102, 19.0762603837128 ], [ 73.020757514021696, 19.076178428742299 ], [ 73.020815151727007, 19.076118310462999 ], [ 73.020821602528997, 19.076111581411801 ], [ 73.020842181135507, 19.076082686220701 ], [ 73.020860928077198, 19.0760486342907 ], [ 73.020870174436396, 19.076019148195101 ], [ 73.020875460123605, 19.075980995653602 ], [ 73.020883249415405, 19.075823578440801 ], [ 73.0208885494756, 19.075790529110201 ], [ 73.020915905870893, 19.0757035793191 ], [ 73.020937849018395, 19.075660674076602 ], [ 73.021004729489604, 19.075576550496098 ], [ 73.021033923838004, 19.0755398292455 ], [ 73.021038256412595, 19.075258357401498 ], [ 73.021042693191802, 19.074970083817501 ], [ 73.021936064148605, 19.075003084919299 ], [ 73.022508070897302, 19.075021013044601 ], [ 73.022511744108499, 19.075489717753001 ], [ 73.025016910077298, 19.075561108265902 ], [ 73.026318742298898, 19.075531813954701 ], [ 73.027355638885197, 19.0755394378623 ], [ 73.027397748312495, 19.0751452211016 ], [ 73.028080678134202, 19.075215572600101 ], [ 73.028112079643293, 19.0748995488327 ], [ 73.028220617689101, 19.073894464698501 ], [ 73.0280681942467, 19.073884335328199 ], [ 73.0280729580127, 19.073808931736298 ], [ 73.027787334176494, 19.073782783496299 ], [ 73.026591931654906, 19.0736906155655 ], [ 73.026591931654906, 19.073674664610301 ], [ 73.026591931654906, 19.073561994177801 ], [ 73.025983829699697, 19.0735775673399 ], [ 73.025983829699697, 19.073631452354402 ], [ 73.025359581425604, 19.0736315516871 ], [ 73.024284492964895, 19.0736363451255 ], [ 73.024262944177906, 19.073602302031698 ], [ 73.024248823560001, 19.0735799937748 ], [ 73.024243005171897, 19.0735682631759 ], [ 73.0242356273084, 19.073548044297699 ], [ 73.024234175630895, 19.073539538189799 ], [ 73.024234411887804, 19.073512661467198 ] ] ] ] } },
{ "type": "Feature", "id": 74, "properties": { "tessellate": -1, "extrude": 0, "visibility": -1, "objectid": 72.0, "townname": "Navi Mumbai", "towncensuscode2011": "400708", "town_lgd_code": 251472.0, "ward_lgd_code": 2517935.0, "ward_lgd_name": "Navi Mumbai (M Corp.) - Ward No.72", "sourcewardcode": "72", "state": "Maharashtra" }, "geometry": { "type": "MultiPolygon", "coordinates": [ [ [ [ 73.018345762961005, 19.067017085963599 ], [ 73.014981208404294, 19.067299092260001 ], [ 73.015294292840295, 19.070782877428499 ], [ 73.014167926746595, 19.070860898201499 ], [ 73.014212237046294, 19.071418799655401 ], [ 73.011684148766406, 19.071617377548101 ], [ 73.011686450250195, 19.071652176666301 ], [ 73.011689371571507, 19.071684427906501 ], [ 73.011699519839198, 19.071837882493401 ], [ 73.0117402799969, 19.072418263120401 ], [ 73.013097395439402, 19.072309978637399 ], [ 73.0144030922133, 19.072219035850001 ], [ 73.015400454842293, 19.072130317405499 ], [ 73.015483242680602, 19.073032746060701 ], [ 73.018300660347194, 19.072803947961098 ], [ 73.018471445354095, 19.072766023909701 ], [ 73.018566779063605, 19.072736772403498 ], [ 73.018653032602202, 19.072699063983201 ], [ 73.018679927263506, 19.0726844849199 ], [ 73.018731300118006, 19.072650699727301 ], [ 73.018799128311798, 19.072325377871401 ], [ 73.018867758701205, 19.0720498359636 ], [ 73.018948197444999, 19.071716706308599 ], [ 73.018981411754297, 19.0715364985214 ], [ 73.019007573390397, 19.071115666809501 ], [ 73.019033827552803, 19.0707349252332 ], [ 73.019097551344103, 19.0703628240468 ], [ 73.019157241699801, 19.069953661628102 ], [ 73.019218427750502, 19.068758800483199 ], [ 73.019253422520705, 19.067701541178099 ], [ 73.019229859710805, 19.066957730187202 ], [ 73.018345762961005, 19.067017085963599 ] ] ] ] } },
{ "type": "Feature", "id": 75, "properties": { "tessellate": -1, "extrude": 0, "visibility": -1, "objectid": 73.0, "townname": "Navi Mumbai", "towncensuscode2011": "400708", "town_lgd_code": 251472.0, "ward_lgd_code": 2517936.0, "ward_lgd_name": "Navi Mumbai (M Corp.) - Ward No.73", "sourcewardcode": "73", "state": "Maharashtra" }, "geometry": { "type": "MultiPolygon", "coordinates": [ [ [ [ 73.019097551344103, 19.0703628240468 ], [ 73.019116570475305, 19.070363966819599 ], [ 73.019722849748803, 19.070379490190401 ], [ 73.021125055228595, 19.070393610139998 ], [ 73.022142122403395, 19.070410142985398 ], [ 73.022228271737504, 19.0704168484958 ], [ 73.022347359598001, 19.070428343292001 ], [ 73.022532327206605, 19.070447022440199 ], [ 73.022762776517993, 19.07047243681 ], [ 73.022925889912401, 19.070509854525401 ], [ 73.023787183826997, 19.070770451290802 ], [ 73.023990162657, 19.070825262640799 ], [ 73.024018311366504, 19.071957915827699 ], [ 73.024011935124605, 19.072427098699201 ], [ 73.024151352758395, 19.072653225509001 ], [ 73.024214072233207, 19.0727725085844 ], [ 73.024294387907801, 19.072929812382501 ], [ 73.024317258116596, 19.072987270201999 ], [ 73.024321026549202, 19.073001912064701 ], [ 73.024322365937294, 19.0730158526517 ], [ 73.024322032662297, 19.073033326776901 ], [ 73.024322789942104, 19.073037560741401 ], [ 73.024317279676197, 19.0730776369459 ], [ 73.024311406490796, 19.073122127090901 ], [ 73.024299749053398, 19.073198987878399 ], [ 73.024286020999199, 19.073289498836498 ], [ 73.024255224056304, 19.073422485985201 ], [ 73.024244251135201, 19.073466973490699 ], [ 73.024237718586406, 19.0734934596817 ], [ 73.024234411887804, 19.073512661467198 ], [ 73.024234175630895, 19.073539538189799 ], [ 73.0242356273084, 19.073548044297699 ], [ 73.024243005171897, 19.0735682631759 ], [ 73.024248823560001, 19.0735799937748 ], [ 73.024262944177906, 19.073602302031698 ], [ 73.024284492964895, 19.0736363451255 ], [ 73.025359581425604, 19.0736315516871 ], [ 73.025983829699697, 19.073631452354402 ], [ 73.025983829699697, 19.0735775673399 ], [ 73.026591931654906, 19.073561994177801 ], [ 73.026591931654906, 19.073674664610301 ], [ 73.026591931654906, 19.0736906155655 ], [ 73.027787334176494, 19.073782783496299 ], [ 73.0280729580127, 19.073808931736298 ], [ 73.0280681942467, 19.073884335328199 ], [ 73.028220617689101, 19.073894464698501 ], [ 73.028112079643293, 19.0748995488327 ], [ 73.028080678134202, 19.075215572600101 ], [ 73.027397748312495, 19.0751452211016 ], [ 73.027355638885197, 19.0755394378623 ], [ 73.026318742298898, 19.075531813954701 ], [ 73.026300330428796, 19.076313712619601 ], [ 73.0262871979577, 19.076736662073699 ], [ 73.0262813930443, 19.0768990967427 ], [ 73.0262729497789, 19.076956353675399 ], [ 73.027183030298303, 19.0770364838035 ], [ 73.027206794330894, 19.0767984271518 ], [ 73.027210124385604, 19.0767650689865 ], [ 73.028091666326702, 19.0768414636917 ], [ 73.028204766916005, 19.076851264325601 ], [ 73.028214672638597, 19.076725768793899 ], [ 73.0282187707529, 19.0765972499421 ], [ 73.028901405028904, 19.076649893612299 ], [ 73.029599843365702, 19.076708894439101 ], [ 73.029647091156406, 19.076712886349899 ], [ 73.029657050777899, 19.076653773458901 ], [ 73.029672422749101, 19.0765625376097 ], [ 73.030534965321905, 19.076685132295001 ], [ 73.031824528353297, 19.076860345872401 ], [ 73.032490441388603, 19.0770007188279 ], [ 73.035565106908194, 19.077097337814799 ], [ 73.038438495006901, 19.077090540036 ], [ 73.041548951204007, 19.077063060264798 ], [ 73.042209950454705, 19.077057220982599 ], [ 73.043457105818206, 19.077045805601401 ], [ 73.044364386288805, 19.0770375008813 ], [ 73.044336343580596, 19.076823185134199 ], [ 73.044224515904105, 19.076495401780001 ], [ 73.0439950466547, 19.075893901634899 ], [ 73.043953163602893, 19.075778169568999 ], [ 73.043914283619102, 19.075670737117399 ], [ 73.043917947847106, 19.075503472202499 ], [ 73.043966116410999, 19.075280654395598 ], [ 73.043991944772003, 19.075161182952101 ], [ 73.0440346506807, 19.074866313388799 ], [ 73.044081429550701, 19.074543316179401 ], [ 73.044119784918394, 19.0743225575889 ], [ 73.044184789707302, 19.0739484175296 ], [ 73.044182411866799, 19.073808530160999 ], [ 73.044174330622496, 19.073333053328099 ], [ 73.044144713167597, 19.072847850670701 ], [ 73.044118222748196, 19.072413884809599 ], [ 73.044121859128396, 19.072029534546601 ], [ 73.044064643631302, 19.071488779172501 ], [ 73.044054728925502, 19.071395076656099 ], [ 73.044053871932803, 19.071389943549502 ], [ 73.044008502519304, 19.071118305532998 ], [ 73.043820194076204, 19.070589960602501 ], [ 73.0437026369449, 19.070289719681501 ], [ 73.043639948012796, 19.0701296099292 ], [ 73.043350513523194, 19.069436499656099 ], [ 73.043221351954998, 19.0691749532869 ], [ 73.043122723224997, 19.068975231383401 ], [ 73.043029598472799, 19.068715739769601 ], [ 73.042947817645995, 19.068487853504799 ], [ 73.042942348702496, 19.068434117944101 ], [ 73.0429243042434, 19.068256742330501 ], [ 73.042938010737998, 19.0681695228417 ], [ 73.042951937319799, 19.0680808939243 ], [ 73.0430763953092, 19.067825598499901 ], [ 73.043257497467096, 19.067372310016101 ], [ 73.043481457348904, 19.066698333902899 ], [ 73.043768667609797, 19.065957737957199 ], [ 73.043793877031703, 19.065901223527799 ], [ 73.043908640402506, 19.0656439464877 ], [ 73.044064004929197, 19.065059002317 ], [ 73.044147310197104, 19.064793161376301 ], [ 73.044202023886101, 19.064618545503201 ], [ 73.044202373330705, 19.064616273462999 ], [ 73.044248740772403, 19.064314638627799 ], [ 73.043776467681496, 19.0643582311376 ], [ 73.043707077317293, 19.064367072240199 ], [ 73.043326340757204, 19.064415581552701 ], [ 73.042968591186906, 19.064461162497501 ], [ 73.041265132083296, 19.064673080401299 ], [ 73.039267570843904, 19.0650418729109 ], [ 73.0386153059127, 19.0651684725526 ], [ 73.038408561344994, 19.0651904898717 ], [ 73.038292085785301, 19.0651904898717 ], [ 73.037980512315499, 19.065121685315201 ], [ 73.0373020408326, 19.064893254967799 ], [ 73.036201344098103, 19.0645217103764 ], [ 73.035930537074194, 19.064474923805498 ], [ 73.035674290842806, 19.0643923584874 ], [ 73.035432602708795, 19.064290527447199 ], [ 73.033854578961595, 19.063062369841901 ], [ 73.033536269025504, 19.0629337469991 ], [ 73.033299208113604, 19.062874338817601 ], [ 73.033184619015998, 19.062845623015999 ], [ 73.033084853018806, 19.0628416944501 ], [ 73.032869911324198, 19.0628797260546 ], [ 73.032421653794003, 19.063006413101501 ], [ 73.031983897569603, 19.063131424024899 ], [ 73.031946995675995, 19.063148544288801 ], [ 73.031920949024297, 19.063165972756401 ], [ 73.031896129471406, 19.063184226499502 ], [ 73.031880789839605, 19.063213216485799 ], [ 73.031808054149394, 19.063634172693199 ], [ 73.031697038549893, 19.064233756037801 ], [ 73.031600766100894, 19.064849356943501 ], [ 73.031524297910707, 19.0653219450585 ], [ 73.031454236504999, 19.065763906196199 ], [ 73.031403127755297, 19.0659976604999 ], [ 73.0313906860885, 19.065993958701402 ], [ 73.031298183868799, 19.065966437185399 ], [ 73.031248049791103, 19.065939734136201 ], [ 73.031169820004607, 19.065876683814299 ], [ 73.031041767855797, 19.065770548216701 ], [ 73.030947813958505, 19.065722258352402 ], [ 73.030887132761094, 19.065702393414899 ], [ 73.030843920202699, 19.065690866876601 ], [ 73.030801628417393, 19.0656845211671 ], [ 73.030514309460301, 19.065641407863598 ], [ 73.030477336599802, 19.065627915797499 ], [ 73.0304506728056, 19.0656056319384 ], [ 73.030427841224295, 19.065574569867401 ], [ 73.030393196797107, 19.065507624016401 ], [ 73.030351899446799, 19.065419619417899 ], [ 73.030332143697095, 19.0653775214967 ], [ 73.030292113869706, 19.065328789168301 ], [ 73.030217396495999, 19.065270303053499 ], [ 73.029820845095301, 19.065033985317601 ], [ 73.029573866782599, 19.064896007562002 ], [ 73.029474647859502, 19.064853193765298 ], [ 73.029383764403903, 19.0648262332769 ], [ 73.029299188019905, 19.064806240875701 ], [ 73.029235708570297, 19.064800424934798 ], [ 73.028799302513704, 19.064807937262501 ], [ 73.028679549001495, 19.0648046523172 ], [ 73.028630207237896, 19.0647971569703 ], [ 73.028551389953194, 19.064777461730401 ], [ 73.028469791484298, 19.064744884812001 ], [ 73.028457562718401, 19.064738692742999 ], [ 73.028369826959505, 19.064676377235699 ], [ 73.0281359083545, 19.064505559013401 ], [ 73.028195409165704, 19.064432433385999 ], [ 73.028292102924496, 19.064302666244402 ], [ 73.028351064746502, 19.064209548054301 ], [ 73.028436935602798, 19.0640985429593 ], [ 73.028567077233006, 19.063948570789901 ], [ 73.029025815407493, 19.063465416587 ], [ 73.029518011334901, 19.063018390672902 ], [ 73.028673051487104, 19.063002357181698 ], [ 73.0265416700164, 19.062923934504401 ], [ 73.024568508816799, 19.062875080889398 ], [ 73.022513673689801, 19.062811851949998 ], [ 73.020468626606103, 19.062729614387202 ], [ 73.019228121470704, 19.062693389533599 ], [ 73.019234148267898, 19.063371276519799 ], [ 73.019148382514501, 19.0648473200912 ], [ 73.019118177561396, 19.065301239523599 ], [ 73.019127238867597, 19.065498223458 ], [ 73.019169526161306, 19.065903610170398 ], [ 73.019232957101906, 19.0665687841894 ], [ 73.019229859710805, 19.066957730187202 ], [ 73.019253422520705, 19.067701541178099 ], [ 73.019218427750502, 19.068758800483199 ], [ 73.019157241699801, 19.069953661628102 ], [ 73.019097551344103, 19.0703628240468 ] ] ] ] } },
{ "type": "Feature", "id": 76, "properties": { "tessellate": -1, "extrude": 0, "visibility": -1, "objectid": 74.0, "townname": "Navi Mumbai", "towncensuscode2011": "400708", "town_lgd_code": 251472.0, "ward_lgd_code": 2517938.0, "ward_lgd_name": "Navi Mumbai (M Corp.) - Ward No.75", "sourcewardcode": "75", "state": "Maharashtra" }, "geometry": { "type": "MultiPolygon", "coordinates": [ [ [ [ 73.012686806065702, 19.0662758529676 ], [ 73.012635148445298, 19.066360610403802 ], [ 73.012610108805106, 19.0663952178949 ], [ 73.012543134010699, 19.066467159103201 ], [ 73.012408357972106, 19.0666010635878 ], [ 73.012410318994299, 19.066674386932299 ], [ 73.012432537924596, 19.067504956358199 ], [ 73.014950177001097, 19.0673023983815 ], [ 73.014981208404294, 19.067299092260001 ], [ 73.018345762961005, 19.067017085963599 ], [ 73.018377527389404, 19.0670149531974 ], [ 73.018245101343496, 19.066802937252401 ], [ 73.018135410759101, 19.0666563814911 ], [ 73.017931132965202, 19.066440101238399 ], [ 73.017782813026898, 19.066320999544299 ], [ 73.017661570108004, 19.066238137983198 ], [ 73.0174004882454, 19.066093229701199 ], [ 73.017222215780606, 19.0660178497339 ], [ 73.0170643431576, 19.065979775548399 ], [ 73.016835198199999, 19.0659271191493 ], [ 73.016616698278497, 19.0659052131519 ], [ 73.016433011667502, 19.0658955978096 ], [ 73.016112225076199, 19.0659257173897 ], [ 73.015942827068102, 19.065957628431502 ], [ 73.015804340089005, 19.065999206595102 ], [ 73.015702313032307, 19.0660430771458 ], [ 73.015600449469005, 19.066089730824501 ], [ 73.015553253780595, 19.0658876949743 ], [ 73.015502797207702, 19.065671703240699 ], [ 73.0157764447045, 19.065555328106601 ], [ 73.015861662485605, 19.065515763751701 ], [ 73.015926194760596, 19.0654649632047 ], [ 73.0159704313985, 19.0654174034253 ], [ 73.016049904453396, 19.065357987643399 ], [ 73.016121236076799, 19.065320639235299 ], [ 73.016204858449996, 19.065284444664201 ], [ 73.0162559231823, 19.065262793293901 ], [ 73.016353613172797, 19.065225390525899 ], [ 73.016432587662706, 19.065181630134099 ], [ 73.016490545168196, 19.0651370716324 ], [ 73.016563218874694, 19.065064203542999 ], [ 73.016624323178604, 19.064994220464499 ], [ 73.016660736388701, 19.064952063002401 ], [ 73.016711685238306, 19.0648805864117 ], [ 73.016736167923099, 19.064839294943798 ], [ 73.016856811665804, 19.064561470248499 ], [ 73.017032620051694, 19.064186572032401 ], [ 73.0171903264863, 19.0638394860655 ], [ 73.017215610468298, 19.0637596450253 ], [ 73.017238497745097, 19.063721723149801 ], [ 73.017265325032795, 19.063693556829101 ], [ 73.017292888938897, 19.063675656346099 ], [ 73.017322964534699, 19.063665663048099 ], [ 73.017373335767601, 19.063652428931999 ], [ 73.0174304488567, 19.063627735207799 ], [ 73.017460495706402, 19.063605285515401 ], [ 73.017487128957896, 19.063569881034301 ], [ 73.017494021731096, 19.063546973696699 ], [ 73.0175035052455, 19.063188849580801 ], [ 73.017326832680297, 19.0631911394706 ], [ 73.016961819332593, 19.0632029828786 ], [ 73.016959685833797, 19.063172259128699 ], [ 73.0167283822245, 19.063175933820599 ], [ 73.016742325874404, 19.062349401189898 ], [ 73.016893523116494, 19.061865426382798 ], [ 73.016905618033405, 19.061551032826699 ], [ 73.016669684507207, 19.061543504219401 ], [ 73.016247275101094, 19.0615391290175 ], [ 73.016220375049897, 19.061988849580999 ], [ 73.016154231197206, 19.061990259864501 ], [ 73.016158359854302, 19.062213470820701 ], [ 73.015976698045904, 19.0622236161872 ], [ 73.015975046044105, 19.062378927075802 ], [ 73.015714264218801, 19.062377858115699 ], [ 73.015492069526502, 19.062366482478101 ], [ 73.014671640872507, 19.062382705369998 ], [ 73.014647611837006, 19.062679577983602 ], [ 73.014645037265396, 19.062940253284701 ], [ 73.013968745993594, 19.062952245294699 ], [ 73.013963165659007, 19.0635543298561 ], [ 73.012800074639898, 19.063801848639201 ], [ 73.012777292465998, 19.063811662780001 ], [ 73.012761548592295, 19.063827190160598 ], [ 73.012753099038704, 19.063835523561199 ], [ 73.012744110496001, 19.063852642903399 ], [ 73.012741123597706, 19.063865348047099 ], [ 73.012741289786007, 19.0639677465117 ], [ 73.012721482832305, 19.064364554822699 ], [ 73.0127137815754, 19.064518843155099 ], [ 73.012713556996601, 19.064652834117599 ], [ 73.0127281636031, 19.064808340557601 ], [ 73.012753395482804, 19.0649372293943 ], [ 73.0127859450388, 19.065087804337399 ], [ 73.012830829362002, 19.0652291220579 ], [ 73.012835564381803, 19.065274055810502 ], [ 73.012831060229004, 19.065328772187499 ], [ 73.012775327850406, 19.065866891870701 ], [ 73.012757723565798, 19.06609774827 ], [ 73.012750072614494, 19.066127491690601 ], [ 73.012733477137999, 19.0661778811014 ], [ 73.012686806065702, 19.0662758529676 ] ] ] ] } },
{ "type": "Feature", "id": 77, "properties": { "tessellate": -1, "extrude": 0, "visibility": -1, "objectid": 75.0, "townname": "Navi Mumbai", "towncensuscode2011": "400708", "town_lgd_code": 251472.0, "ward_lgd_code": 2517937.0, "ward_lgd_name": "Navi Mumbai (M Corp.) - Ward No.74", "sourcewardcode": "74", "state": "Maharashtra" }, "geometry": { "type": "MultiPolygon", "coordinates": [ [ [ [ 73.017326832680297, 19.0631911394706 ], [ 73.0175035052455, 19.063188849580801 ], [ 73.017494021731096, 19.063546973696699 ], [ 73.017487128957896, 19.063569881034301 ], [ 73.017460495706402, 19.063605285515401 ], [ 73.0174304488567, 19.063627735207799 ], [ 73.017373335767601, 19.063652428931999 ], [ 73.017322964534699, 19.063665663048099 ], [ 73.017292888938897, 19.063675656346099 ], [ 73.017265325032795, 19.063693556829101 ], [ 73.017238497745097, 19.063721723149801 ], [ 73.017215610468298, 19.0637596450253 ], [ 73.0171903264863, 19.0638394860655 ], [ 73.017032620051694, 19.064186572032401 ], [ 73.016856811665804, 19.064561470248499 ], [ 73.016736167923099, 19.064839294943798 ], [ 73.016711685238306, 19.0648805864117 ], [ 73.016660736388701, 19.064952063002401 ], [ 73.016624323178604, 19.064994220464499 ], [ 73.016563218874694, 19.065064203542999 ], [ 73.016490545168196, 19.0651370716324 ], [ 73.016432587662706, 19.065181630134099 ], [ 73.016353613172797, 19.065225390525899 ], [ 73.0162559231823, 19.065262793293901 ], [ 73.016204858449996, 19.065284444664201 ], [ 73.016121236076799, 19.065320639235299 ], [ 73.016049904453396, 19.065357987643399 ], [ 73.0159704313985, 19.0654174034253 ], [ 73.015926194760596, 19.0654649632047 ], [ 73.015861662485605, 19.065515763751701 ], [ 73.0157764447045, 19.065555328106601 ], [ 73.015502797207702, 19.065671703240699 ], [ 73.015553253780595, 19.0658876949743 ], [ 73.015600449469005, 19.066089730824501 ], [ 73.015702313032307, 19.0660430771458 ], [ 73.015804340089005, 19.065999206595102 ], [ 73.015942827068102, 19.065957628431502 ], [ 73.016112225076199, 19.0659257173897 ], [ 73.016433011667502, 19.0658955978096 ], [ 73.016616698278497, 19.0659052131519 ], [ 73.016835198199999, 19.0659271191493 ], [ 73.0170643431576, 19.065979775548399 ], [ 73.017222215780606, 19.0660178497339 ], [ 73.0174004882454, 19.066093229701199 ], [ 73.017661570108004, 19.066238137983198 ], [ 73.017782813026898, 19.066320999544299 ], [ 73.017931132965202, 19.066440101238399 ], [ 73.018135410759101, 19.0666563814911 ], [ 73.018245101343496, 19.066802937252401 ], [ 73.018377527389404, 19.0670149531974 ], [ 73.019229859710805, 19.066957730187202 ], [ 73.019232957101906, 19.0665687841894 ], [ 73.019169526161306, 19.065903610170398 ], [ 73.019127238867597, 19.065498223458 ], [ 73.019118177561396, 19.065301239523599 ], [ 73.019148382514501, 19.0648473200912 ], [ 73.019234148267898, 19.063371276519799 ], [ 73.019228121470704, 19.062693389533599 ], [ 73.019211207092198, 19.060668875890698 ], [ 73.019239211172902, 19.0592190297229 ], [ 73.017118134276799, 19.059114035261199 ], [ 73.015765032507105, 19.059096968921299 ], [ 73.014008939314394, 19.059071079874801 ], [ 73.014007839776497, 19.059124817621001 ], [ 73.013995168141093, 19.0597442735851 ], [ 73.013986674570106, 19.060667525879499 ], [ 73.013955794083799, 19.0622292318413 ], [ 73.0139362862691, 19.062843349253399 ], [ 73.013935923349806, 19.0629528277444 ], [ 73.014645037265396, 19.062940253284701 ], [ 73.014647611837006, 19.062679577983602 ], [ 73.014671640872507, 19.062382705369998 ], [ 73.015492069526502, 19.062366482478101 ], [ 73.015714264218801, 19.062377858115699 ], [ 73.015975046044105, 19.062378927075802 ], [ 73.015976698045904, 19.0622236161872 ], [ 73.016158359854302, 19.062213470820701 ], [ 73.016154231197206, 19.061990259864501 ], [ 73.016220375049897, 19.061988849580999 ], [ 73.016247275101094, 19.0615391290175 ], [ 73.016669684507207, 19.061543504219401 ], [ 73.016905618033405, 19.061551032826699 ], [ 73.016893523116494, 19.061865426382798 ], [ 73.016742325874404, 19.062349401189898 ], [ 73.0167283822245, 19.063175933820599 ], [ 73.016959685833797, 19.063172259128699 ], [ 73.016961819332593, 19.0632029828786 ], [ 73.017326832680297, 19.0631911394706 ] ] ] ] } },
{ "type": "Feature", "id": 78, "properties": { "tessellate": -1, "extrude": 0, "visibility": -1, "objectid": 76.0, "townname": "Navi Mumbai", "towncensuscode2011": "400708", "town_lgd_code": 251472.0, "ward_lgd_code": 2517939.0, "ward_lgd_name": "Navi Mumbai (M Corp.) - Ward No.76", "sourcewardcode": "76", "state": "Maharashtra" }, "geometry": { "type": "MultiPolygon", "coordinates": [ [ [ [ 73.006958888200998, 19.062286360540401 ], [ 73.006860528067307, 19.062610352103501 ], [ 73.006736733932996, 19.062995760050001 ], [ 73.006626723548294, 19.063280028264298 ], [ 73.0065366665428, 19.0634722081323 ], [ 73.006482678692507, 19.063549430844201 ], [ 73.006428584841103, 19.0636379586002 ], [ 73.006339780087004, 19.063751617278101 ], [ 73.006182858779894, 19.0639217842091 ], [ 73.006043185126302, 19.064037175596098 ], [ 73.005836124351603, 19.064186140717201 ], [ 73.005666040030704, 19.064282656799101 ], [ 73.005531727522595, 19.064346994879099 ], [ 73.0053396695115, 19.0644178136905 ], [ 73.005192004445107, 19.064461466455299 ], [ 73.004986092615695, 19.0644979906352 ], [ 73.004824439882, 19.064517409119901 ], [ 73.004663858838398, 19.064526617001 ], [ 73.004496323037998, 19.064523245447699 ], [ 73.004263168000904, 19.0644934431553 ], [ 73.0033585815778, 19.064498021200698 ], [ 73.005376026127706, 19.065014619533901 ], [ 73.007669993681702, 19.065565966560001 ], [ 73.008080551614299, 19.065665785445699 ], [ 73.012243977054794, 19.066578286571101 ], [ 73.012408357972106, 19.0666010635878 ], [ 73.012543134010699, 19.066467159103201 ], [ 73.012610108805106, 19.0663952178949 ], [ 73.012635148445298, 19.066360610403802 ], [ 73.012686806065702, 19.0662758529676 ], [ 73.012733477137999, 19.0661778811014 ], [ 73.012750072614494, 19.066127491690601 ], [ 73.012757723565798, 19.06609774827 ], [ 73.012775327850406, 19.065866891870701 ], [ 73.012831060229004, 19.065328772187499 ], [ 73.012835564381803, 19.065274055810502 ], [ 73.012830829362002, 19.0652291220579 ], [ 73.0127859450388, 19.065087804337399 ], [ 73.012753395482804, 19.0649372293943 ], [ 73.0127281636031, 19.064808340557601 ], [ 73.012713556996601, 19.064652834117599 ], [ 73.0127137815754, 19.064518843155099 ], [ 73.012721482832305, 19.064364554822699 ], [ 73.012741289786007, 19.0639677465117 ], [ 73.012741123597706, 19.063865348047099 ], [ 73.012744110496001, 19.063852642903399 ], [ 73.012753099038704, 19.063835523561199 ], [ 73.012761548592295, 19.063827190160598 ], [ 73.012777292465998, 19.063811662780001 ], [ 73.012800074639898, 19.063801848639201 ], [ 73.013963165659007, 19.0635543298561 ], [ 73.013968745993594, 19.062952245294699 ], [ 73.013935923349806, 19.0629528277444 ], [ 73.013837096092104, 19.062955287447799 ], [ 73.011030027017597, 19.062900149157699 ], [ 73.010172120649898, 19.0628936623987 ], [ 73.009631707649703, 19.062888727707001 ], [ 73.0096501967748, 19.061654875271099 ], [ 73.009653422624993, 19.060999316692701 ], [ 73.009758249730496, 19.060878612305299 ], [ 73.009873960823896, 19.060775525040999 ], [ 73.009970001507597, 19.060699808125001 ], [ 73.009999068295201, 19.0606777316242 ], [ 73.010044967714606, 19.0606520491468 ], [ 73.010071068265205, 19.060640540936799 ], [ 73.010137468137799, 19.060631775202101 ], [ 73.010283042824497, 19.060625971001802 ], [ 73.010874245672596, 19.060641710946701 ], [ 73.010920808947006, 19.0600915014276 ], [ 73.010925418202703, 19.0600370295518 ], [ 73.010649312016994, 19.0597470636237 ], [ 73.010120908593805, 19.0591560430729 ], [ 73.009669981270704, 19.059519121728499 ], [ 73.009141724272894, 19.059941864412 ], [ 73.008493252927195, 19.060489908463801 ], [ 73.007969500980494, 19.060946343709801 ], [ 73.007254360267694, 19.061522531607899 ], [ 73.007231582585305, 19.0615463731902 ], [ 73.007219419396407, 19.061564239940701 ], [ 73.007164099344493, 19.061694375169701 ], [ 73.007116856045499, 19.0617954368598 ], [ 73.007104850061694, 19.061821120858198 ], [ 73.007080872230105, 19.061884846874001 ], [ 73.006958888200998, 19.062286360540401 ] ] ] ] } },
{ "type": "Feature", "id": 79, "properties": { "tessellate": -1, "extrude": 0, "visibility": -1, "objectid": 77.0, "townname": "Navi Mumbai", "towncensuscode2011": "400708", "town_lgd_code": 251472.0, "ward_lgd_code": 2517940.0, "ward_lgd_name": "Navi Mumbai (M Corp.) - Ward No.77", "sourcewardcode": "77", "state": "Maharashtra" }, "geometry": { "type": "MultiPolygon", "coordinates": [ [ [ [ 73.0016935748599, 19.0639980693641 ], [ 73.001702524775098, 19.064105637588099 ], [ 73.002948047001397, 19.064396213998702 ], [ 73.0033585815778, 19.064498021200698 ], [ 73.004263168000904, 19.0644934431553 ], [ 73.004496323037998, 19.064523245447699 ], [ 73.004663858838398, 19.064526617001 ], [ 73.004824439882, 19.064517409119901 ], [ 73.004986092615695, 19.0644979906352 ], [ 73.005192004445107, 19.064461466455299 ], [ 73.0053396695115, 19.0644178136905 ], [ 73.005531727522595, 19.064346994879099 ], [ 73.005666040030704, 19.064282656799101 ], [ 73.005836124351603, 19.064186140717201 ], [ 73.006043185126302, 19.064037175596098 ], [ 73.006182858779894, 19.0639217842091 ], [ 73.006339780087004, 19.063751617278101 ], [ 73.006428584841103, 19.0636379586002 ], [ 73.006482678692507, 19.063549430844201 ], [ 73.006501500194403, 19.063408683102299 ], [ 73.006619349278196, 19.0629205442395 ], [ 73.006647904026096, 19.062724606672099 ], [ 73.006660098656099, 19.062570369311398 ], [ 73.006665543344994, 19.062501501686601 ], [ 73.006662833127805, 19.062347394023799 ], [ 73.006643836454501, 19.0620908450536 ], [ 73.006624317860002, 19.061954949283798 ], [ 73.006480906316497, 19.061418340966199 ], [ 73.006175736038003, 19.0605780574727 ], [ 73.005948251167098, 19.060133231346999 ], [ 73.004371930625595, 19.061158134501401 ], [ 73.004311955503994, 19.061077117069001 ], [ 73.0037647215958, 19.0603192506473 ], [ 73.003172088629896, 19.059536820581702 ], [ 73.003144180668897, 19.059507679667298 ], [ 73.003041505028605, 19.059417307224201 ], [ 73.002968931035099, 19.059361573408399 ], [ 73.002870274457393, 19.059313341961602 ], [ 73.002831719663703, 19.059297264809501 ], [ 73.002763681264, 19.059286546141301 ], [ 73.002479755243797, 19.0592735332831 ], [ 73.001340767820295, 19.059235359056601 ], [ 73.001337754870903, 19.060093955230101 ], [ 73.001355721176495, 19.060552630548301 ], [ 73.001416605393203, 19.060959641721599 ], [ 73.001500609550405, 19.0618939564106 ], [ 73.001597677906702, 19.062994214775799 ], [ 73.0016935748599, 19.0639980693641 ] ] ] ] } },
{ "type": "Feature", "id": 80, "properties": { "tessellate": -1, "extrude": 0, "visibility": -1, "objectid": 81.0, "townname": "Navi Mumbai", "towncensuscode2011": "400708", "town_lgd_code": 251472.0, "ward_lgd_code": 2517944.0, "ward_lgd_name": "Navi Mumbai (M Corp.) - Ward No.81", "sourcewardcode": "81", "state": "Maharashtra" }, "geometry": { "type": "MultiPolygon", "coordinates": [ [ [ [ 73.019939129034896, 19.044120173011599 ], [ 73.020498948340204, 19.044101217472399 ], [ 73.020677756200897, 19.0441249112592 ], [ 73.020914087680794, 19.044106410864099 ], [ 73.0209120943192, 19.044183678255401 ], [ 73.021251023285899, 19.044183678255401 ], [ 73.021172114373101, 19.043603089276299 ], [ 73.020259034378995, 19.0436484993166 ], [ 73.020020339431497, 19.043656017697099 ], [ 73.019904039941594, 19.0436541911739 ], [ 73.018888568174802, 19.0436374544126 ], [ 73.018890247125995, 19.0443773441764 ], [ 73.018880020704799, 19.045581217137102 ], [ 73.018884201464203, 19.047636359638599 ], [ 73.018886291843799, 19.048974165036601 ], [ 73.018857024731901, 19.050456210918899 ], [ 73.018943004284395, 19.051846938071201 ], [ 73.019052947295407, 19.0518349469565 ], [ 73.019133174036696, 19.054315954843801 ], [ 73.019231093995998, 19.054319476045499 ], [ 73.019413616390295, 19.054326037860299 ], [ 73.019413316352995, 19.0542682458222 ], [ 73.019428780850703, 19.053855535211799 ], [ 73.019459931729799, 19.053445026990801 ], [ 73.019478196276097, 19.053350071193201 ], [ 73.019513125469302, 19.0531833390705 ], [ 73.019581798977896, 19.052958152834801 ], [ 73.019617820522399, 19.052857195294202 ], [ 73.019669447600094, 19.052737295876 ], [ 73.019706583954004, 19.0526637107886 ], [ 73.019761055097803, 19.052550410476201 ], [ 73.019847690420406, 19.0524032468958 ], [ 73.019925648017505, 19.0522899616895 ], [ 73.020004245214906, 19.052179220330601 ], [ 73.020649619169504, 19.0514451486452 ], [ 73.021167195198601, 19.050886190769901 ], [ 73.022116756674706, 19.0498030993962 ], [ 73.022267805694796, 19.049632946849801 ], [ 73.023163697324307, 19.048624779222099 ], [ 73.023827558607493, 19.047859086376601 ], [ 73.024308616323594, 19.047304235560802 ], [ 73.024789084744896, 19.046764747984799 ], [ 73.0242758601551, 19.045702681596801 ], [ 73.0241682563571, 19.045477301794399 ], [ 73.024106326501396, 19.0453763201721 ], [ 73.024035106268997, 19.045283387508999 ], [ 73.0234073312091, 19.044574195018299 ], [ 73.022956871908207, 19.044141097723401 ], [ 73.022587220558705, 19.0444459875084 ], [ 73.022617018575005, 19.044476734257 ], [ 73.022069826887602, 19.044895127742102 ], [ 73.022097910918404, 19.044925962718501 ], [ 73.022388677609499, 19.045245209214201 ], [ 73.022689863859696, 19.045545897968701 ], [ 73.022953044186806, 19.045905910449498 ], [ 73.023089050019095, 19.046098264140799 ], [ 73.022662525430604, 19.046425334873199 ], [ 73.022348875954293, 19.0464504336489 ], [ 73.022321624661799, 19.0464526142312 ], [ 73.022241953079302, 19.046777700686501 ], [ 73.022462396056696, 19.0469251061647 ], [ 73.022448422762494, 19.0469418706159 ], [ 73.022268633043197, 19.0471575793546 ], [ 73.021897109604595, 19.0476502531086 ], [ 73.021668707553701, 19.048004165980501 ], [ 73.021705994824501, 19.048021185061302 ], [ 73.021635376463394, 19.048239408361098 ], [ 73.021894202656298, 19.0484318748289 ], [ 73.021992382228703, 19.048504882689301 ], [ 73.021433040827105, 19.049090192626501 ], [ 73.021422633844594, 19.049077167929902 ], [ 73.021324513560998, 19.048954377061602 ], [ 73.021343896509904, 19.048861459139001 ], [ 73.021144526212396, 19.048843137588001 ], [ 73.0206945591883, 19.048896794584302 ], [ 73.020561645357105, 19.048913807629599 ], [ 73.020405022290703, 19.048279250256101 ], [ 73.020189670066003, 19.047501549104101 ], [ 73.019987071223298, 19.046990007160101 ], [ 73.020144906117096, 19.0469638326134 ], [ 73.020132445585702, 19.046796317115302 ], [ 73.020175365293397, 19.0467923907167 ], [ 73.020179519103294, 19.046658901600299 ], [ 73.020135214193402, 19.0466536666809 ], [ 73.020113061738599, 19.046432493093999 ], [ 73.020090910181906, 19.046275446922799 ], [ 73.020082602562198, 19.046227024012101 ], [ 73.020143521813196, 19.046126252582901 ], [ 73.020079833954497, 19.0461053128369 ], [ 73.020111677434699, 19.046021554675701 ], [ 73.020049374778196, 19.046005849856599 ], [ 73.020080390909996, 19.0459203687419 ], [ 73.020025632305206, 19.045907715719501 ], [ 73.020080390909996, 19.045499378619802 ], [ 73.020275620872397, 19.045523781239901 ], [ 73.020478637431594, 19.045163235517499 ], [ 73.020417693027795, 19.044953273741299 ], [ 73.019988890311794, 19.044970463812898 ], [ 73.019988920854502, 19.044925730052999 ], [ 73.019989262214295, 19.044415565128201 ], [ 73.019939129034896, 19.044120173011599 ] ] ] ] } },
{ "type": "Feature", "id": 81, "properties": { "tessellate": -1, "extrude": 0, "visibility": -1, "objectid": 82.0, "townname": "Navi Mumbai", "towncensuscode2011": "400708", "town_lgd_code": 251472.0, "ward_lgd_code": 2517945.0, "ward_lgd_name": "Navi Mumbai (M Corp.) - Ward No.82", "sourcewardcode": "82", "state": "Maharashtra" }, "geometry": { "type": "MultiPolygon", "coordinates": [ [ [ [ 73.015238158016601, 19.048909207925899 ], [ 73.015555208514598, 19.049263123207599 ], [ 73.0161391745347, 19.0493418418943 ], [ 73.017146764483201, 19.049462036712999 ], [ 73.016984451487801, 19.0506194380878 ], [ 73.0165579870865, 19.0533322018596 ], [ 73.016600703774898, 19.054201072094401 ], [ 73.016764192664994, 19.054205692029701 ], [ 73.016835420982204, 19.054207705237999 ], [ 73.018353757068695, 19.054287932970102 ], [ 73.019133174036696, 19.054315954843801 ], [ 73.019052947295407, 19.0518349469565 ], [ 73.018943004284395, 19.051846938071201 ], [ 73.018857024731901, 19.050456210918899 ], [ 73.018886291843799, 19.048974165036601 ], [ 73.018884201464203, 19.047636359638599 ], [ 73.018880020704799, 19.045581217137102 ], [ 73.018890247125995, 19.0443773441764 ], [ 73.018890054886597, 19.0442926137186 ], [ 73.017732692424005, 19.0443396777091 ], [ 73.017761947857807, 19.045216223730002 ], [ 73.017711593692894, 19.045853282492399 ], [ 73.017568368998894, 19.046564042966299 ], [ 73.017495067370106, 19.046936496447401 ], [ 73.016524542808398, 19.046786541027998 ], [ 73.016453686393803, 19.047226531469999 ], [ 73.016247364932596, 19.048507683955599 ], [ 73.015637090851101, 19.048425361181199 ], [ 73.015597096058002, 19.0486335421947 ], [ 73.015238158016601, 19.048909207925899 ] ] ] ] } },
{ "type": "Feature", "id": 82, "properties": { "tessellate": -1, "extrude": 0, "visibility": -1, "objectid": 83.0, "townname": "Navi Mumbai", "towncensuscode2011": "400708", "town_lgd_code": 251472.0, "ward_lgd_code": 2517946.0, "ward_lgd_name": "Navi Mumbai (M Corp.) - Ward No.83", "sourcewardcode": "83", "state": "Maharashtra" }, "geometry": { "type": "MultiPolygon", "coordinates": [ [ [ [ 73.013541884536906, 19.051485236012599 ], [ 73.013839758698595, 19.0518125652947 ], [ 73.014212691593798, 19.052207828444299 ], [ 73.014424455048996, 19.052395867315902 ], [ 73.014668817467594, 19.052554599961201 ], [ 73.014164045126293, 19.053453359214899 ], [ 73.014214838567398, 19.0535015830256 ], [ 73.015563776645806, 19.054767337990398 ], [ 73.015679488637502, 19.054668111156101 ], [ 73.015783325799504, 19.0541779724159 ], [ 73.016600703774898, 19.054201072094401 ], [ 73.0165579870865, 19.0533322018596 ], [ 73.016984451487801, 19.0506194380878 ], [ 73.017146764483201, 19.049462036712999 ], [ 73.0161391745347, 19.0493418418943 ], [ 73.015555208514598, 19.049263123207599 ], [ 73.015034617739502, 19.049723260090399 ], [ 73.015502788224495, 19.050201257727799 ], [ 73.0150511943514, 19.0505917908987 ], [ 73.014581986312194, 19.050093801060701 ], [ 73.013713806810898, 19.050813186504602 ], [ 73.013974755722899, 19.051101040173901 ], [ 73.013541884536906, 19.051485236012599 ] ] ] ] } },
{ "type": "Feature", "id": 83, "properties": { "tessellate": -1, "extrude": 0, "visibility": -1, "objectid": 84.0, "townname": "Navi Mumbai", "towncensuscode2011": "400708", "town_lgd_code": 251472.0, "ward_lgd_code": 2517947.0, "ward_lgd_name": "Navi Mumbai (M Corp.) - Ward No.84", "sourcewardcode": "84", "state": "Maharashtra" }, "geometry": { "type": "MultiPolygon", "coordinates": [ [ [ [ 73.015238158016601, 19.048909207925899 ], [ 73.015597096058002, 19.0486335421947 ], [ 73.015637090851101, 19.048425361181199 ], [ 73.016247364932596, 19.048507683955599 ], [ 73.016453686393803, 19.047226531469999 ], [ 73.016524542808398, 19.046786541027998 ], [ 73.017495067370106, 19.046936496447401 ], [ 73.017568368998894, 19.046564042966299 ], [ 73.017711593692894, 19.045853282492399 ], [ 73.017761947857807, 19.045216223730002 ], [ 73.017732692424005, 19.0443396777091 ], [ 73.018890054886597, 19.0442926137186 ], [ 73.018888568174802, 19.0436374544126 ], [ 73.018205448808502, 19.0436271126047 ], [ 73.017449960264699, 19.0436253650523 ], [ 73.017098030879097, 19.0436331169503 ], [ 73.0147555965207, 19.043741056721501 ], [ 73.009774337658897, 19.043990412906702 ], [ 73.008414226335006, 19.044049771807099 ], [ 73.005580693790506, 19.043956592148 ], [ 73.002007757037305, 19.043884713354 ], [ 72.994119753833701, 19.0436725039572 ], [ 72.993355259679106, 19.043635444472599 ], [ 72.993323810559303, 19.043633920246901 ], [ 72.992640115373007, 19.044820363960699 ], [ 72.992589093759804, 19.045572738465498 ], [ 72.992109486822898, 19.0462961726648 ], [ 72.991242112212106, 19.047048540479299 ], [ 72.990987002349598, 19.047935944439001 ], [ 72.990701278800401, 19.048640076213299 ], [ 72.990476781726002, 19.049450306955102 ], [ 72.990507395412607, 19.050096559844299 ], [ 72.990680869975407, 19.0504052172552 ], [ 72.990772710136795, 19.050935720414099 ], [ 72.990844140574893, 19.0515626757341 ], [ 72.991038023962702, 19.0520063666612 ], [ 72.991303338686905, 19.052363247208199 ], [ 72.9916502887109, 19.0527297719632 ], [ 72.992109486822898, 19.053019133710301 ], [ 72.992793181110898, 19.053366367140601 ], [ 72.993364628209207, 19.053655726928199 ], [ 72.993915665584296, 19.053925796400499 ], [ 72.9943904368901, 19.054178432626401 ], [ 72.996899591378707, 19.054822603801298 ], [ 72.997001445958901, 19.0546166203684 ], [ 72.997260383542894, 19.054066873998199 ], [ 72.997802161084095, 19.052967375792502 ], [ 72.998383774416396, 19.051751140740699 ], [ 72.998971363342093, 19.050565020841201 ], [ 72.9994175322892, 19.049610470638701 ], [ 72.999469320165304, 19.049565284699199 ], [ 72.999545009516197, 19.049521982097001 ], [ 72.999630658488698, 19.0494880919887 ], [ 72.9997820371904, 19.049442906015798 ], [ 72.999991178463304, 19.0493694791022 ], [ 73.000851647724502, 19.049119072991999 ], [ 73.0010070104546, 19.049077652779101 ], [ 73.001120544930103, 19.049079535284701 ], [ 73.001212168597505, 19.0491002453922 ], [ 73.001293833541695, 19.0491228388513 ], [ 73.0013774900508, 19.0491454314583 ], [ 73.001506958842796, 19.0491887350078 ], [ 73.001632444504807, 19.049213210959 ], [ 73.001905324840394, 19.049238510555099 ], [ 73.003059961814401, 19.049312055554701 ], [ 73.004040313945197, 19.0494267854511 ], [ 73.004367098587693, 19.049444436131999 ], [ 73.004550719621705, 19.0494209018904 ], [ 73.005655561182905, 19.049306171989802 ], [ 73.006754178317493, 19.049270869747499 ], [ 73.007154434370406, 19.0492807085236 ], [ 73.008070490483107, 19.049239415719299 ], [ 73.008687902577904, 19.049180672590499 ], [ 73.0092977535529, 19.049159186394998 ], [ 73.009371918462705, 19.0491616938539 ], [ 73.009516551715095, 19.049177000135899 ], [ 73.009570878230207, 19.049189312410999 ], [ 73.009724881809205, 19.049236105841199 ], [ 73.009795288167993, 19.049269719187301 ], [ 73.009883927632004, 19.049334874002199 ], [ 73.010338640455799, 19.049772903014698 ], [ 73.011286251689398, 19.050804505161999 ], [ 73.011513390708998, 19.050620150495298 ], [ 73.012007208095397, 19.050219348169101 ], [ 73.012493876688794, 19.0497874492786 ], [ 73.013078012490496, 19.049292137704199 ], [ 73.014478998956406, 19.0480942448992 ], [ 73.014730169706496, 19.048342151877598 ], [ 73.015238158016601, 19.048909207925899 ] ] ] ] } },
{ "type": "Feature", "id": 84, "properties": { "tessellate": -1, "extrude": 0, "visibility": -1, "objectid": 85.0, "townname": "Navi Mumbai", "towncensuscode2011": "400708", "town_lgd_code": 251472.0, "ward_lgd_code": 2517952.0, "ward_lgd_name": "Navi Mumbai (M Corp.) - Ward No.89", "sourcewardcode": "89", "state": "Maharashtra" }, "geometry": { "type": "MultiPolygon", "coordinates": [ [ [ [ 73.019939129034896, 19.044120173011599 ], [ 73.019989262214295, 19.044415565128201 ], [ 73.019988920854502, 19.044925730052999 ], [ 73.019988890311794, 19.044970463812898 ], [ 73.020417693027795, 19.044953273741299 ], [ 73.020478637431594, 19.045163235517499 ], [ 73.020275620872397, 19.045523781239901 ], [ 73.020080390909996, 19.045499378619802 ], [ 73.020025632305206, 19.045907715719501 ], [ 73.020080390909996, 19.0459203687419 ], [ 73.020049374778196, 19.046005849856599 ], [ 73.020111677434699, 19.046021554675701 ], [ 73.020079833954497, 19.0461053128369 ], [ 73.020143521813196, 19.046126252582901 ], [ 73.020082602562198, 19.046227024012101 ], [ 73.020090910181906, 19.046275446922799 ], [ 73.020113061738599, 19.046432493093999 ], [ 73.020135214193402, 19.0466536666809 ], [ 73.020179519103294, 19.046658901600299 ], [ 73.020175365293397, 19.0467923907167 ], [ 73.020132445585702, 19.046796317115302 ], [ 73.020144906117096, 19.0469638326134 ], [ 73.019987071223298, 19.046990007160101 ], [ 73.020189670066003, 19.047501549104101 ], [ 73.020405022290703, 19.048279250256101 ], [ 73.020561645357105, 19.048913807629599 ], [ 73.0206945591883, 19.048896794584302 ], [ 73.021144526212396, 19.048843137588001 ], [ 73.021343896509904, 19.048861459139001 ], [ 73.021324513560998, 19.048954377061602 ], [ 73.021422633844594, 19.049077167929902 ], [ 73.021433040827105, 19.049090192626501 ], [ 73.021992382228703, 19.048504882689301 ], [ 73.021894202656298, 19.0484318748289 ], [ 73.021635376463394, 19.048239408361098 ], [ 73.021705994824501, 19.048021185061302 ], [ 73.021668707553701, 19.048004165980501 ], [ 73.021897109604595, 19.0476502531086 ], [ 73.022268633043197, 19.0471575793546 ], [ 73.022448422762494, 19.0469418706159 ], [ 73.022462396056696, 19.0469251061647 ], [ 73.022241953079302, 19.046777700686501 ], [ 73.022321624661799, 19.0464526142312 ], [ 73.022348875954293, 19.0464504336489 ], [ 73.022662525430604, 19.046425334873199 ], [ 73.023089050019095, 19.046098264140799 ], [ 73.022953044186806, 19.045905910449498 ], [ 73.022689863859696, 19.045545897968701 ], [ 73.022388677609499, 19.045245209214201 ], [ 73.022097910918404, 19.044925962718501 ], [ 73.022069826887602, 19.044895127742102 ], [ 73.022617018575005, 19.044476734257 ], [ 73.022587220558705, 19.0444459875084 ], [ 73.022956871908207, 19.044141097723401 ], [ 73.0226781192857, 19.0438588253303 ], [ 73.022469032809994, 19.043624516750601 ], [ 73.022427458778694, 19.0435835401214 ], [ 73.022403959749198, 19.0435658582477 ], [ 73.022291802390995, 19.043553385915001 ], [ 73.022045240896702, 19.043562160194401 ], [ 73.021799122271702, 19.043573413145399 ], [ 73.021172114373101, 19.043603089276299 ], [ 73.021251023285899, 19.044183678255401 ], [ 73.0209120943192, 19.044183678255401 ], [ 73.020914087680794, 19.044106410864099 ], [ 73.020677756200897, 19.0441249112592 ], [ 73.020498948340204, 19.044101217472399 ], [ 73.019939129034896, 19.044120173011599 ] ] ] ] } },
{ "type": "Feature", "id": 85, "properties": { "tessellate": -1, "extrude": 0, "visibility": -1, "objectid": 86.0, "townname": "Navi Mumbai", "towncensuscode2011": "400708", "town_lgd_code": 251472.0, "ward_lgd_code": 2517948.0, "ward_lgd_name": "Navi Mumbai (M Corp.) - Ward No.85", "sourcewardcode": "85", "state": "Maharashtra" }, "geometry": { "type": "MultiPolygon", "coordinates": [ [ [ [ 73.008414226335006, 19.044049771807099 ], [ 73.009774337658897, 19.043990412906702 ], [ 73.009829265146905, 19.043987663362199 ], [ 73.009781398417005, 19.0431207682756 ], [ 73.009721020850094, 19.042214035510199 ], [ 73.010106328038404, 19.0421883663087 ], [ 73.010129602489101, 19.041962974092002 ], [ 73.010141515048105, 19.041916743302401 ], [ 73.010154682553505, 19.0418859230519 ], [ 73.0101709851793, 19.041863992650601 ], [ 73.010184779708794, 19.041846211241999 ], [ 73.010220519182397, 19.041815983692199 ], [ 73.010246853295001, 19.041801758561299 ], [ 73.010276950450304, 19.041789311570799 ], [ 73.0103358898143, 19.0417733091451 ], [ 73.010388558937805, 19.041769160147702 ], [ 73.010434957820493, 19.0417709382894 ], [ 73.010490762064293, 19.041778643570201 ], [ 73.010518977249006, 19.041786941564499 ], [ 73.010547820356194, 19.041795831423102 ], [ 73.010595473287097, 19.041822503543401 ], [ 73.010839930028695, 19.041625429505601 ], [ 73.010852666342799, 19.041341115693701 ], [ 73.012888338608093, 19.041265614936499 ], [ 73.012841305514797, 19.0417768993949 ], [ 73.013214806145299, 19.0418773864487 ], [ 73.013211676414898, 19.0419439554687 ], [ 73.013340331333197, 19.0419367146858 ], [ 73.013340331333197, 19.0417630708187 ], [ 73.013383803504794, 19.0417630708187 ], [ 73.013468917979594, 19.041569168328099 ], [ 73.013733886852506, 19.041614351349601 ], [ 73.013891212401404, 19.041640181131399 ], [ 73.0139238922131, 19.041607358507498 ], [ 73.014144483412593, 19.041603496522399 ], [ 73.014142441542006, 19.0414779980918 ], [ 73.014677579634807, 19.041454828709298 ], [ 73.014660005892907, 19.040626618602101 ], [ 73.014660186454293, 19.040608929619999 ], [ 73.014623280069202, 19.040611564582999 ], [ 73.014584731563701, 19.040612636230801 ], [ 73.014042864191097, 19.040637597471498 ], [ 73.013761679829003, 19.040660292284201 ], [ 73.0134174966161, 19.040708806830501 ], [ 73.013387490190695, 19.0407135740471 ], [ 73.013344953165401, 19.040714333201301 ], [ 73.013212127369101, 19.0407078846365 ], [ 73.013165176022497, 19.040702573953599 ], [ 73.013033152421798, 19.040672227312299 ], [ 73.012960519139497, 19.040647191350299 ], [ 73.0127529193757, 19.040550945139099 ], [ 73.012715220676498, 19.0405287283922 ], [ 73.012669661718505, 19.040491688585799 ], [ 73.012629857368296, 19.040441971555399 ], [ 73.012625443047, 19.0404340055182 ], [ 73.012622232468104, 19.040422246250699 ], [ 73.012620225631807, 19.0404006239037 ], [ 73.012590261427206, 19.039652946499 ], [ 73.012524731123804, 19.038392713094499 ], [ 73.012507907475197, 19.038070557719301 ], [ 73.008817118044902, 19.038231371815201 ], [ 73.007277232273097, 19.0383863705867 ], [ 73.006960460252799, 19.038423965375699 ], [ 73.006308943618293, 19.0384913976952 ], [ 73.005781071997802, 19.0386487391016 ], [ 73.005463796022596, 19.038741022462698 ], [ 73.004730085336206, 19.038954429555801 ], [ 73.004054791194406, 19.039224156958699 ], [ 73.004016106145002, 19.0392488194991 ], [ 73.003850300499707, 19.039354524551001 ], [ 73.003679098674496, 19.039525350837799 ], [ 73.003614427160599, 19.039579073685001 ], [ 73.003522163892697, 19.0396557181937 ], [ 73.003274872966401, 19.0398220495121 ], [ 73.002420352349006, 19.040284235287 ], [ 73.002081768335202, 19.0405226857219 ], [ 73.000555266562799, 19.041597734114401 ], [ 73.000094568264302, 19.041864646503701 ], [ 72.999693315081402, 19.042089415571301 ], [ 72.999292061000205, 19.042286087406701 ], [ 72.998719903334504, 19.042503830831301 ], [ 72.997834281245304, 19.0426201593 ], [ 72.997621230504393, 19.042617282359501 ], [ 72.997371656958805, 19.0425770043373 ], [ 72.9971342573821, 19.042493570471802 ], [ 72.996589456111707, 19.042174220181401 ], [ 72.996300316269497, 19.0420389993124 ], [ 72.994921572988304, 19.042010228954702 ], [ 72.994574604997993, 19.042059138814501 ], [ 72.994297639124596, 19.042197236615099 ], [ 72.994035891610295, 19.042467677136099 ], [ 72.993956758118699, 19.0426949622845 ], [ 72.993393695895193, 19.043299136256501 ], [ 72.993323810559303, 19.043633920246901 ], [ 72.993355259679106, 19.043635444472599 ], [ 72.994119753833701, 19.0436725039572 ], [ 73.002007757037305, 19.043884713354 ], [ 73.005580693790506, 19.043956592148 ], [ 73.008414226335006, 19.044049771807099 ] ] ] ] } },
{ "type": "Feature", "id": 86, "properties": { "tessellate": -1, "extrude": 0, "visibility": -1, "objectid": 87.0, "townname": "Navi Mumbai", "towncensuscode2011": "400708", "town_lgd_code": 251472.0, "ward_lgd_code": 2517949.0, "ward_lgd_name": "Navi Mumbai (M Corp.) - Ward No.86", "sourcewardcode": "86", "state": "Maharashtra" }, "geometry": { "type": "MultiPolygon", "coordinates": [ [ [ [ 73.009829265146905, 19.043987663362199 ], [ 73.0147555965207, 19.043741056721501 ], [ 73.014677579634807, 19.041454828709298 ], [ 73.014142441542006, 19.0414779980918 ], [ 73.014144483412593, 19.041603496522399 ], [ 73.0139238922131, 19.041607358507498 ], [ 73.013891212401404, 19.041640181131399 ], [ 73.013733886852506, 19.041614351349601 ], [ 73.013468917979594, 19.041569168328099 ], [ 73.013383803504794, 19.0417630708187 ], [ 73.013340331333197, 19.0417630708187 ], [ 73.013340331333197, 19.0419367146858 ], [ 73.013211676414898, 19.0419439554687 ], [ 73.013214806145299, 19.0418773864487 ], [ 73.012841305514797, 19.0417768993949 ], [ 73.012888338608093, 19.041265614936499 ], [ 73.010852666342799, 19.041341115693701 ], [ 73.010839930028695, 19.041625429505601 ], [ 73.010595473287097, 19.041822503543401 ], [ 73.010547820356194, 19.041795831423102 ], [ 73.010518977249006, 19.041786941564499 ], [ 73.010490762064293, 19.041778643570201 ], [ 73.010434957820493, 19.0417709382894 ], [ 73.010388558937805, 19.041769160147702 ], [ 73.0103358898143, 19.0417733091451 ], [ 73.010276950450304, 19.041789311570799 ], [ 73.010246853295001, 19.041801758561299 ], [ 73.010220519182397, 19.041815983692199 ], [ 73.010184779708794, 19.041846211241999 ], [ 73.0101709851793, 19.041863992650601 ], [ 73.010154682553505, 19.0418859230519 ], [ 73.010141515048105, 19.041916743302401 ], [ 73.010129602489101, 19.041962974092002 ], [ 73.010106328038404, 19.0421883663087 ], [ 73.009721020850094, 19.042214035510199 ], [ 73.009781398417005, 19.0431207682756 ], [ 73.009829265146905, 19.043987663362199 ] ] ] ] } },
{ "type": "Feature", "id": 87, "properties": { "tessellate": -1, "extrude": 0, "visibility": -1, "objectid": 88.0, "townname": "Navi Mumbai", "towncensuscode2011": "400708", "town_lgd_code": 251472.0, "ward_lgd_code": 2517950.0, "ward_lgd_name": "Navi Mumbai (M Corp.) - Ward No.87", "sourcewardcode": "87", "state": "Maharashtra" }, "geometry": { "type": "MultiPolygon", "coordinates": [ [ [ [ 73.014660005892907, 19.040626618602101 ], [ 73.014677579634807, 19.041454828709298 ], [ 73.0147555965207, 19.043741056721501 ], [ 73.017098030879097, 19.0436331169503 ], [ 73.017449960264699, 19.0436253650523 ], [ 73.018205448808502, 19.0436271126047 ], [ 73.018888568174802, 19.0436374544126 ], [ 73.018877968952694, 19.042925179251998 ], [ 73.018867581733105, 19.042633425663698 ], [ 73.018779096779298, 19.041199094895902 ], [ 73.018616377745403, 19.039164127183899 ], [ 73.0186156626864, 19.0391059562292 ], [ 73.018097865671805, 19.039139231108098 ], [ 73.018099407180799, 19.039180033055299 ], [ 73.017488049731099, 19.039221767384799 ], [ 73.0175080704838, 19.039615463229701 ], [ 73.015527225095198, 19.039661022965799 ], [ 73.0155331126536, 19.039764109762299 ], [ 73.015560169011593, 19.040219040404899 ], [ 73.015567577417798, 19.040407858809399 ], [ 73.015568287086893, 19.040425949469 ], [ 73.015090192014497, 19.040520254557499 ], [ 73.014660186454293, 19.040608929619999 ], [ 73.014660005892907, 19.040626618602101 ] ] ] ] } },
{ "type": "Feature", "id": 88, "properties": { "tessellate": -1, "extrude": 0, "visibility": -1, "objectid": 89.0, "townname": "Navi Mumbai", "towncensuscode2011": "400708", "town_lgd_code": 251472.0, "ward_lgd_code": 2517951.0, "ward_lgd_name": "Navi Mumbai (M Corp.) - Ward No.88", "sourcewardcode": "88", "state": "Maharashtra" }, "geometry": { "type": "MultiPolygon", "coordinates": [ [ [ [ 73.018474008247594, 19.036992802214701 ], [ 73.0186156626864, 19.0391059562292 ], [ 73.018616377745403, 19.039164127183899 ], [ 73.018779096779298, 19.041199094895902 ], [ 73.018867581733105, 19.042633425663698 ], [ 73.018877968952694, 19.042925179251998 ], [ 73.018888568174802, 19.0436374544126 ], [ 73.019904039941594, 19.0436541911739 ], [ 73.020020339431497, 19.043656017697099 ], [ 73.020259034378995, 19.0436484993166 ], [ 73.021172114373101, 19.043603089276299 ], [ 73.021799122271702, 19.043573413145399 ], [ 73.022045240896702, 19.043562160194401 ], [ 73.022291802390995, 19.043553385915001 ], [ 73.022403959749198, 19.0435658582477 ], [ 73.022356146918099, 19.043055277303701 ], [ 73.022309506388595, 19.042007177076801 ], [ 73.022294842289895, 19.0418039969475 ], [ 73.022281219338595, 19.041752486034099 ], [ 73.022277042172504, 19.041740280201498 ], [ 73.022251039538304, 19.041660564391101 ], [ 73.022232263850597, 19.0416252350477 ], [ 73.022217331155602, 19.0416026499087 ], [ 73.022188736881802, 19.0415682486863 ], [ 73.020903128234295, 19.0402762276331 ], [ 73.020549916952803, 19.039914736425999 ], [ 73.020010660982706, 19.0393757657557 ], [ 73.019984909876797, 19.039145006339002 ], [ 73.019831209029903, 19.0370705501585 ], [ 73.021529191105301, 19.036982543213 ], [ 73.0221703250118, 19.036442596649199 ], [ 73.021778551750003, 19.0360700100778 ], [ 73.021463063422303, 19.035746020189301 ], [ 73.021435173427605, 19.035711745981398 ], [ 73.021410073600293, 19.0356735179307 ], [ 73.021391944699502, 19.035627379650101 ], [ 73.021351505240403, 19.035300460029799 ], [ 73.021351505240403, 19.035282005357001 ], [ 73.021351505240403, 19.035262231884399 ], [ 73.021359872148906, 19.035233231070102 ], [ 73.021373816697107, 19.035208184946899 ], [ 73.021995950337001, 19.034683331329799 ], [ 73.021948509408503, 19.034630365231401 ], [ 73.021334925933502, 19.034022570146099 ], [ 73.021297048469506, 19.0339867636254 ], [ 73.021244913843702, 19.033941892732301 ], [ 73.021150039173307, 19.033860237000098 ], [ 73.021077631368101, 19.033802159297899 ], [ 73.021063296951098, 19.0337965129597 ], [ 73.020998641606894, 19.033771046265102 ], [ 73.020919651845603, 19.0337586012202 ], [ 73.020812137879204, 19.0337586012202 ], [ 73.020305285937994, 19.033795937201301 ], [ 73.020196614941398, 19.0338047332264 ], [ 73.019608935285902, 19.033852303766 ], [ 73.019573154489805, 19.0333185759328 ], [ 73.019555271727498, 19.0332504774352 ], [ 73.019488004980701, 19.0329943148753 ], [ 73.019303975213305, 19.032553497800102 ], [ 73.019291238000903, 19.032518196241199 ], [ 73.018513922192298, 19.032543795604301 ], [ 73.018474008247594, 19.036992802214701 ] ] ] ] } },
{ "type": "Feature", "id": 89, "properties": { "tessellate": -1, "extrude": 0, "visibility": -1, "objectid": 90.0, "townname": "Navi Mumbai", "towncensuscode2011": "400708", "town_lgd_code": 251472.0, "ward_lgd_code": 2517953.0, "ward_lgd_name": "Navi Mumbai (M Corp.) - Ward No.90", "sourcewardcode": "90", "state": "Maharashtra" }, "geometry": { "type": "MultiPolygon", "coordinates": [ [ [ [ 73.022403959749198, 19.0435658582477 ], [ 73.022427458778694, 19.0435835401214 ], [ 73.022469032809994, 19.043624516750601 ], [ 73.0226781192857, 19.0438588253303 ], [ 73.022956871908207, 19.044141097723401 ], [ 73.0234073312091, 19.044574195018299 ], [ 73.024035106268997, 19.045283387508999 ], [ 73.024106326501396, 19.0453763201721 ], [ 73.0241682563571, 19.045477301794399 ], [ 73.0242758601551, 19.045702681596801 ], [ 73.024789084744896, 19.046764747984799 ], [ 73.026051775572796, 19.045317202053202 ], [ 73.026841597726801, 19.044421547367399 ], [ 73.027211189787593, 19.0439975474563 ], [ 73.027614381534804, 19.0435354340079 ], [ 73.027878135885402, 19.043234503848399 ], [ 73.028035212601097, 19.0430272662657 ], [ 73.028121730244393, 19.0428906959357 ], [ 73.028243601984002, 19.0426573243066 ], [ 73.028261064334799, 19.0426214016153 ], [ 73.028318387629795, 19.042476904922601 ], [ 73.028388039403595, 19.042277188233601 ], [ 73.0284321529723, 19.0421038071126 ], [ 73.028550561706496, 19.0412654332156 ], [ 73.028703796327605, 19.0401549095054 ], [ 73.028809029471603, 19.039449291348699 ], [ 73.028811908572095, 19.039429985417101 ], [ 73.026374087503498, 19.0390050751794 ], [ 73.026010911210605, 19.038644450761101 ], [ 73.025957464146103, 19.038683461917401 ], [ 73.021995950337001, 19.034683331329799 ], [ 73.021373816697107, 19.035208184946899 ], [ 73.021359872148906, 19.035233231070102 ], [ 73.021351505240403, 19.035262231884399 ], [ 73.021351505240403, 19.035282005357001 ], [ 73.021351505240403, 19.035300460029799 ], [ 73.021391944699502, 19.035627379650101 ], [ 73.021410073600293, 19.0356735179307 ], [ 73.021435173427605, 19.035711745981398 ], [ 73.021463063422303, 19.035746020189301 ], [ 73.021778551750003, 19.0360700100778 ], [ 73.0221703250118, 19.036442596649199 ], [ 73.021529191105301, 19.036982543213 ], [ 73.019831209029903, 19.0370705501585 ], [ 73.019984909876797, 19.039145006339002 ], [ 73.020010660982706, 19.0393757657557 ], [ 73.020549916952803, 19.039914736425999 ], [ 73.020903128234295, 19.0402762276331 ], [ 73.022188736881802, 19.0415682486863 ], [ 73.022217331155602, 19.0416026499087 ], [ 73.022232263850597, 19.0416252350477 ], [ 73.022251039538304, 19.041660564391101 ], [ 73.022277042172504, 19.041740280201498 ], [ 73.022281219338595, 19.041752486034099 ], [ 73.022294842289895, 19.0418039969475 ], [ 73.022309506388595, 19.042007177076801 ], [ 73.022356146918099, 19.043055277303701 ], [ 73.022403959749198, 19.0435658582477 ] ] ] ] } },
{ "type": "Feature", "id": 90, "properties": { "tessellate": -1, "extrude": 0, "visibility": -1, "objectid": 91.0, "townname": "Navi Mumbai", "towncensuscode2011": "400708", "town_lgd_code": 251472.0, "ward_lgd_code": 2517962.0, "ward_lgd_name": "Navi Mumbai (M Corp.) - Ward No.99", "sourcewardcode": "99", "state": "Maharashtra" }, "geometry": { "type": "MultiPolygon", "coordinates": [ [ [ [ 73.024075445116793, 19.018038932157999 ], [ 73.023628305090895, 19.018439415541401 ], [ 73.0213683208042, 19.020313447469999 ], [ 73.021094989514395, 19.020564510189899 ], [ 73.020244937117198, 19.021276990801599 ], [ 73.018897536954597, 19.0224836452369 ], [ 73.017978970050706, 19.0232488954336 ], [ 73.017529836663101, 19.0236950891892 ], [ 73.017304001099006, 19.023958967100398 ], [ 73.017187277604293, 19.024126888648802 ], [ 73.017141552458, 19.024192953535099 ], [ 73.0179114526739, 19.024967961343499 ], [ 73.018103320242204, 19.024790561348301 ], [ 73.018259461811596, 19.024946179024699 ], [ 73.018241972511404, 19.0249609253381 ], [ 73.018213062928893, 19.024985301252698 ], [ 73.018250215452397, 19.0250195674829 ], [ 73.018290698030697, 19.0250569045789 ], [ 73.018396547418902, 19.024965078152398 ], [ 73.019681566771595, 19.026349690303299 ], [ 73.019374629506999, 19.026739232469701 ], [ 73.019705045139901, 19.027024196317701 ], [ 73.020128260334801, 19.026213535123901 ], [ 73.020489431588103, 19.0255577864522 ], [ 73.020874363280598, 19.024849127970299 ], [ 73.020918722987602, 19.024787115103301 ], [ 73.021061462591305, 19.024578351330899 ], [ 73.021297883004394, 19.024501799226599 ], [ 73.022469599646996, 19.024197776427101 ], [ 73.023355472366106, 19.0239656056985 ], [ 73.024547110946699, 19.023668994197401 ], [ 73.024613676109198, 19.023646262243499 ], [ 73.024964106206596, 19.023532248288699 ], [ 73.025063998866202, 19.023497600436801 ], [ 73.025158404615993, 19.023454812478398 ], [ 73.025399384877502, 19.0233413359704 ], [ 73.025498335204404, 19.023275575627999 ], [ 73.026180641595303, 19.022747986218601 ], [ 73.027044009719901, 19.0220996404666 ], [ 73.027393320516495, 19.0218350547154 ], [ 73.027410480135003, 19.0218220576051 ], [ 73.027431377643495, 19.021806229052899 ], [ 73.027454290971406, 19.0217888735252 ], [ 73.0274846073156, 19.021772277236501 ], [ 73.0274918180924, 19.021768330713201 ], [ 73.0275179473891, 19.021759882248499 ], [ 73.027540257947507, 19.0217553692667 ], [ 73.027581801436099, 19.021754435927001 ], [ 73.027957444548605, 19.0217830832534 ], [ 73.027982428493303, 19.021563713500001 ], [ 73.028015193644904, 19.021160128482599 ], [ 73.028080393368299, 19.020731067846899 ], [ 73.028209609733693, 19.019898503798998 ], [ 73.028392134822994, 19.018870749663598 ], [ 73.028513906849597, 19.0181789174977 ], [ 73.028540824867093, 19.0178754937658 ], [ 73.028603599139203, 19.016241658989799 ], [ 73.027956273145406, 19.0162152239607 ], [ 73.027642129595606, 19.0162094241525 ], [ 73.026906107543994, 19.016354705508402 ], [ 73.026668415116504, 19.016421706004401 ], [ 73.026442482534307, 19.016493778430799 ], [ 73.025888405260304, 19.016705023787701 ], [ 73.025653158047007, 19.0168172750578 ], [ 73.025404958025604, 19.0169568070576 ], [ 73.025105304301306, 19.017159612469801 ], [ 73.0248464421758, 19.017348380649398 ], [ 73.024075445116793, 19.018038932157999 ] ] ] ] } },
{ "type": "Feature", "id": 91, "properties": { "tessellate": -1, "extrude": 0, "visibility": -1, "objectid": 92.0, "townname": "Navi Mumbai", "towncensuscode2011": "400708", "town_lgd_code": 251472.0, "ward_lgd_code": 2517954.0, "ward_lgd_name": "Navi Mumbai (M Corp.) - Ward No.91", "sourcewardcode": "91", "state": "Maharashtra" }, "geometry": { "type": "MultiPolygon", "coordinates": [ [ [ [ 73.028213976444306, 19.033079609875902 ], [ 73.027537713020294, 19.033611508446501 ], [ 73.026769500738794, 19.034231130131399 ], [ 73.026322066065404, 19.0345764870785 ], [ 73.025935695271798, 19.0342442680872 ], [ 73.025902103670106, 19.034226153825799 ], [ 73.025871212404098, 19.034215433538101 ], [ 73.025834765058093, 19.034219949578301 ], [ 73.025803474940105, 19.034230162893898 ], [ 73.025763795455703, 19.0342518251075 ], [ 73.025358999317305, 19.034609352702901 ], [ 73.024827211042194, 19.034050250666098 ], [ 73.024516640990498, 19.033742064722102 ], [ 73.024495261985095, 19.033718112145401 ], [ 73.024472299249794, 19.033688919141898 ], [ 73.0244532962883, 19.033662721268101 ], [ 73.024438251303906, 19.033629785821802 ], [ 73.024425582363506, 19.033598348361501 ], [ 73.024416872298502, 19.0335586770295 ], [ 73.024409745963297, 19.033507028534899 ], [ 73.024401035898293, 19.033373042991801 ], [ 73.024383616666697, 19.032975577160801 ], [ 73.024271192508806, 19.031116724238402 ], [ 73.024227513724796, 19.030242389881099 ], [ 73.024209604911306, 19.0298659093087 ], [ 73.023686456632504, 19.029853165045299 ], [ 73.023452938676101, 19.029825234154799 ], [ 73.022932361375695, 19.029709516654499 ], [ 73.022905577207197, 19.029782660980501 ], [ 73.022813322024106, 19.030021794831001 ], [ 73.022667498504106, 19.030373462582101 ], [ 73.022551435270998, 19.0305957156869 ], [ 73.022420492343599, 19.030784208743899 ], [ 73.021985998800304, 19.031391886599401 ], [ 73.021483057225495, 19.031206207679201 ], [ 73.021152722441002, 19.0316619642722 ], [ 73.020512886600102, 19.0317041641608 ], [ 73.020559822675395, 19.0322464767412 ], [ 73.019327241579106, 19.0325093007907 ], [ 73.019291238000903, 19.032518196241199 ], [ 73.019303975213305, 19.032553497800102 ], [ 73.019488004980701, 19.0329943148753 ], [ 73.019555271727498, 19.0332504774352 ], [ 73.019573154489805, 19.0333185759328 ], [ 73.019608935285902, 19.033852303766 ], [ 73.020196614941398, 19.0338047332264 ], [ 73.020305285937994, 19.033795937201301 ], [ 73.020812137879204, 19.0337586012202 ], [ 73.020919651845603, 19.0337586012202 ], [ 73.020998641606894, 19.033771046265102 ], [ 73.021063296951098, 19.0337965129597 ], [ 73.021077631368101, 19.033802159297899 ], [ 73.021150039173307, 19.033860237000098 ], [ 73.021244913843702, 19.033941892732301 ], [ 73.021297048469506, 19.0339867636254 ], [ 73.021334925933502, 19.034022570146099 ], [ 73.021948509408503, 19.034630365231401 ], [ 73.021995950337001, 19.034683331329799 ], [ 73.025957464146103, 19.038683461917401 ], [ 73.026010911210605, 19.038644450761101 ], [ 73.026374087503498, 19.0390050751794 ], [ 73.028811908572095, 19.039429985417101 ], [ 73.029681101373001, 19.033477537424101 ], [ 73.029731472606002, 19.033133270268898 ], [ 73.029522722998493, 19.0328465845203 ], [ 73.029278485445801, 19.0325656083476 ], [ 73.029188750037207, 19.032449500422299 ], [ 73.029104930034606, 19.0324888535662 ], [ 73.028213976444306, 19.033079609875902 ] ] ] ] } },
{ "type": "Feature", "id": 92, "properties": { "tessellate": -1, "extrude": 0, "visibility": -1, "objectid": 93.0, "townname": "Navi Mumbai", "towncensuscode2011": "400708", "town_lgd_code": 251472.0, "ward_lgd_code": 2517970.0, "ward_lgd_name": "Navi Mumbai (M Corp.) - Ward No.107", "sourcewardcode": "107", "state": "Maharashtra" }, "geometry": { "type": "MultiPolygon", "coordinates": [ [ [ [ 73.022024750325002, 19.015822599672202 ], [ 73.022479769474302, 19.015892254422202 ], [ 73.022346082193707, 19.016660014889201 ], [ 73.024075445116793, 19.018038932157999 ], [ 73.024846443074097, 19.017348380649398 ], [ 73.025105304301306, 19.017159612469801 ], [ 73.025404958025604, 19.0169568070576 ], [ 73.025653158047007, 19.0168172750578 ], [ 73.025888405260304, 19.016705023787701 ], [ 73.026442482534307, 19.016493778430799 ], [ 73.026668415116504, 19.016421706004401 ], [ 73.026906107543994, 19.016354705508402 ], [ 73.027642129595606, 19.0162094241525 ], [ 73.027956273145406, 19.0162152239607 ], [ 73.028603599139203, 19.016241658989799 ], [ 73.028679397186195, 19.014145399772101 ], [ 73.028691767886002, 19.012931016409301 ], [ 73.028756008208603, 19.0115092207289 ], [ 73.028782491441504, 19.010164241718702 ], [ 73.028856534180505, 19.009373627323399 ], [ 73.029175238476995, 19.009481744780501 ], [ 73.032687800358204, 19.010673354207601 ], [ 73.034610358559604, 19.011345120245899 ], [ 73.036076911261503, 19.011810046988501 ], [ 73.036729280397296, 19.012013918620699 ], [ 73.036893186105701, 19.012144892739901 ], [ 73.037726392396294, 19.013019204257301 ], [ 73.038033285643493, 19.013329740445698 ], [ 73.038478552682093, 19.012929032426399 ], [ 73.0383800955303, 19.012631645345898 ], [ 73.038379265486995, 19.012600803525501 ], [ 73.038412363913594, 19.012478259168098 ], [ 73.0385801476491, 19.0120355259772 ], [ 73.038902591632194, 19.011177376032201 ], [ 73.039172706953195, 19.010407665688 ], [ 73.039290388052095, 19.0099845922058 ], [ 73.039325812217001, 19.0097534216643 ], [ 73.039353991469198, 19.009379023940301 ], [ 73.0393934939855, 19.009160110044999 ], [ 73.039450015084796, 19.008995518031099 ], [ 73.039489275954296, 19.008928750656001 ], [ 73.039529316561499, 19.008860614136399 ], [ 73.039556749313604, 19.008830789112402 ], [ 73.039584982464703, 19.008818536696001 ], [ 73.039652499841395, 19.0088166044731 ], [ 73.039695919910699, 19.008810776379001 ], [ 73.039720739463704, 19.008799069230299 ], [ 73.039772605493297, 19.0087691499198 ], [ 73.0397896869584, 19.0087592960042 ], [ 73.039850064525197, 19.008704297691398 ], [ 73.039901709569193, 19.008646268952301 ], [ 73.040074764618794, 19.008350921101002 ], [ 73.040421657150603, 19.007877292608299 ], [ 73.040471580124205, 19.007841197626401 ], [ 73.041918379771403, 19.007278496924499 ], [ 73.042537732227203, 19.0069861660415 ], [ 73.042487842491298, 19.006952484685499 ], [ 73.042266768896496, 19.0068277210902 ], [ 73.042130871760193, 19.006751025767102 ], [ 73.041904722684095, 19.006685225738199 ], [ 73.041530833083101, 19.006576439731202 ], [ 73.041049884063099, 19.006399499138499 ], [ 73.040634557873005, 19.006246700053399 ], [ 73.039514612038602, 19.005926198881099 ], [ 73.038987709700294, 19.005752185287001 ], [ 73.0388300939955, 19.005700132356601 ], [ 73.038358194603703, 19.0055370580966 ], [ 73.038251716394697, 19.005478941619199 ], [ 73.037954092863004, 19.005316499056299 ], [ 73.037858926240105, 19.0052285474891 ], [ 73.037679089808407, 19.005062344618398 ], [ 73.037148484614505, 19.0046198515873 ], [ 73.036329407924995, 19.003936779819 ], [ 73.035880122722105, 19.003525828870998 ], [ 73.035667373815102, 19.003331231153702 ], [ 73.034967509851995, 19.0027205119294 ], [ 73.034964047744893, 19.002717392230402 ], [ 73.034300641907507, 19.002119392511901 ], [ 73.033938093536904, 19.001762092306802 ], [ 73.033518630604902, 19.001348698304199 ], [ 73.033170887368598, 19.000943787621399 ], [ 73.032878500116595, 19.000636337004298 ], [ 73.032864077664698, 19.0006211714927 ], [ 73.032658473059101, 19.0005141533086 ], [ 73.032657201942996, 19.000513492497799 ], [ 73.032531062307399, 19.000447841189899 ], [ 73.032531022781598, 19.000447824202499 ], [ 73.031708364509001, 19.0000719250766 ], [ 73.031595846028097, 19.000020511646099 ], [ 73.031109331046594, 18.999855378031501 ], [ 73.030836157860307, 18.9997626551861 ], [ 73.030138019560795, 18.9996991091834 ], [ 73.028521121219697, 18.9996078896462 ], [ 73.026870200085497, 18.999642997741301 ], [ 73.026756834493199, 18.999645409118699 ], [ 73.025766778760797, 18.999540996193002 ], [ 73.025511024806093, 18.999367489793499 ], [ 73.025386980940098, 18.999283351334299 ], [ 73.024979018240302, 18.9986371861878 ], [ 73.024483226356907, 18.997780828125698 ], [ 73.024246116935998, 18.997483287404599 ], [ 73.024132091081995, 18.9973401979721 ], [ 73.023949518381997, 18.9971815272405 ], [ 73.023344211983996, 18.996655456145 ], [ 73.022069756819107, 18.995776104098599 ], [ 73.021291183369101, 18.995344359281699 ], [ 73.021160676124595, 18.9952719871971 ], [ 73.020393855333396, 18.9949936876822 ], [ 73.019646651951504, 18.994772695911799 ], [ 73.018641926730396, 18.9944755320439 ], [ 73.016498266188094, 18.993841926223801 ], [ 73.014907825926997, 18.993172374419999 ], [ 73.013580345007497, 18.992620320749399 ], [ 73.013319873999293, 18.992512010561398 ], [ 73.011078690553106, 18.9914361104139 ], [ 73.010837100335607, 18.991320130059702 ], [ 73.009149543209105, 18.990460862454398 ], [ 73.008511088078805, 18.9900742099945 ], [ 73.007222290412003, 18.989504279196201 ], [ 73.006560460219703, 18.989258589799299 ], [ 73.005375554512199, 18.988818707520199 ], [ 73.004453825538505, 18.989201067333902 ], [ 73.003406320746905, 18.989348353992 ], [ 73.003131233250798, 18.9894467066995 ], [ 73.002934156352197, 18.989530823798798 ], [ 73.002894317865895, 18.989569337673601 ], [ 73.002857515685307, 18.989635646481599 ], [ 73.002857515685307, 18.989678352251801 ], [ 73.002895836018794, 18.989789645768202 ], [ 73.003027943162706, 18.9900854232461 ], [ 73.003207406793607, 18.990409388294299 ], [ 73.003321611412304, 18.990540517027299 ], [ 73.003443972733805, 18.990717926375101 ], [ 73.003533704549199, 18.990887621948399 ], [ 73.003631593965693, 18.991250153284401 ], [ 73.003688696275006, 18.991450701706899 ], [ 73.003745797686094, 18.9915818296198 ], [ 73.003876317506993, 18.9917438116161 ], [ 73.004324976584002, 18.9921140537672 ], [ 73.004471810708793, 18.992515149138701 ], [ 73.004471810708793, 18.992707982536199 ], [ 73.004410936373603, 18.993256864225899 ], [ 73.004293990994995, 18.9935412076257 ], [ 73.004250554755998, 18.993607554773799 ], [ 73.0041202442426, 18.993670742104801 ], [ 73.003890998673697, 18.993688325659399 ], [ 73.004025677694301, 18.994388728234899 ], [ 73.004076718172101, 18.9948092889293 ], [ 73.004030805278006, 18.9957708964556 ], [ 73.003764488932205, 18.997257065012501 ], [ 73.003676491763599, 18.998260446329901 ], [ 73.003700752564498, 18.998637373901001 ], [ 73.003830873533403, 18.9989504273188 ], [ 73.004204593352796, 18.9995317422398 ], [ 73.008791374125593, 19.004582812270201 ], [ 73.011469964351505, 19.007715424838999 ], [ 73.011759289246697, 19.007971325698701 ], [ 73.012330660886505, 19.008312383544901 ], [ 73.012489740845197, 19.008421235513602 ], [ 73.013089281855699, 19.009075510257698 ], [ 73.013987419273406, 19.008369177473099 ], [ 73.014330970970704, 19.008139497812301 ], [ 73.014601547127498, 19.007977413718201 ], [ 73.015097414469395, 19.007772356563301 ], [ 73.015631106274597, 19.0075927257001 ], [ 73.016233861457195, 19.007468495118399 ], [ 73.016736699725797, 19.007426650893301 ], [ 73.017113749599901, 19.007425872901599 ], [ 73.018131862413696, 19.0075359909601 ], [ 73.020221749803099, 19.007891005098301 ], [ 73.023311059658397, 19.008425463482201 ], [ 73.023266545441203, 19.0086006760814 ], [ 73.022664314874703, 19.011268606211701 ], [ 73.022441438361099, 19.012356538551799 ], [ 73.022518596457502, 19.012370626917001 ], [ 73.022514654649996, 19.012391150507 ], [ 73.022435031576507, 19.012805735823701 ], [ 73.022381844125206, 19.013136308406601 ], [ 73.022359524583607, 19.013132088201498 ], [ 73.022306571592594, 19.013122074874801 ], [ 73.022246866863796, 19.013417656304501 ], [ 73.0223722635927, 19.0134326168162 ], [ 73.022369423119798, 19.0134476223398 ], [ 73.022361400266007, 19.013490009454401 ], [ 73.022203215927505, 19.014325680915999 ], [ 73.022332596684706, 19.014349592973701 ], [ 73.022296606581094, 19.014515817138101 ], [ 73.022024750325002, 19.015822599672202 ] ] ] ] } },
{ "type": "Feature", "id": 93, "properties": { "tessellate": -1, "extrude": 0, "visibility": -1, "objectid": 94.0, "townname": "Navi Mumbai", "towncensuscode2011": "400708", "town_lgd_code": 251472.0, "ward_lgd_code": 2517957.0, "ward_lgd_name": "Navi Mumbai (M Corp.) - Ward No.94", "sourcewardcode": "94", "state": "Maharashtra" }, "geometry": { "type": "MultiPolygon", "coordinates": [ [ [ [ 73.014934784368705, 19.036753410907401 ], [ 73.015005623715396, 19.037812831610299 ], [ 73.015423395119697, 19.037795661177899 ], [ 73.015459722989803, 19.038479043866101 ], [ 73.015514499560894, 19.039438201159101 ], [ 73.015527225095198, 19.039661022965799 ], [ 73.0175080704838, 19.039615463229701 ], [ 73.017488049731099, 19.039221767384799 ], [ 73.018099407180799, 19.039180033055299 ], [ 73.018097865671805, 19.039139231108098 ], [ 73.0186156626864, 19.0391059562292 ], [ 73.018474008247594, 19.036992802214701 ], [ 73.017596232044099, 19.036207631369901 ], [ 73.017239005293305, 19.035881276754498 ], [ 73.017266047278298, 19.036550418812499 ], [ 73.016787671931596, 19.036578698437101 ], [ 73.015525377260701, 19.036653431962701 ], [ 73.015219563788506, 19.0366683173525 ], [ 73.015096112810497, 19.036678242643401 ], [ 73.014974308444593, 19.036702064867502 ], [ 73.014930280215793, 19.0367145614922 ], [ 73.014934784368705, 19.036753410907401 ] ] ] ] } },
{ "type": "Feature", "id": 94, "properties": { "tessellate": -1, "extrude": 0, "visibility": -1, "objectid": 95.0, "townname": "Navi Mumbai", "towncensuscode2011": "400708", "town_lgd_code": 251472.0, "ward_lgd_code": 2517958.0, "ward_lgd_name": "Navi Mumbai (M Corp.) - Ward No.95", "sourcewardcode": "95", "state": "Maharashtra" }, "geometry": { "type": "MultiPolygon", "coordinates": [ [ [ [ 73.014934784368705, 19.036753410907401 ], [ 73.014930280215793, 19.0367145614922 ], [ 73.014974308444593, 19.036702064867502 ], [ 73.015096112810497, 19.036678242643401 ], [ 73.015219563788506, 19.0366683173525 ], [ 73.0152032494846, 19.0357586255824 ], [ 73.015107272581304, 19.035665257844499 ], [ 73.015028102258697, 19.035499203444701 ], [ 73.015025263582402, 19.035399934519301 ], [ 73.015062159187806, 19.035206764245501 ], [ 73.015064997864101, 19.035134325441 ], [ 73.015039454269001, 19.0349492035308 ], [ 73.015141626852795, 19.034917007988799 ], [ 73.015131361803995, 19.034610239264499 ], [ 73.015168898806394, 19.034607600809501 ], [ 73.015133206943602, 19.034338597916602 ], [ 73.015154859036898, 19.034334678016901 ], [ 73.015103709862899, 19.034077527811601 ], [ 73.014959488937293, 19.0340976130814 ], [ 73.014939117841607, 19.034044422607501 ], [ 73.014789835807704, 19.034066538318001 ], [ 73.0144899125888, 19.034128078113898 ], [ 73.014484100489, 19.034187421008799 ], [ 73.014267876000105, 19.034225883780501 ], [ 73.014256251800305, 19.034185223281501 ], [ 73.014145814715903, 19.0341819258412 ], [ 73.014145814715903, 19.034300610722202 ], [ 73.013852212043403, 19.034376986773001 ], [ 73.013830779138999, 19.034325886265901 ], [ 73.013752891610594, 19.034350062943201 ], [ 73.013777724638302, 19.034449067546401 ], [ 73.013682261571404, 19.0344775538838 ], [ 73.013661570675495, 19.034452658803801 ], [ 73.013593630192204, 19.034474242013001 ], [ 73.013566892736094, 19.0343962177134 ], [ 73.013328860745304, 19.0339948879231 ], [ 73.013177456890801, 19.0340621420108 ], [ 73.013129788688502, 19.033986356009301 ], [ 73.013053070766603, 19.034010491974399 ], [ 73.012943295740598, 19.0340234652028 ], [ 73.012940793932501, 19.033963386841901 ], [ 73.012269804517601, 19.034000952061 ], [ 73.012358422421997, 19.035496824007499 ], [ 73.012434060568907, 19.036773585867302 ], [ 73.012435839233206, 19.036804767121598 ], [ 73.012507907475197, 19.038070557719301 ], [ 73.012524731123804, 19.038392713094499 ], [ 73.012590261427206, 19.039652946499 ], [ 73.012620225631807, 19.0404006239037 ], [ 73.012622232468104, 19.040422246250699 ], [ 73.012625443047, 19.0404340055182 ], [ 73.012629857368296, 19.040441971555399 ], [ 73.012669661718505, 19.040491688585799 ], [ 73.012715220676498, 19.0405287283922 ], [ 73.0127529193757, 19.040550945139099 ], [ 73.012960519139497, 19.040647191350299 ], [ 73.013033152421798, 19.040672227312299 ], [ 73.013165176022497, 19.040702573953599 ], [ 73.013212127369101, 19.0407078846365 ], [ 73.013344953165401, 19.040714333201301 ], [ 73.013387490190695, 19.0407135740471 ], [ 73.0134174966161, 19.040708806830501 ], [ 73.013761679829003, 19.040660292284201 ], [ 73.014042864191097, 19.040637597471498 ], [ 73.014584731563701, 19.040612636230801 ], [ 73.014623280069202, 19.040611564582999 ], [ 73.014660186454293, 19.040608929619999 ], [ 73.015090192014497, 19.040520254557499 ], [ 73.015568287086893, 19.040425949469 ], [ 73.015567577417798, 19.040407858809399 ], [ 73.015560169011593, 19.040219040404899 ], [ 73.0155331126536, 19.039764109762299 ], [ 73.015527225095198, 19.039661022965799 ], [ 73.015514499560894, 19.039438201159101 ], [ 73.015459722989803, 19.038479043866101 ], [ 73.015423395119697, 19.037795661177899 ], [ 73.015005623715396, 19.037812831610299 ], [ 73.014934784368705, 19.036753410907401 ] ] ] ] } },
{ "type": "Feature", "id": 95, "properties": { "tessellate": -1, "extrude": 0, "visibility": -1, "objectid": 96.0, "townname": "Navi Mumbai", "towncensuscode2011": "400708", "town_lgd_code": 251472.0, "ward_lgd_code": 2517959.0, "ward_lgd_name": "Navi Mumbai (M Corp.) - Ward No.96", "sourcewardcode": "96", "state": "Maharashtra" }, "geometry": { "type": "MultiPolygon", "coordinates": [ [ [ [ 73.012434060568907, 19.036773585867302 ], [ 73.012358422421997, 19.035496824007499 ], [ 73.010662191163206, 19.035544931601098 ], [ 73.010632883627096, 19.035019282503502 ], [ 73.010677820950804, 19.0350171348896 ], [ 73.010656920747394, 19.034702000066599 ], [ 73.010327604652502, 19.034713150016302 ], [ 73.010322553425596, 19.0346203115894 ], [ 73.010245930725205, 19.034624042960701 ], [ 73.010088661770098, 19.034634808229399 ], [ 73.009961729820404, 19.034749442969801 ], [ 73.009503170410596, 19.0347750751076 ], [ 73.0094467723804, 19.034692779490801 ], [ 73.009209291057005, 19.034729053766501 ], [ 73.008633160142793, 19.0347702856414 ], [ 73.008597086495897, 19.033840669714099 ], [ 73.0077732388539, 19.033839682942599 ], [ 73.002839113696794, 19.0337735004567 ], [ 72.997218396286499, 19.033618627307401 ], [ 72.996830759766695, 19.034143463059301 ], [ 72.996707245008395, 19.034397591715901 ], [ 72.996590994925796, 19.034665455740502 ], [ 72.996525604759597, 19.034995134796301 ], [ 72.9963221686872, 19.036952589064398 ], [ 72.995682797275293, 19.0380927094083 ], [ 72.995530219322504, 19.038429249806999 ], [ 72.995450298008393, 19.038683371904799 ], [ 72.9954212357123, 19.0389718333914 ], [ 72.995428501286298, 19.039246558999899 ], [ 72.995501157026496, 19.039576228111098 ], [ 72.996114327276501, 19.040781340857102 ], [ 72.996447913962299, 19.041436963189799 ], [ 72.996575897839094, 19.041719182807501 ], [ 72.996577101581593, 19.041730183682802 ], [ 72.996576700034694, 19.041741564132199 ], [ 72.996574694096694, 19.041753323306299 ], [ 72.996571885064796, 19.041761668005702 ], [ 72.996564661711602, 19.0417741863277 ], [ 72.996559845843294, 19.041781772725901 ], [ 72.996386120650499, 19.041959417812599 ], [ 72.996300316269497, 19.0420389993124 ], [ 72.996589456111707, 19.042174220181401 ], [ 72.9971342573821, 19.042493570471802 ], [ 72.997371656958805, 19.0425770043373 ], [ 72.997621230504393, 19.042617282359501 ], [ 72.997834281245304, 19.0426201593 ], [ 72.998719903334504, 19.042503830831301 ], [ 72.999292061000205, 19.042286087406701 ], [ 72.999693315081402, 19.042089415571301 ], [ 73.000094568264302, 19.041864646503701 ], [ 73.000555266562799, 19.041597734114401 ], [ 73.002081768335202, 19.0405226857219 ], [ 73.002420352349006, 19.040284235287 ], [ 73.003274872966401, 19.0398220495121 ], [ 73.003522163892697, 19.0396557181937 ], [ 73.003614427160599, 19.039579073685001 ], [ 73.003679098674496, 19.039525350837799 ], [ 73.003850300499707, 19.039354524551001 ], [ 73.004016106145002, 19.0392488194991 ], [ 73.004054791194406, 19.039224156958699 ], [ 73.004730085336206, 19.038954429555801 ], [ 73.005463796022596, 19.038741022462698 ], [ 73.005781071997802, 19.0386487391016 ], [ 73.006308943618293, 19.0384913976952 ], [ 73.006960460252799, 19.038423965375699 ], [ 73.007277232273097, 19.0383863705867 ], [ 73.008817118044902, 19.038231371815201 ], [ 73.012507907475197, 19.038070557719301 ], [ 73.012435839233206, 19.036804767121598 ], [ 73.012434060568907, 19.036773585867302 ] ] ] ] } },
{ "type": "Feature", "id": 96, "properties": { "tessellate": -1, "extrude": 0, "visibility": -1, "objectid": 97.0, "townname": "Navi Mumbai", "towncensuscode2011": "400708", "town_lgd_code": 251472.0, "ward_lgd_code": 2517960.0, "ward_lgd_name": "Navi Mumbai (M Corp.) - Ward No.97", "sourcewardcode": "97", "state": "Maharashtra" }, "geometry": { "type": "MultiPolygon", "coordinates": [ [ [ [ 73.012063385139996, 19.029353980132498 ], [ 73.010874035466799, 19.0293971512701 ], [ 73.010904484761696, 19.0294883060592 ], [ 73.010937471797206, 19.029615443209 ], [ 73.010942547278503, 19.029720990492802 ], [ 73.010924784890406, 19.029838531263401 ], [ 73.010901947020997, 19.029898501566802 ], [ 73.010691337002598, 19.030282309127902 ], [ 73.010645662162005, 19.0303758624739 ], [ 73.010555814463899, 19.030477576753398 ], [ 73.010454577924605, 19.030543951626601 ], [ 73.010319051792706, 19.0306056956906 ], [ 73.009793274145096, 19.030841867139301 ], [ 73.009626723796501, 19.030895893418201 ], [ 73.009582637177203, 19.030903611092601 ], [ 73.009551612960607, 19.030903611092601 ], [ 73.009514057093497, 19.030894349543502 ], [ 73.009486299151305, 19.0308789133442 ], [ 73.009396492775707, 19.030794015496099 ], [ 73.009358936908598, 19.0307569692723 ], [ 73.009340975992799, 19.030733815378198 ], [ 73.009337709718395, 19.030716835287699 ], [ 73.009337709718395, 19.030699856044599 ], [ 73.009339690503595, 19.030677635432099 ], [ 73.009342365686507, 19.030663725255899 ], [ 73.009349053643803, 19.0306504485945 ], [ 73.009371124352, 19.030613776843499 ], [ 73.009378481554194, 19.030593545087001 ], [ 73.009381156737106, 19.030570783508701 ], [ 73.009377812309296, 19.030552448049999 ], [ 73.009140592395596, 19.030140885214902 ], [ 73.009117601812505, 19.0301250786857 ], [ 73.009086251507497, 19.0301053207343 ], [ 73.009062215285397, 19.030095441757801 ], [ 73.009042359822701, 19.030091489487599 ], [ 73.009021459619305, 19.030088525709601 ], [ 73.008990109314198, 19.030087538066599 ], [ 73.008923227944607, 19.030099393178599 ], [ 73.008818714351193, 19.0301219824299 ], [ 73.008736686487694, 19.030128186830499 ], [ 73.008629636950204, 19.0300982017229 ], [ 73.007224019668996, 19.028841317345599 ], [ 73.002529362908703, 19.0288596190241 ], [ 72.997783624348102, 19.028976148127001 ], [ 72.997730704594801, 19.029480595962099 ], [ 72.997740948083901, 19.0297800360363 ], [ 72.997834772623804, 19.030076929608899 ], [ 72.9979085638345, 19.030254008049901 ], [ 72.997948667323698, 19.0305385675859 ], [ 72.997891535370002, 19.030720850384998 ], [ 72.997732600938306, 19.030978418505999 ], [ 72.997647457717406, 19.031107201992199 ], [ 72.997557097979595, 19.031381433631001 ], [ 72.997516903760499, 19.032502352573101 ], [ 72.997414731176704, 19.033275045751999 ], [ 72.997289853674104, 19.033521877691101 ], [ 72.997218396286499, 19.033618627307401 ], [ 73.002839113696794, 19.0337735004567 ], [ 73.0077732388539, 19.033839682942599 ], [ 73.008597086495897, 19.033840669714099 ], [ 73.008633160142793, 19.0347702856414 ], [ 73.009209291057005, 19.034729053766501 ], [ 73.0094467723804, 19.034692779490801 ], [ 73.009503170410596, 19.0347750751076 ], [ 73.009961729820404, 19.034749442969801 ], [ 73.010088661770098, 19.034634808229399 ], [ 73.010245930725205, 19.034624042960701 ], [ 73.010322553425596, 19.0346203115894 ], [ 73.010327604652502, 19.034713150016302 ], [ 73.010656920747394, 19.034702000066599 ], [ 73.010677820950804, 19.0350171348896 ], [ 73.010632883627096, 19.035019282503502 ], [ 73.010662191163206, 19.035544931601098 ], [ 73.012358422421997, 19.035496824007499 ], [ 73.012269804517601, 19.034000952061 ], [ 73.012238107462807, 19.033101121930301 ], [ 73.013220896722999, 19.0330698771394 ], [ 73.013607404958805, 19.033108256947902 ], [ 73.013613900676603, 19.033149707470699 ], [ 73.013815275115505, 19.033165059387802 ], [ 73.013831514859206, 19.032607779982801 ], [ 73.014551407659894, 19.0326146577118 ], [ 73.014562685109993, 19.031491086586499 ], [ 73.0145671039229, 19.030931494245799 ], [ 73.014567491096798, 19.030882441836798 ], [ 73.013589727012302, 19.030912448033199 ], [ 73.013436612765403, 19.030944404872699 ], [ 73.013319316145498, 19.030975786787099 ], [ 73.0132843707826, 19.030985135800801 ], [ 73.013264787509399, 19.0307005022987 ], [ 73.013261060399302, 19.030646342629201 ], [ 73.012126596891605, 19.030705396336 ], [ 73.012063385139996, 19.029353980132498 ] ] ] ] } },
{ "type": "Feature", "id": 97, "properties": { "tessellate": -1, "extrude": 0, "visibility": -1, "objectid": 98.0, "townname": "Navi Mumbai", "towncensuscode2011": "400708", "town_lgd_code": 251472.0, "ward_lgd_code": 2517961.0, "ward_lgd_name": "Navi Mumbai (M Corp.) - Ward No.98", "sourcewardcode": "98", "state": "Maharashtra" }, "geometry": { "type": "MultiPolygon", "coordinates": [ [ [ [ 72.998206583523299, 19.021734366150099 ], [ 72.998221279063003, 19.021794569528801 ], [ 72.998227476540094, 19.022007800516299 ], [ 72.998064807811801, 19.022644431111001 ], [ 72.997726924483999, 19.025199147245701 ], [ 72.997766657867402, 19.025386962784101 ], [ 72.9979482981161, 19.025848452437302 ], [ 72.998027764882806, 19.026106028112501 ], [ 72.998095879639195, 19.0263850670568 ], [ 72.998084527629004, 19.0266963026741 ], [ 72.997971003034905, 19.027189985736602 ], [ 72.997783624348102, 19.028976148127001 ], [ 73.002529362908703, 19.0288596190241 ], [ 73.007224019668996, 19.028841317345599 ], [ 73.008629636950204, 19.0300982017229 ], [ 73.008736686487694, 19.030128186830499 ], [ 73.008818714351193, 19.0301219824299 ], [ 73.008923227944607, 19.030099393178599 ], [ 73.008990109314198, 19.030087538066599 ], [ 73.009021459619305, 19.030088525709601 ], [ 73.009042359822701, 19.030091489487599 ], [ 73.009062215285397, 19.030095441757801 ], [ 73.009086251507497, 19.0301053207343 ], [ 73.009117601812505, 19.0301250786857 ], [ 73.009140592395596, 19.030140885214902 ], [ 73.009377812309296, 19.030552448049999 ], [ 73.009381156737106, 19.030570783508701 ], [ 73.009378481554194, 19.030593545087001 ], [ 73.009371124352, 19.030613776843499 ], [ 73.009349053643803, 19.0306504485945 ], [ 73.009342365686507, 19.030663725255899 ], [ 73.009339690503595, 19.030677635432099 ], [ 73.009337709718395, 19.030699856044599 ], [ 73.009337709718395, 19.030716835287699 ], [ 73.009340975992799, 19.030733815378198 ], [ 73.009358936908598, 19.0307569692723 ], [ 73.009396492775707, 19.030794015496099 ], [ 73.009486299151305, 19.0308789133442 ], [ 73.009514057093497, 19.030894349543502 ], [ 73.009551612960607, 19.030903611092601 ], [ 73.009582637177203, 19.030903611092601 ], [ 73.009626723796501, 19.030895893418201 ], [ 73.009793274145096, 19.030841867139301 ], [ 73.010319051792706, 19.0306056956906 ], [ 73.010454577924605, 19.030543951626601 ], [ 73.010555814463899, 19.030477576753398 ], [ 73.010645662162005, 19.0303758624739 ], [ 73.010691337002598, 19.030282309127902 ], [ 73.010901947020997, 19.029898501566802 ], [ 73.010924784890406, 19.029838531263401 ], [ 73.010942547278503, 19.029720990492802 ], [ 73.010937471797206, 19.029615443209 ], [ 73.010904484761696, 19.0294883060592 ], [ 73.010874035466799, 19.0293971512701 ], [ 73.012063385139996, 19.029353980132498 ], [ 73.012126596891605, 19.030705396336 ], [ 73.013261060399302, 19.030646342629201 ], [ 73.013264787509399, 19.0307005022987 ], [ 73.0132843707826, 19.030985135800801 ], [ 73.013319316145498, 19.030975786787099 ], [ 73.013436612765403, 19.030944404872699 ], [ 73.013589727012302, 19.030912448033199 ], [ 73.014567491096798, 19.030882441836798 ], [ 73.0145671039229, 19.030931494245799 ], [ 73.014562685109993, 19.031491086586499 ], [ 73.014551407659894, 19.0326146577118 ], [ 73.014570746591403, 19.033163839081102 ], [ 73.014604153140198, 19.033171885292301 ], [ 73.015399234031804, 19.032760800257101 ], [ 73.015429540494594, 19.0327637639875 ], [ 73.015488061243801, 19.032834892651799 ], [ 73.015547431799206, 19.032978198657698 ], [ 73.015563760476098, 19.033072356817598 ], [ 73.015466868189606, 19.033335466591002 ], [ 73.015478236369503, 19.033453677372499 ], [ 73.015822650449394, 19.033468292153401 ], [ 73.015807904604003, 19.0330944403877 ], [ 73.015809816218905, 19.031977988891501 ], [ 73.018442006663903, 19.031766190580999 ], [ 73.017914382080093, 19.0305336930757 ], [ 73.017225339222804, 19.028615138462001 ], [ 73.016895467969107, 19.027749162668002 ], [ 73.016700081699796, 19.027168644462101 ], [ 73.016664556923601, 19.027041506289098 ], [ 73.016629032147407, 19.0269359573029 ], [ 73.016585895047399, 19.026734454661099 ], [ 73.016563058076301, 19.026576130439398 ], [ 73.016552021374693, 19.026470489439799 ], [ 73.016545787066605, 19.026294957677301 ], [ 73.016550370271204, 19.026163528474498 ], [ 73.016560520335602, 19.025830086734 ], [ 73.016579068749607, 19.0255877876656 ], [ 73.016635166742404, 19.025293515331999 ], [ 73.016692469376096, 19.025093636154399 ], [ 73.016730531893003, 19.025000079833902 ], [ 73.016776205835299, 19.024884933912901 ], [ 73.016900542552094, 19.024592271358401 ], [ 73.016989354492694, 19.024426748559399 ], [ 73.017052790823101, 19.024321197912201 ], [ 73.017141552458, 19.024192953535099 ], [ 73.017187277604293, 19.024126888648802 ], [ 73.017304001099006, 19.023958967100398 ], [ 73.017529836663101, 19.0236950891892 ], [ 73.017978970050706, 19.0232488954336 ], [ 73.018897536954597, 19.0224836452369 ], [ 73.020244937117198, 19.021276990801599 ], [ 73.021017562821697, 19.020629406200499 ], [ 73.019448172782702, 19.019040779161902 ], [ 73.018070366444306, 19.0176494961412 ], [ 73.017500336887494, 19.0170907489365 ], [ 73.0160301936194, 19.018399402576499 ], [ 73.014854192013004, 19.019443368880101 ], [ 73.013252292842097, 19.0208758722091 ], [ 73.012747201598899, 19.021353293858201 ], [ 73.012381138120602, 19.021260329068301 ], [ 73.011063900690303, 19.021036077042002 ], [ 73.010785386121299, 19.021037288944999 ], [ 73.010404808562996, 19.021084296680002 ], [ 73.009251203753195, 19.021193785729 ], [ 73.007440474126597, 19.021327583215701 ], [ 73.007468039829305, 19.021097289601599 ], [ 73.005967654777194, 19.021107158922 ], [ 73.005531938626802, 19.021145163570701 ], [ 73.0051195858602, 19.021181131671799 ], [ 73.003913500573205, 19.0213614374576 ], [ 73.002770080862106, 19.0215286635359 ], [ 72.998206583523299, 19.021734366150099 ] ] ] ] } },
{ "type": "Feature", "id": 98, "properties": { "tessellate": -1, "extrude": 0, "visibility": -1, "objectid": 99.0, "townname": "Navi Mumbai", "towncensuscode2011": "400708", "town_lgd_code": 251472.0, "ward_lgd_code": 2517956.0, "ward_lgd_name": "Navi Mumbai (M Corp.) - Ward No.93", "sourcewardcode": "93", "state": "Maharashtra" }, "geometry": { "type": "MultiPolygon", "coordinates": [ [ [ [ 73.0152032494846, 19.0357586255824 ], [ 73.015219563788506, 19.0366683173525 ], [ 73.015525377260701, 19.036653431962701 ], [ 73.016787671931596, 19.036578698437101 ], [ 73.017266047278298, 19.036550418812499 ], [ 73.017239005293305, 19.035881276754498 ], [ 73.017596232044099, 19.036207631369901 ], [ 73.018474008247594, 19.036992802214701 ], [ 73.018513922192298, 19.032543795604301 ], [ 73.018442006663903, 19.031766190580999 ], [ 73.015809816218905, 19.031977988891501 ], [ 73.015807904604003, 19.0330944403877 ], [ 73.015822650449394, 19.033468292153401 ], [ 73.015478236369503, 19.033453677372499 ], [ 73.015466868189606, 19.033335466591002 ], [ 73.015563760476098, 19.033072356817598 ], [ 73.015547431799206, 19.032978198657698 ], [ 73.015488061243801, 19.032834892651799 ], [ 73.015429540494594, 19.0327637639875 ], [ 73.015399234031804, 19.032760800257101 ], [ 73.014604153140198, 19.033171885292301 ], [ 73.014570746591403, 19.033163839081102 ], [ 73.014551407659894, 19.0326146577118 ], [ 73.013831514859206, 19.032607779982801 ], [ 73.013815275115505, 19.033165059387802 ], [ 73.013613900676603, 19.033149707470699 ], [ 73.013607404958805, 19.033108256947902 ], [ 73.013220896722999, 19.0330698771394 ], [ 73.012238107462807, 19.033101121930301 ], [ 73.012269804517601, 19.034000952061 ], [ 73.012940793932501, 19.033963386841901 ], [ 73.012943295740598, 19.0340234652028 ], [ 73.013053070766603, 19.034010491974399 ], [ 73.013129788688502, 19.033986356009301 ], [ 73.013177456890801, 19.0340621420108 ], [ 73.013328860745304, 19.0339948879231 ], [ 73.013566892736094, 19.0343962177134 ], [ 73.013593630192204, 19.034474242013001 ], [ 73.013661570675495, 19.034452658803801 ], [ 73.013682261571404, 19.0344775538838 ], [ 73.013777724638302, 19.034449067546401 ], [ 73.013752891610594, 19.034350062943201 ], [ 73.013830779138999, 19.034325886265901 ], [ 73.013852212043403, 19.034376986773001 ], [ 73.014145814715903, 19.034300610722202 ], [ 73.014145814715903, 19.0341819258412 ], [ 73.014256251800305, 19.034185223281501 ], [ 73.014267876000105, 19.034225883780501 ], [ 73.014484100489, 19.034187421008799 ], [ 73.0144899125888, 19.034128078113898 ], [ 73.014789835807704, 19.034066538318001 ], [ 73.014939117841607, 19.034044422607501 ], [ 73.014959488937293, 19.0340976130814 ], [ 73.015103709862899, 19.034077527811601 ], [ 73.015154859036898, 19.034334678016901 ], [ 73.015133206943602, 19.034338597916602 ], [ 73.015168898806394, 19.034607600809501 ], [ 73.015131361803995, 19.034610239264499 ], [ 73.015141626852795, 19.034917007988799 ], [ 73.015039454269001, 19.0349492035308 ], [ 73.015064997864101, 19.035134325441 ], [ 73.015062159187806, 19.035206764245501 ], [ 73.015025263582402, 19.035399934519301 ], [ 73.015028102258697, 19.035499203444701 ], [ 73.015107272581304, 19.035665257844499 ], [ 73.0152032494846, 19.0357586255824 ] ] ] ] } },
{ "type": "Feature", "id": 99, "properties": { "tessellate": -1, "extrude": 0, "visibility": -1, "objectid": 100.0, "townname": "Navi Mumbai", "towncensuscode2011": "400708", "town_lgd_code": 251472.0, "ward_lgd_code": 2517955.0, "ward_lgd_name": "Navi Mumbai (M Corp.) - Ward No.92", "sourcewardcode": "92", "state": "Maharashtra" }, "geometry": { "type": "MultiPolygon", "coordinates": [ [ [ [ 73.021152722441002, 19.0316619642722 ], [ 73.021483057225495, 19.031206207679201 ], [ 73.021985998800304, 19.031391886599401 ], [ 73.022420492343599, 19.030784208743899 ], [ 73.022551435270998, 19.0305957156869 ], [ 73.022667498504106, 19.030373462582101 ], [ 73.022813322024106, 19.030021794831001 ], [ 73.022905577207197, 19.029782660980501 ], [ 73.022932361375695, 19.029709516654499 ], [ 73.023007875555095, 19.029277321527999 ], [ 73.023037329516598, 19.029009627151201 ], [ 73.023049002225406, 19.028777906442901 ], [ 73.023030503218806, 19.028308650233601 ], [ 73.023004340684494, 19.028080593825798 ], [ 73.022992940165196, 19.028014730903699 ], [ 73.022914454358798, 19.027583676983198 ], [ 73.022865867180101, 19.027350483412501 ], [ 73.022802331136603, 19.0271526219443 ], [ 73.022686470024496, 19.0269194277686 ], [ 73.0224693023046, 19.026566979050099 ], [ 73.021836074470997, 19.0256954190017 ], [ 73.0211150345216, 19.024666220476401 ], [ 73.021061462591305, 19.024578351330899 ], [ 73.020918722987602, 19.024787115103301 ], [ 73.020874363280598, 19.024849127970299 ], [ 73.020489431588103, 19.0255577864522 ], [ 73.020128260334801, 19.026213535123901 ], [ 73.019705045139901, 19.027024196317701 ], [ 73.019374629506999, 19.026739232469701 ], [ 73.019681566771595, 19.026349690303299 ], [ 73.018396547418902, 19.024965078152398 ], [ 73.018290698030697, 19.0250569045789 ], [ 73.018250215452397, 19.0250195674829 ], [ 73.018213062928893, 19.024985301252698 ], [ 73.018241972511404, 19.0249609253381 ], [ 73.018259461811596, 19.024946179024699 ], [ 73.018103320242204, 19.024790561348301 ], [ 73.0179114526739, 19.024967961343499 ], [ 73.017141552458, 19.024192953535099 ], [ 73.017052790823101, 19.024321197912201 ], [ 73.016989354492694, 19.024426748559399 ], [ 73.016900542552094, 19.024592271358401 ], [ 73.016776205835299, 19.024884933912901 ], [ 73.016730531893003, 19.025000079833902 ], [ 73.016692469376096, 19.025093636154399 ], [ 73.016635166742404, 19.025293515331999 ], [ 73.016579068749607, 19.0255877876656 ], [ 73.016560520335602, 19.025830086734 ], [ 73.016550370271204, 19.026163528474498 ], [ 73.016545787066605, 19.026294957677301 ], [ 73.016552021374693, 19.026470489439799 ], [ 73.016563058076301, 19.026576130439398 ], [ 73.016585895047399, 19.026734454661099 ], [ 73.016629032147407, 19.0269359573029 ], [ 73.016664556923601, 19.027041506289098 ], [ 73.016700081699796, 19.027168644462101 ], [ 73.016895467969107, 19.027749162668002 ], [ 73.017225339222804, 19.028615138462001 ], [ 73.017914382080093, 19.0305336930757 ], [ 73.018442006663903, 19.031766190580999 ], [ 73.018513922192298, 19.032543795604301 ], [ 73.019291238000903, 19.032518196241199 ], [ 73.019327241579106, 19.0325093007907 ], [ 73.020559822675395, 19.0322464767412 ], [ 73.020512886600102, 19.0317041641608 ], [ 73.021152722441002, 19.0316619642722 ] ] ] ] } },
{ "type": "Feature", "id": 100, "properties": { "tessellate": -1, "extrude": 0, "visibility": -1, "objectid": 101.0, "townname": "Navi Mumbai", "towncensuscode2011": "400708", "town_lgd_code": 251472.0, "ward_lgd_code": 2517963.0, "ward_lgd_name": "Navi Mumbai (M Corp.) - Ward No.100", "sourcewardcode": "100", "state": "Maharashtra" }, "geometry": { "type": "MultiPolygon", "coordinates": [ [ [ [ 73.027431377643495, 19.021806229052899 ], [ 73.027410480135003, 19.0218220576051 ], [ 73.027393320516495, 19.0218350547154 ], [ 73.027044009719901, 19.0220996404666 ], [ 73.026180641595303, 19.022747986218601 ], [ 73.025498335204404, 19.023275575627999 ], [ 73.025399384877502, 19.0233413359704 ], [ 73.025158404615993, 19.023454812478398 ], [ 73.025063998866202, 19.023497600436801 ], [ 73.024964106206596, 19.023532248288699 ], [ 73.024613676109198, 19.023646262243499 ], [ 73.024547110946699, 19.023668994197401 ], [ 73.023355472366106, 19.0239656056985 ], [ 73.022469599646996, 19.024197776427101 ], [ 73.021297883004394, 19.024501799226599 ], [ 73.021061462591305, 19.024578351330899 ], [ 73.0211150345216, 19.024666220476401 ], [ 73.021836074470997, 19.0256954190017 ], [ 73.0224693023046, 19.026566979050099 ], [ 73.022686470024496, 19.0269194277686 ], [ 73.022802331136603, 19.0271526219443 ], [ 73.022865867180101, 19.027350483412501 ], [ 73.022914454358798, 19.027583676983198 ], [ 73.022992940165196, 19.028014730903699 ], [ 73.023004340684494, 19.028080593825798 ], [ 73.023030503218806, 19.028308650233601 ], [ 73.023049002225406, 19.028777906442901 ], [ 73.023037329516598, 19.029009627151201 ], [ 73.023007875555095, 19.029277321527999 ], [ 73.022932361375695, 19.029709516654499 ], [ 73.023452938676101, 19.029825234154799 ], [ 73.023686456632504, 19.029853165045299 ], [ 73.024209604911306, 19.0298659093087 ], [ 73.024227513724796, 19.030242389881099 ], [ 73.024271192508806, 19.031116724238402 ], [ 73.024383616666697, 19.032975577160801 ], [ 73.024401035898293, 19.033373042991801 ], [ 73.024409745963297, 19.033507028534899 ], [ 73.024416872298502, 19.0335586770295 ], [ 73.024425582363506, 19.033598348361501 ], [ 73.024438251303906, 19.033629785821802 ], [ 73.0244532962883, 19.033662721268101 ], [ 73.024472299249794, 19.033688919141898 ], [ 73.024495261985095, 19.033718112145401 ], [ 73.024516640990498, 19.033742064722102 ], [ 73.024827211042194, 19.034050250666098 ], [ 73.025358999317305, 19.034609352702901 ], [ 73.025763795455703, 19.0342518251075 ], [ 73.025803474940105, 19.034230162893898 ], [ 73.025834765058093, 19.034219949578301 ], [ 73.025871212404098, 19.034215433538101 ], [ 73.025902103670106, 19.034226153825799 ], [ 73.025935695271798, 19.0342442680872 ], [ 73.026322066065404, 19.0345764870785 ], [ 73.026769500738794, 19.034231130131399 ], [ 73.027537713020294, 19.033611508446501 ], [ 73.028213976444306, 19.033079609875902 ], [ 73.029104930034606, 19.0324888535662 ], [ 73.029188750037207, 19.032449500422299 ], [ 73.029045734650694, 19.032264453646601 ], [ 73.028959072378598, 19.032117283970098 ], [ 73.028903318440499, 19.031989427755601 ], [ 73.028870352066207, 19.0318624605666 ], [ 73.028867099266506, 19.0318420455325 ], [ 73.028857579819501, 19.031662060233099 ], [ 73.028857579819501, 19.031567567533301 ], [ 73.028875032288795, 19.031479074469399 ], [ 73.0288893119086, 19.031416079838799 ], [ 73.029035279159103, 19.030919617962699 ], [ 73.029074944270405, 19.0307636296785 ], [ 73.029100330660398, 19.030639138719302 ], [ 73.029109850107503, 19.030543145718902 ], [ 73.029113022957006, 19.030426154042001 ], [ 73.029100330660398, 19.0302626658398 ], [ 73.029078118018305, 19.0300991774767 ], [ 73.028955631830996, 19.0296283904548 ], [ 73.028678379395004, 19.028488981405399 ], [ 73.028355815037798, 19.027175013724602 ], [ 73.028100470714904, 19.026162564586901 ], [ 73.027832730539401, 19.025072767640602 ], [ 73.027697069660107, 19.024541654460599 ], [ 73.027667175524101, 19.024438439321099 ], [ 73.027651578075805, 19.0243757723788 ], [ 73.027643779800798, 19.024320478597801 ], [ 73.027640530594397, 19.024244295798599 ], [ 73.027650278213599, 19.024150909699099 ], [ 73.027660676213003, 19.024039707111399 ], [ 73.027676142507204, 19.023916772038401 ], [ 73.027733568210095, 19.023460324986001 ], [ 73.027957444548605, 19.0217830832534 ], [ 73.027581801436099, 19.021754435927001 ], [ 73.027540257947507, 19.0217553692667 ], [ 73.0275179473891, 19.021759882248499 ], [ 73.0274918180924, 19.021768330713201 ], [ 73.0274846073156, 19.021772277236501 ], [ 73.027454290971406, 19.0217888735252 ], [ 73.027431377643495, 19.021806229052899 ] ] ] ] } },
{ "type": "Feature", "id": 101, "properties": { "tessellate": -1, "extrude": 0, "visibility": -1, "objectid": 102.0, "townname": "Navi Mumbai", "towncensuscode2011": "400708", "town_lgd_code": 251472.0, "ward_lgd_code": 2517966.0, "ward_lgd_name": "Navi Mumbai (M Corp.) - Ward No.103", "sourcewardcode": "103", "state": "Maharashtra" }, "geometry": { "type": "MultiPolygon", "coordinates": [ [ [ [ 73.040606997560005, 19.032779612725999 ], [ 73.040614299066704, 19.032804264334601 ], [ 73.040630715778505, 19.0329215889235 ], [ 73.040635292694901, 19.032972069093599 ], [ 73.040652180123899, 19.033083817685601 ], [ 73.040681732900097, 19.033211530391299 ], [ 73.040732394288895, 19.033347224662101 ], [ 73.040973038580503, 19.0337104073398 ], [ 73.041082806419993, 19.033901975214299 ], [ 73.041120803359902, 19.034049642639001 ], [ 73.0411529477757, 19.034305268576102 ], [ 73.041179908912298, 19.0346642558256 ], [ 73.041217904953797, 19.034811921723399 ], [ 73.041302342099002, 19.0349476155357 ], [ 73.041441661816407, 19.035087299602299 ], [ 73.041680259745803, 19.035336844567901 ], [ 73.041725861822897, 19.035388945113201 ], [ 73.042323501998197, 19.035462178650899 ], [ 73.042356052452504, 19.035906143597099 ], [ 73.0435525446306, 19.0359536320125 ], [ 73.0438242975805, 19.0363037917833 ], [ 73.043948143817104, 19.036544071988398 ], [ 73.044051589313696, 19.036692603233799 ], [ 73.044082371883505, 19.036736802526601 ], [ 73.044242379801901, 19.0369228667379 ], [ 73.044291823973396, 19.037009515019601 ], [ 73.044350377062003, 19.0371453734762 ], [ 73.044463031188499, 19.037621572254402 ], [ 73.044485129744501, 19.0376706447516 ], [ 73.044504250385302, 19.037702001617902 ], [ 73.044526056988801, 19.0377247885435 ], [ 73.044560296275904, 19.037740221559002 ], [ 73.044602058055105, 19.0377444071719 ], [ 73.044871576894906, 19.037760410835102 ], [ 73.044977823338499, 19.037802258462499 ], [ 73.045128337861001, 19.037873400254099 ], [ 73.049038976482294, 19.0406395182853 ], [ 73.049052678485296, 19.039898050237799 ], [ 73.049087138757898, 19.039405748339 ], [ 73.049098637193495, 19.039047431148401 ], [ 73.049116582837996, 19.038488222622 ], [ 73.049147243236902, 19.0376639447108 ], [ 73.049150876023901, 19.037566269295599 ], [ 73.049180120678002, 19.0369983796603 ], [ 73.049200201617893, 19.0366084225235 ], [ 73.049200671436793, 19.036595790021 ], [ 73.049222903841795, 19.035998305349899 ], [ 73.049210522362202, 19.035937716490899 ], [ 73.049141253270605, 19.035598740655299 ], [ 73.049020660731998, 19.035090461153501 ], [ 73.048936421216197, 19.034735403207598 ], [ 73.048652611976905, 19.033789135100101 ], [ 73.048535460883997, 19.033139542493299 ], [ 73.048470075209494, 19.032776978487899 ], [ 73.048476427196803, 19.0318273490842 ], [ 73.048477367733, 19.031150759066801 ], [ 73.046815680289995, 19.030497997899701 ], [ 73.046273481439101, 19.030301971096399 ], [ 73.046024641817198, 19.0301977778376 ], [ 73.045990593871295, 19.030179812597598 ], [ 73.045965255990396, 19.030166338878601 ], [ 73.045929624314596, 19.0301371461 ], [ 73.045821839056899, 19.0300519064862 ], [ 73.045745131914799, 19.029991087866801 ], [ 73.045554601937994, 19.029931438602301 ], [ 73.045239114508504, 19.029633192807601 ], [ 73.044833865619196, 19.029244389458199 ], [ 73.044242790332007, 19.029651215004701 ], [ 73.042919676123006, 19.028309410293701 ], [ 73.042830206615704, 19.028378612266799 ], [ 73.042180956430599, 19.028989413032999 ], [ 73.041722899179007, 19.029415018084901 ], [ 73.041697634061705, 19.029433602491601 ], [ 73.041664508685599, 19.029452034035899 ], [ 73.041629017147002, 19.0294641133883 ], [ 73.0415717567342, 19.029473059955301 ], [ 73.041505087367, 19.029477624530099 ], [ 73.041456563968694, 19.0294787166311 ], [ 73.041363182298198, 19.0294674652725 ], [ 73.041303557519598, 19.0294594562477 ], [ 73.040668682175706, 19.029385523699901 ], [ 73.040072538593606, 19.0293290978721 ], [ 73.039892878231697, 19.029314402050701 ], [ 73.039555546469501, 19.029616136174599 ], [ 73.039041792771897, 19.029580248027798 ], [ 73.039039720358602, 19.029605664411601 ], [ 73.039042207793599, 19.0300514997097 ], [ 73.039042462915106, 19.030097285414499 ], [ 73.039045160555901, 19.030580810220801 ], [ 73.039089863419406, 19.030584732756701 ], [ 73.039151055758296, 19.030609591050901 ], [ 73.039208534461693, 19.030660788662999 ], [ 73.039283430600193, 19.030741840476601 ], [ 73.039328119988994, 19.030785579379302 ], [ 73.039390632851294, 19.030835057274199 ], [ 73.039441807178093, 19.030865042248699 ], [ 73.039509142196806, 19.0308885527953 ], [ 73.039601126986994, 19.030909256680001 ], [ 73.039615950087494, 19.0309116081587 ], [ 73.039736042264593, 19.0309206684427 ], [ 73.039968243290801, 19.0309166771282 ], [ 73.040040014190396, 19.030936632001101 ], [ 73.0400829895936, 19.0309610087374 ], [ 73.040118040059298, 19.031005899118501 ], [ 73.040134231294005, 19.031042635323299 ], [ 73.040145943528699, 19.031123592687699 ], [ 73.040153858584603, 19.032264688028299 ], [ 73.040179769590694, 19.032337804054499 ], [ 73.040200561996301, 19.032379923096599 ], [ 73.040234898301406, 19.0324276553938 ], [ 73.040275889326097, 19.032469635143102 ], [ 73.040363787680107, 19.032542957436501 ], [ 73.040498399327006, 19.032635278158999 ], [ 73.040567000970398, 19.032701385519101 ], [ 73.0405820657177, 19.0327194243674 ], [ 73.040606997560005, 19.032779612725999 ] ] ] ] } },
{ "type": "Feature", "id": 102, "properties": { "tessellate": -1, "extrude": 0, "visibility": -1, "objectid": 103.0, "townname": "Navi Mumbai", "towncensuscode2011": "400708", "town_lgd_code": 251472.0, "ward_lgd_code": 2517965.0, "ward_lgd_name": "Navi Mumbai (M Corp.) - Ward No.102", "sourcewardcode": "102", "state": "Maharashtra" }, "geometry": { "type": "MultiPolygon", "coordinates": [ [ [ [ 73.036395109806506, 19.0327939558202 ], [ 73.036657231019902, 19.0323927682219 ], [ 73.036776892904001, 19.032272598409602 ], [ 73.036895225281398, 19.0322012376703 ], [ 73.037018932279196, 19.032142988696901 ], [ 73.037135395262496, 19.032102022821601 ], [ 73.037236450342107, 19.032060380965 ], [ 73.037346688000497, 19.031996123779201 ], [ 73.037500131929093, 19.031870944184401 ], [ 73.038912785714004, 19.030593399870799 ], [ 73.039022553553494, 19.0305774354301 ], [ 73.039045160555901, 19.030580810220801 ], [ 73.039042462915106, 19.030097285414499 ], [ 73.039042207793599, 19.0300514997097 ], [ 73.039039720358602, 19.029605664411601 ], [ 73.039041792771897, 19.029580248027798 ], [ 73.039555546469501, 19.029616136174599 ], [ 73.039892878231697, 19.029314402050701 ], [ 73.040072538593606, 19.0293290978721 ], [ 73.040668682175706, 19.029385523699901 ], [ 73.041303557519598, 19.0294594562477 ], [ 73.041363182298198, 19.0294674652725 ], [ 73.041456563968694, 19.0294787166311 ], [ 73.041505087367, 19.029477624530099 ], [ 73.0415717567342, 19.029473059955301 ], [ 73.041629017147002, 19.0294641133883 ], [ 73.041664508685599, 19.029452034035899 ], [ 73.041697634061705, 19.029433602491601 ], [ 73.041722899179007, 19.029415018084901 ], [ 73.042180956430599, 19.028989413032999 ], [ 73.042830206615704, 19.028378612266799 ], [ 73.042919676123006, 19.028309410293701 ], [ 73.042955865652601, 19.028277573537899 ], [ 73.043000323276004, 19.028238217697801 ], [ 73.043542370311698, 19.027762052311399 ], [ 73.043807123588806, 19.027561108617601 ], [ 73.0435888886703, 19.0272848894083 ], [ 73.042144748934803, 19.025777408253401 ], [ 73.041356112556898, 19.026399465054499 ], [ 73.039464691759903, 19.024478847431201 ], [ 73.038882116331905, 19.024945178612501 ], [ 73.038858499623103, 19.024965519760499 ], [ 73.038120188664095, 19.025557435714699 ], [ 73.037333231237497, 19.026230904626601 ], [ 73.0364145861802, 19.0270393645167 ], [ 73.035546145269194, 19.0278282507802 ], [ 73.035040914787103, 19.028268389971601 ], [ 73.034542391126905, 19.028710269761699 ], [ 73.033812416533806, 19.029471939829801 ], [ 73.033628918568994, 19.029645207605899 ], [ 73.033504218932805, 19.029737549471101 ], [ 73.033467843452001, 19.029757014484701 ], [ 73.033359978244306, 19.029814733531399 ], [ 73.033210118593601, 19.029872517098902 ], [ 73.032991174006099, 19.0299266727746 ], [ 73.032917769969302, 19.029939348245399 ], [ 73.032675006551898, 19.0299606042419 ], [ 73.033044441407498, 19.033658523663501 ], [ 73.033834752244999, 19.0339589531672 ], [ 73.034053458778999, 19.034077579612799 ], [ 73.034188557312902, 19.034257174210602 ], [ 73.034741617693996, 19.0353187762821 ], [ 73.034952709209406, 19.035135191619201 ], [ 73.0352060188481, 19.0349755523584 ], [ 73.035434791004903, 19.034870799863899 ], [ 73.035504758087399, 19.034819454940301 ], [ 73.035546307864195, 19.034772321164599 ], [ 73.035600993705501, 19.0346463955199 ], [ 73.035611314449795, 19.034600399618999 ], [ 73.035705718402994, 19.0339757044914 ], [ 73.035759454724996, 19.0338443493015 ], [ 73.035830147646294, 19.0337559372757 ], [ 73.035907198843105, 19.033673121442401 ], [ 73.036189764814097, 19.033438579393799 ], [ 73.036256236551793, 19.0333515522026 ], [ 73.036273528222694, 19.0333178982684 ], [ 73.036302760300401, 19.033229075796701 ], [ 73.036312138711907, 19.033119736495902 ], [ 73.036333739601304, 19.0329849651255 ], [ 73.036375575042399, 19.032837993952299 ], [ 73.036395109806506, 19.0327939558202 ] ] ] ] } },
{ "type": "Feature", "id": 103, "properties": { "tessellate": -1, "extrude": 0, "visibility": -1, "objectid": 104.0, "townname": "Navi Mumbai", "towncensuscode2011": "400708", "town_lgd_code": 251472.0, "ward_lgd_code": 2517964.0, "ward_lgd_name": "Navi Mumbai (M Corp.) - Ward No.101", "sourcewardcode": "101", "state": "Maharashtra" }, "geometry": { "type": "MultiPolygon", "coordinates": [ [ [ [ 73.035409889705207, 19.017045495547901 ], [ 73.034470856484205, 19.016890718062701 ], [ 73.030385228740499, 19.016314417720899 ], [ 73.028603599139203, 19.016241658989799 ], [ 73.028540824867093, 19.0178754937658 ], [ 73.028513906849597, 19.0181789174977 ], [ 73.028392134822994, 19.018870749663598 ], [ 73.028209609733693, 19.019898503798998 ], [ 73.028080393368299, 19.020731067846899 ], [ 73.028015193644904, 19.021160128482599 ], [ 73.027982428493303, 19.021563713500001 ], [ 73.027957444548605, 19.0217830832534 ], [ 73.027733568210095, 19.023460324986001 ], [ 73.027676142507204, 19.023916772038401 ], [ 73.027660676213003, 19.024039707111399 ], [ 73.027650278213599, 19.024150909699099 ], [ 73.027640530594397, 19.024244295798599 ], [ 73.027643779800798, 19.024320478597801 ], [ 73.027651578075805, 19.0243757723788 ], [ 73.027667175524101, 19.024438439321099 ], [ 73.027697069660107, 19.024541654460599 ], [ 73.027832730539401, 19.025072767640602 ], [ 73.028100470714904, 19.026162564586901 ], [ 73.028355815037798, 19.027175013724602 ], [ 73.028678379395004, 19.028488981405399 ], [ 73.028955631830996, 19.0296283904548 ], [ 73.029078118018305, 19.0300991774767 ], [ 73.029100330660398, 19.0302626658398 ], [ 73.029113022957006, 19.030426154042001 ], [ 73.029109850107503, 19.030543145718902 ], [ 73.029100330660398, 19.030639138719302 ], [ 73.029074944270405, 19.0307636296785 ], [ 73.029035279159103, 19.030919617962699 ], [ 73.0288893119086, 19.031416079838799 ], [ 73.028875032288795, 19.031479074469399 ], [ 73.028857579819501, 19.031567567533301 ], [ 73.028857579819501, 19.031662060233099 ], [ 73.028867099266506, 19.0318420455325 ], [ 73.028870352066207, 19.0318624605666 ], [ 73.028903318440499, 19.0319894286047 ], [ 73.028959072378598, 19.032117283970098 ], [ 73.029045734650694, 19.032264453646601 ], [ 73.029188750037207, 19.032449500422299 ], [ 73.029278485445801, 19.0325656083476 ], [ 73.029522722998493, 19.0328465845203 ], [ 73.029731472606002, 19.033133270268898 ], [ 73.029857986839005, 19.032258617033399 ], [ 73.029995441653895, 19.031201665231499 ], [ 73.030010663606404, 19.0311005959495 ], [ 73.030058056025794, 19.030785912272201 ], [ 73.030083103750897, 19.030619593133402 ], [ 73.030092033004806, 19.0305701559368 ], [ 73.030130197929594, 19.030446329770601 ], [ 73.030186736995304, 19.030328373312901 ], [ 73.030247175647602, 19.0302331478272 ], [ 73.030317361919103, 19.030143452406399 ], [ 73.030427189945698, 19.030026109720001 ], [ 73.030525321009094, 19.0299413286284 ], [ 73.030589008867693, 19.0298964804207 ], [ 73.030700787136894, 19.029833816386301 ], [ 73.030811915924005, 19.029783438867501 ], [ 73.030958137397803, 19.0297355189816 ], [ 73.031088111941301, 19.029711559033501 ], [ 73.0312031403151, 19.0296998864765 ], [ 73.031325966065594, 19.029698657652101 ], [ 73.031444893127698, 19.029710330209198 ], [ 73.031565769534097, 19.029736132968999 ], [ 73.032083069780299, 19.0298633055964 ], [ 73.032309017633807, 19.029918302853101 ], [ 73.032362671310807, 19.0299293121532 ], [ 73.032488695063705, 19.029945826101901 ], [ 73.032675006551898, 19.0299606042419 ], [ 73.032917769969302, 19.029939348245399 ], [ 73.032991174006099, 19.0299266727746 ], [ 73.033210118593601, 19.029872517098902 ], [ 73.033359978244306, 19.029814733531399 ], [ 73.033467843452001, 19.029757014484701 ], [ 73.033504218932805, 19.029737549471101 ], [ 73.033628918568994, 19.029645207605899 ], [ 73.033812416533806, 19.029471939829801 ], [ 73.034542391126905, 19.028710269761699 ], [ 73.035040914787103, 19.028268389971601 ], [ 73.035546145269194, 19.0278282507802 ], [ 73.0364145861802, 19.0270393645167 ], [ 73.037333231237497, 19.026230904626601 ], [ 73.038120188664095, 19.025557435714699 ], [ 73.038858499623103, 19.024965519760499 ], [ 73.038882116331905, 19.024945178612501 ], [ 73.039464690861607, 19.024478847431201 ], [ 73.040249848064306, 19.0238636674761 ], [ 73.040343631281701, 19.0238059845782 ], [ 73.040579474976397, 19.023676302018501 ], [ 73.040740491702806, 19.023603117636998 ], [ 73.040957246197806, 19.0235240793182 ], [ 73.041019757263498, 19.023506453907199 ], [ 73.041298774889, 19.023444086400101 ], [ 73.041523801969404, 19.023412248712098 ], [ 73.041972871576505, 19.023346823004101 ], [ 73.043686639746298, 19.023097142829599 ], [ 73.043768856256094, 19.023084972143899 ], [ 73.045546240419398, 19.022792234232501 ], [ 73.046909306302197, 19.022593242918301 ], [ 73.046971170580903, 19.022584211904299 ], [ 73.046833852309902, 19.021865093968501 ], [ 73.045689051888203, 19.022012795871699 ], [ 73.045262639589197, 19.022040379878501 ], [ 73.044703704226194, 19.022029713157199 ], [ 73.044443856648797, 19.021998291336299 ], [ 73.043997666142104, 19.021883202783599 ], [ 73.043572250074604, 19.021740491033199 ], [ 73.043276973840804, 19.021606704069999 ], [ 73.042692332287601, 19.0212922758746 ], [ 73.042045858795007, 19.020871595299599 ], [ 73.040542644948005, 19.019812652552101 ], [ 73.038484154576196, 19.018541442018801 ], [ 73.038301493841203, 19.018428640730502 ], [ 73.037800716307999, 19.018155201325399 ], [ 73.037694981904096, 19.0180848901798 ], [ 73.037047584045197, 19.017676603574799 ], [ 73.036829804572506, 19.017553358052801 ], [ 73.036608993285796, 19.017431463651501 ], [ 73.0365374828976, 19.017391987191999 ], [ 73.036462934407098, 19.017349195963199 ], [ 73.035849159590896, 19.017153164689098 ], [ 73.035502999186093, 19.0170683175797 ], [ 73.035409889705207, 19.017045495547901 ] ] ] ] } },
{ "type": "Feature", "id": 104, "properties": { "tessellate": -1, "extrude": 0, "visibility": -1, "objectid": 105.0, "townname": "Navi Mumbai", "towncensuscode2011": "400708", "town_lgd_code": 251472.0, "ward_lgd_code": 2517969.0, "ward_lgd_name": "Navi Mumbai (M Corp.) - Ward No.106", "sourcewardcode": "106", "state": "Maharashtra" }, "geometry": { "type": "MultiPolygon", "coordinates": [ [ [ [ 73.035849159590896, 19.017153164689098 ], [ 73.036293219293796, 19.017294991176399 ], [ 73.036502242887295, 19.016737903988101 ], [ 73.036967578289307, 19.0154639819233 ], [ 73.036138418909005, 19.015196864049098 ], [ 73.036123629944498, 19.015189290874901 ], [ 73.036064176744105, 19.015144324030899 ], [ 73.036020578808404, 19.015089989431999 ], [ 73.035986889290299, 19.015003802777201 ], [ 73.035876489935106, 19.0144378947248 ], [ 73.035856079313604, 19.014267159845399 ], [ 73.035851769196796, 19.014173453049501 ], [ 73.035847613590306, 19.014061680699299 ], [ 73.035790416957894, 19.0140651254681 ], [ 73.035776347543901, 19.0135917663426 ], [ 73.033888213682502, 19.013564861226801 ], [ 73.033711466557094, 19.013556078568499 ], [ 73.034393854694699, 19.0119177416023 ], [ 73.034610358559604, 19.011345120245899 ], [ 73.032687800358204, 19.010673354207601 ], [ 73.029175238476995, 19.009481744780501 ], [ 73.028856534180505, 19.009373627323399 ], [ 73.028782491441504, 19.010164241718702 ], [ 73.028756008208603, 19.0115092207289 ], [ 73.028691767886002, 19.012931016409301 ], [ 73.028679397186195, 19.014145399772101 ], [ 73.028603599139203, 19.016241658989799 ], [ 73.030385228740499, 19.016314417720899 ], [ 73.034470856484205, 19.016890718062701 ], [ 73.034788448666404, 19.016943065590201 ], [ 73.035409889705207, 19.017045495547901 ], [ 73.035849159590896, 19.017153164689098 ] ] ] ] } },
{ "type": "Feature", "id": 105, "properties": { "tessellate": -1, "extrude": 0, "visibility": -1, "objectid": 106.0, "townname": "Navi Mumbai", "towncensuscode2011": "400708", "town_lgd_code": 251472.0, "ward_lgd_code": 2517974.0, "ward_lgd_name": "Navi Mumbai (M Corp.) - Ward No.111", "sourcewardcode": "111", "state": "Maharashtra" }, "geometry": { "type": "MultiPolygon", "coordinates": [ [ [ [ 73.008635411320896, 19.013382651334599 ], [ 73.009562721527402, 19.013744229149498 ], [ 73.010042962674902, 19.012779110003201 ], [ 73.010827679703198, 19.013540983028399 ], [ 73.010981568297893, 19.013694815809 ], [ 73.011450608352106, 19.014188573161899 ], [ 73.0115743162482, 19.014326604105801 ], [ 73.011677219162294, 19.014456621790099 ], [ 73.011809077473004, 19.0146555438603 ], [ 73.011821615259393, 19.014674587689601 ], [ 73.011841830946494, 19.014707172735601 ], [ 73.011856633385804, 19.0147269936672 ], [ 73.012156580859198, 19.014457877055499 ], [ 73.012581923264705, 19.014087984429 ], [ 73.013428147042106, 19.0149604673834 ], [ 73.014225617452496, 19.014275650306601 ], [ 73.013481619259395, 19.0135011387455 ], [ 73.013827235285206, 19.0132169891275 ], [ 73.0134622839212, 19.012839941715999 ], [ 73.014082777237505, 19.012284598523198 ], [ 73.015054279166094, 19.0114352368808 ], [ 73.016106171329497, 19.010500267941801 ], [ 73.016569034567894, 19.010956826170101 ], [ 73.016593506472802, 19.0109809646308 ], [ 73.016893613846307, 19.0106931093732 ], [ 73.0168972951424, 19.0106407182613 ], [ 73.016972290993806, 19.009573327510701 ], [ 73.0170561056065, 19.008633650461299 ], [ 73.017051870049897, 19.0085517266454 ], [ 73.017033559689494, 19.008507451060002 ], [ 73.017004166813393, 19.008482645515901 ], [ 73.016839562215694, 19.008457800049499 ], [ 73.016866400283106, 19.008236103380298 ], [ 73.016902332894404, 19.007880496294501 ], [ 73.016948236805504, 19.0074262143346 ], [ 73.016736699725797, 19.007426650893301 ], [ 73.016233861457195, 19.007468495118399 ], [ 73.015631106274597, 19.0075927257001 ], [ 73.015097414469395, 19.007772356563301 ], [ 73.014601547127498, 19.007977413718201 ], [ 73.014330970970704, 19.008139497812301 ], [ 73.013987419273406, 19.008369177473099 ], [ 73.013089281855699, 19.009075510257698 ], [ 73.012489740845197, 19.008421235513602 ], [ 73.012330660886505, 19.008312383544901 ], [ 73.011759289246697, 19.007971325698701 ], [ 73.011469964351505, 19.007715424838999 ], [ 73.008791374125593, 19.004582812270201 ], [ 73.004204593352796, 18.9995317422398 ], [ 73.003830873533403, 18.9989504273188 ], [ 73.003700752564498, 18.998637373901001 ], [ 73.003676491763599, 18.998260446329901 ], [ 73.003764488932205, 18.997257065012501 ], [ 73.004030805278006, 18.9957708964556 ], [ 73.004076718172101, 18.9948092889293 ], [ 73.004025677694301, 18.994388728234899 ], [ 73.003890998673697, 18.993688325659399 ], [ 73.003809504409404, 18.993664423372799 ], [ 73.0036658287612, 18.993569642363699 ], [ 73.0035923205198, 18.993481180039801 ], [ 73.003550345839798, 18.993390149909999 ], [ 73.002859695896603, 18.991624735353 ], [ 73.002706744244705, 18.991239064975701 ], [ 73.0024645701222, 18.990853393704899 ], [ 73.002206829094106, 18.990509982000201 ], [ 73.001963910268302, 18.9900889891296 ], [ 73.001921142375906, 18.990022261735799 ], [ 73.0018676818367, 18.989961600059399 ], [ 73.001743653242102, 18.989860498065699 ], [ 73.001715853079006, 18.9898463440875 ], [ 73.001641008144404, 18.989820056911299 ], [ 73.001558131373002, 18.9898187725795 ], [ 73.001380120318004, 18.989816012795298 ], [ 72.999448916730302, 18.990100184542399 ], [ 72.998301058443403, 18.9903307657077 ], [ 72.996588385319896, 18.9907968231417 ], [ 72.994566341395696, 18.9913470651049 ], [ 72.993680121028603, 18.991588224878299 ], [ 72.992819586190393, 18.992055103573399 ], [ 72.992384770151901, 18.992375219497401 ], [ 72.992100499178505, 18.9926380675019 ], [ 72.991429268116704, 18.993258714237001 ], [ 72.990815321722295, 18.993966170377199 ], [ 72.990584659510205, 18.994306208768801 ], [ 72.990442616100907, 18.994680224205499 ], [ 72.990247800261798, 18.9951931970276 ], [ 72.989890732512805, 18.9964136811085 ], [ 72.989841233543999, 18.996761364958701 ], [ 72.9897954446173, 18.997806584028599 ], [ 72.990017172185603, 18.999634728220201 ], [ 72.990141340019207, 19.0003894613283 ], [ 72.990212292553494, 19.001043560416299 ], [ 72.990318722253505, 19.001848601787199 ], [ 72.990442890086996, 19.002469152170601 ], [ 72.991477384578303, 19.005713417805701 ], [ 72.991768767513705, 19.006593233734399 ], [ 72.992012520874496, 19.007049547037401 ], [ 72.992476402802396, 19.007742057415602 ], [ 72.992872961389594, 19.0083575756105 ], [ 72.9931575512649, 19.0087993019464 ], [ 72.993327838605097, 19.0089978698199 ], [ 72.9935158173665, 19.009181807800999 ], [ 72.993601623544095, 19.009242310441699 ], [ 72.993993772301593, 19.009471803426599 ], [ 72.994304104299701, 19.0096534154331 ], [ 72.994382844329294, 19.009601119117999 ], [ 72.9961420834221, 19.008495229195798 ], [ 72.997546468214793, 19.007611669267401 ], [ 72.998653269900004, 19.0071229943565 ], [ 73.000104641971902, 19.006624445282501 ], [ 73.001372051650094, 19.0063466395363 ], [ 73.001782149645294, 19.006318657982 ], [ 73.002271839272893, 19.0062809726941 ], [ 73.002780437539002, 19.006288417174101 ], [ 73.003669170494007, 19.006301424841499 ], [ 73.003933132355399, 19.006310902644302 ], [ 73.0041436336776, 19.006326697848699 ], [ 73.004360816668907, 19.006355130402 ], [ 73.004621437695803, 19.006411994644498 ], [ 73.005044391480993, 19.0065408082068 ], [ 73.006001389211093, 19.006762657468698 ], [ 73.0062887405075, 19.006813203339199 ], [ 73.006804533380702, 19.006852881904699 ], [ 73.006923601478405, 19.0068671151238 ], [ 73.006963289946, 19.006885231517899 ], [ 73.006994767811804, 19.006909816472199 ], [ 73.0070276138119, 19.006946048399801 ], [ 73.007457089366, 19.007789488480601 ], [ 73.007624058329597, 19.008143879517199 ], [ 73.008342282958793, 19.008585124850601 ], [ 73.008440529904803, 19.0086454833224 ], [ 73.008467260174399, 19.008673914629899 ], [ 73.008537427581302, 19.008765528380799 ], [ 73.008607594089796, 19.0088918915066 ], [ 73.008664396361795, 19.009024572685298 ], [ 73.008827646300105, 19.009492490444799 ], [ 73.008981818762393, 19.0099343853297 ], [ 73.0090352793016, 19.010048111347899 ], [ 73.009108787542999, 19.0101555191826 ], [ 73.009337674684105, 19.010415203408499 ], [ 73.009724559313995, 19.010854143610999 ], [ 73.0100514319914, 19.011219992191599 ], [ 73.010188046881495, 19.011353152225801 ], [ 73.009756931901904, 19.011713173414801 ], [ 73.009575059887794, 19.011899718331499 ], [ 73.009356031756894, 19.012147297990801 ], [ 73.009094858266195, 19.0124966739081 ], [ 73.008943121136596, 19.0127525198494 ], [ 73.008722697922096, 19.01316625326 ], [ 73.008635411320896, 19.013382651334599 ] ] ] ] } },
{ "type": "Feature", "id": 106, "properties": { "tessellate": -1, "extrude": 0, "visibility": -1, "objectid": 107.0, "townname": "Navi Mumbai", "towncensuscode2011": "400708", "town_lgd_code": 251472.0, "ward_lgd_code": 2517971.0, "ward_lgd_name": "Navi Mumbai (M Corp.) - Ward No.108", "sourcewardcode": "108", "state": "Maharashtra" }, "geometry": { "type": "MultiPolygon", "coordinates": [ [ [ [ 73.016866400283106, 19.008236103380298 ], [ 73.016839562215694, 19.008457800049499 ], [ 73.017004166813393, 19.008482645515901 ], [ 73.017033559689494, 19.008507451060002 ], [ 73.017051870049897, 19.0085517266454 ], [ 73.0170561056065, 19.008633650461299 ], [ 73.016972290993806, 19.009573327510701 ], [ 73.0168972951424, 19.0106407182613 ], [ 73.016893613846307, 19.0106931093732 ], [ 73.016593506472802, 19.0109809646308 ], [ 73.016569034567894, 19.010956826170101 ], [ 73.016106171329497, 19.010500267941801 ], [ 73.015054279166094, 19.0114352368808 ], [ 73.014082777237505, 19.012284598523198 ], [ 73.0134622839212, 19.012839941715999 ], [ 73.013975020725894, 19.013369673946698 ], [ 73.014914708818694, 19.0143681017788 ], [ 73.015593115622906, 19.015091629423999 ], [ 73.015713220376398, 19.014984217134 ], [ 73.016315903693794, 19.0144452267321 ], [ 73.0171881579532, 19.013692356225 ], [ 73.017866926778495, 19.013696056641901 ], [ 73.017867684956698, 19.013748670158002 ], [ 73.017893023735894, 19.015507047110201 ], [ 73.017888451311094, 19.0164477970383 ], [ 73.017893365993999, 19.016704682373799 ], [ 73.017623615388899, 19.016976355949101 ], [ 73.017583593646293, 19.0170106178856 ], [ 73.017500336887494, 19.0170907489365 ], [ 73.018070366444306, 19.0176494961412 ], [ 73.019448172782702, 19.019040779161902 ], [ 73.021017562821697, 19.020629406200499 ], [ 73.021094990412706, 19.020564509340598 ], [ 73.0213683208042, 19.020313447469999 ], [ 73.023628305090895, 19.018439415541401 ], [ 73.024075445116793, 19.018038932157999 ], [ 73.022346082193707, 19.016660014889201 ], [ 73.022479769474302, 19.015892254422202 ], [ 73.022024750325002, 19.015822599672202 ], [ 73.022296606581094, 19.014515817138101 ], [ 73.022332596684706, 19.014349592973701 ], [ 73.022203215927505, 19.014325680915999 ], [ 73.022361400266007, 19.013490009454401 ], [ 73.022369423119798, 19.0134476223398 ], [ 73.0223722635927, 19.0134326168162 ], [ 73.022246866863796, 19.013417656304501 ], [ 73.022306571592594, 19.013122074874801 ], [ 73.022359524583607, 19.013132088201498 ], [ 73.022381844125206, 19.013136308406601 ], [ 73.022435031576507, 19.012805735823701 ], [ 73.022514654649996, 19.012391150507 ], [ 73.022518596457502, 19.012370626917001 ], [ 73.022441438361099, 19.012356538551799 ], [ 73.022664314874703, 19.011268606211701 ], [ 73.023266545441203, 19.0086006760814 ], [ 73.023311059658397, 19.008425463482201 ], [ 73.020221749803099, 19.007891005098301 ], [ 73.018131862413696, 19.0075359909601 ], [ 73.017113749599901, 19.007425872901599 ], [ 73.016948236805504, 19.0074262143346 ], [ 73.016902332894404, 19.007880496294501 ], [ 73.016866400283106, 19.008236103380298 ] ] ] ] } },
{ "type": "Feature", "id": 107, "properties": { "tessellate": -1, "extrude": 0, "visibility": -1, "objectid": 108.0, "townname": "Navi Mumbai", "towncensuscode2011": "400708", "town_lgd_code": 251472.0, "ward_lgd_code": 2517972.0, "ward_lgd_name": "Navi Mumbai (M Corp.) - Ward No.109", "sourcewardcode": "109", "state": "Maharashtra" }, "geometry": { "type": "MultiPolygon", "coordinates": [ [ [ [ 73.011060479905694, 19.0196305403799 ], [ 73.011294922228501, 19.020326637482601 ], [ 73.011102025190993, 19.0209190013876 ], [ 73.011063900690303, 19.021036077042002 ], [ 73.012381138120602, 19.021260329068301 ], [ 73.012747201598899, 19.021353293858201 ], [ 73.013252292842097, 19.0208758722091 ], [ 73.014854192013004, 19.019443368880101 ], [ 73.0160301936194, 19.018399402576499 ], [ 73.017500336887494, 19.0170907489365 ], [ 73.017583593646293, 19.0170106178856 ], [ 73.017623615388899, 19.016976355949101 ], [ 73.017893365993999, 19.016704682373799 ], [ 73.017888451311094, 19.0164477970383 ], [ 73.017893023735894, 19.015507047110201 ], [ 73.017867684956698, 19.013748670158002 ], [ 73.017866926778495, 19.013696056641901 ], [ 73.0171881579532, 19.013692356225 ], [ 73.016315903693794, 19.0144452267321 ], [ 73.015713220376398, 19.014984217134 ], [ 73.015593115622906, 19.015091629423999 ], [ 73.014914708818694, 19.0143681017788 ], [ 73.013975020725894, 19.013369673946698 ], [ 73.013827235285206, 19.013216989976701 ], [ 73.013481617462801, 19.013501139594801 ], [ 73.014225617452496, 19.014275650306601 ], [ 73.013428147042106, 19.0149604673834 ], [ 73.012581923264705, 19.014087984429 ], [ 73.012156580859198, 19.014457877055499 ], [ 73.011856632487493, 19.014726992817899 ], [ 73.012263845992294, 19.015354083986299 ], [ 73.012330907024904, 19.0154511269963 ], [ 73.012415759191697, 19.0155494642744 ], [ 73.012592307789404, 19.0157331988216 ], [ 73.012872868720606, 19.0160398546222 ], [ 73.013361456115504, 19.016539300345102 ], [ 73.013627927869805, 19.0168151204143 ], [ 73.013676636321094, 19.016863793097901 ], [ 73.013176829866694, 19.017284765778999 ], [ 73.0124765472886, 19.017894132118599 ], [ 73.012248453359902, 19.018119344674702 ], [ 73.012038588943199, 19.018353445491002 ], [ 73.0119388211494, 19.018516868126301 ], [ 73.011893588280003, 19.018787607082199 ], [ 73.011598382114599, 19.019591862760102 ], [ 73.011544739217499, 19.0195641976659 ], [ 73.011451848925503, 19.0195162901198 ], [ 73.011060479905694, 19.0196305403799 ] ] ] ] } },
{ "type": "Feature", "id": 108, "properties": { "tessellate": -1, "extrude": 0, "visibility": -1, "objectid": 109.0, "townname": "Navi Mumbai", "towncensuscode2011": "400708", "town_lgd_code": 251472.0, "ward_lgd_code": 2517973.0, "ward_lgd_name": "Navi Mumbai (M Corp.) - Ward No.110", "sourcewardcode": "110", "state": "Maharashtra" }, "geometry": { "type": "MultiPolygon", "coordinates": [ [ [ [ 73.009724559313995, 19.010854143610999 ], [ 73.009337674684105, 19.010415203408499 ], [ 73.009108787542999, 19.0101555191826 ], [ 73.0090352793016, 19.010048111347899 ], [ 73.008981818762393, 19.0099343853297 ], [ 73.008827646300105, 19.009492490444799 ], [ 73.008664396361795, 19.009024572685298 ], [ 73.008607594089796, 19.0088918915066 ], [ 73.008537427581302, 19.008765528380799 ], [ 73.008467260174399, 19.008673914629899 ], [ 73.008440529904803, 19.0086454833224 ], [ 73.008342282958793, 19.008585124850601 ], [ 73.007624058329597, 19.008143879517199 ], [ 73.007457089366, 19.007789488480601 ], [ 73.0070276138119, 19.006946048399801 ], [ 73.006994767811804, 19.006909816472199 ], [ 73.006963289946, 19.006885231517899 ], [ 73.006923601478405, 19.0068671151238 ], [ 73.006804533380702, 19.006852881904699 ], [ 73.0062887405075, 19.006813203339199 ], [ 73.006001389211093, 19.006762657468698 ], [ 73.005044391480993, 19.0065408082068 ], [ 73.004621437695803, 19.006411994644498 ], [ 73.004360816668907, 19.006355130402 ], [ 73.0041436336776, 19.006326697848699 ], [ 73.003933132355399, 19.006310902644302 ], [ 73.003669170494007, 19.006301424841499 ], [ 73.002780437539002, 19.006288417174101 ], [ 73.002271839272893, 19.0062809726941 ], [ 73.001782149645294, 19.006318657982 ], [ 73.001372051650094, 19.0063466395363 ], [ 73.000104641971902, 19.006624445282501 ], [ 72.998653269900004, 19.0071229943565 ], [ 72.997546468214793, 19.007611669267401 ], [ 72.9961420834221, 19.008495229195798 ], [ 72.994382844329294, 19.009601119117999 ], [ 72.994304104299701, 19.0096534154331 ], [ 72.995120303685397, 19.0119020471478 ], [ 72.995461928496297, 19.013026368164301 ], [ 72.995497848531301, 19.013139652976399 ], [ 72.995562619758203, 19.013484799817999 ], [ 72.995591470950203, 19.0137166616014 ], [ 72.995428047637105, 19.019569931963002 ], [ 72.995757269408898, 19.019548466565201 ], [ 72.995745917398693, 19.0197792200834 ], [ 72.995813345842194, 19.020089458289402 ], [ 72.995927556749095, 19.020331953063302 ], [ 72.995984319495307, 19.020428547300899 ], [ 72.9961602823915, 19.020627102135201 ], [ 72.996279483439807, 19.0207290618761 ], [ 72.996699524886793, 19.020975912454801 ], [ 72.997006041739894, 19.021126168890799 ], [ 72.997789360091204, 19.021340820706701 ], [ 72.998206583523299, 19.021734366150099 ], [ 73.002770080862106, 19.0215286635359 ], [ 73.003913500573205, 19.0213614374576 ], [ 73.0051195858602, 19.021181131671799 ], [ 73.005531938626802, 19.021145163570701 ], [ 73.005670501962697, 19.021133077668701 ], [ 73.005967654777194, 19.021107158922 ], [ 73.007468039829305, 19.021097289601599 ], [ 73.007440474126597, 19.021327583215701 ], [ 73.009251203753195, 19.021193785729 ], [ 73.010404808562996, 19.021084296680002 ], [ 73.010785386121299, 19.021037288944999 ], [ 73.011063900690303, 19.021036077042002 ], [ 73.011102025190993, 19.0209190013876 ], [ 73.011294922228501, 19.020326637482601 ], [ 73.011060479905694, 19.0196305403799 ], [ 73.011451848925503, 19.0195162901198 ], [ 73.011544739217499, 19.0195641976659 ], [ 73.011598382114599, 19.019591862760102 ], [ 73.011893588280003, 19.018787607082199 ], [ 73.0119388211494, 19.018516868126301 ], [ 73.012038588943199, 19.018353445491002 ], [ 73.012248453359902, 19.018119344674702 ], [ 73.0124765472886, 19.017894132118599 ], [ 73.013176829866694, 19.017284765778999 ], [ 73.013676636321094, 19.016863793097901 ], [ 73.013627927869805, 19.0168151204143 ], [ 73.013361456115504, 19.016539300345102 ], [ 73.012872868720606, 19.0160398546222 ], [ 73.012592307789404, 19.0157331988216 ], [ 73.012415759191697, 19.0155494642744 ], [ 73.012330907024904, 19.0154511269963 ], [ 73.012263845992294, 19.015354083986299 ], [ 73.011856632487493, 19.014726992817899 ], [ 73.011841830946494, 19.014707172735601 ], [ 73.011821615259393, 19.014674587689601 ], [ 73.011809077473004, 19.0146555438603 ], [ 73.011677219162294, 19.014456621790099 ], [ 73.0115743162482, 19.014326604105801 ], [ 73.011450608352106, 19.014188573161899 ], [ 73.010981568297893, 19.013694815809 ], [ 73.010827679703198, 19.013540983028399 ], [ 73.010042962674902, 19.012779110003201 ], [ 73.009562721527402, 19.013744229149498 ], [ 73.008635411320896, 19.013382651334599 ], [ 73.008722697922096, 19.01316625326 ], [ 73.008943121136596, 19.0127525198494 ], [ 73.009094858266195, 19.0124966739081 ], [ 73.009356031756894, 19.012147297990801 ], [ 73.009575059887794, 19.011899718331499 ], [ 73.009756931901904, 19.011713173414801 ], [ 73.010188046881495, 19.011353152225801 ], [ 73.0100514319914, 19.011219992191599 ], [ 73.009724559313995, 19.010854143610999 ] ] ] ] } },
{ "type": "Feature", "id": 109, "properties": { "tessellate": -1, "extrude": 0, "visibility": -1, "objectid": 110.0, "townname": "Navi Mumbai", "towncensuscode2011": "400708", "town_lgd_code": 251472.0, "ward_lgd_code": 2517967.0, "ward_lgd_name": "Navi Mumbai (M Corp.) - Ward No.104", "sourcewardcode": "104", "state": "Maharashtra" }, "geometry": { "type": "MultiPolygon", "coordinates": [ [ [ [ 73.046909306302197, 19.022593242918301 ], [ 73.045546240419398, 19.022792234232501 ], [ 73.043768856256094, 19.023084972143899 ], [ 73.043686639746298, 19.023097142829599 ], [ 73.041972871576505, 19.023346823004101 ], [ 73.041523801969404, 19.023412248712098 ], [ 73.041298774889, 19.023444086400101 ], [ 73.041019757263498, 19.023506453907199 ], [ 73.040957246197806, 19.0235240793182 ], [ 73.040740491702806, 19.023603117636998 ], [ 73.040579474976397, 19.023676302018501 ], [ 73.040343631281701, 19.0238059845782 ], [ 73.040249848064306, 19.0238636674761 ], [ 73.039464691759903, 19.024478847431201 ], [ 73.041356112556898, 19.026399465054499 ], [ 73.042144748934803, 19.025777408253401 ], [ 73.0435888886703, 19.0272848894083 ], [ 73.043807123588806, 19.027561108617601 ], [ 73.043542370311698, 19.027762052311399 ], [ 73.043000323276004, 19.028238217697801 ], [ 73.042955865652601, 19.028277573537899 ], [ 73.042919676123006, 19.028309410293701 ], [ 73.044242790332007, 19.029651215004701 ], [ 73.044833865619196, 19.029244389458199 ], [ 73.045239114508504, 19.029633192807601 ], [ 73.045554601937994, 19.029931438602301 ], [ 73.045745131914799, 19.029991087866801 ], [ 73.045821839056899, 19.0300519064862 ], [ 73.045929624314596, 19.0301371461 ], [ 73.045965255990396, 19.030166338878601 ], [ 73.045990593871295, 19.030179812597598 ], [ 73.046024641817198, 19.0301977778376 ], [ 73.046273481439101, 19.030301971096399 ], [ 73.046815680289995, 19.030497997899701 ], [ 73.048477367733, 19.031150759066801 ], [ 73.048477728855701, 19.030891192158599 ], [ 73.0485857449804, 19.029857587789699 ], [ 73.048643608162806, 19.028945138645 ], [ 73.048637165445598, 19.028744484270099 ], [ 73.048615247450996, 19.028062669969 ], [ 73.048769146825407, 19.0271069271454 ], [ 73.048793843309198, 19.0268450915522 ], [ 73.048612583047799, 19.0267767899809 ], [ 73.048553239441802, 19.026754436362701 ], [ 73.048110641297995, 19.026334159416098 ], [ 73.048110603568702, 19.0263341169542 ], [ 73.047891360740493, 19.026023306128099 ], [ 73.047580094494506, 19.025582036591299 ], [ 73.0475963288484, 19.025138482261699 ], [ 73.047615162926604, 19.024623911794802 ], [ 73.047597228960299, 19.0240150796797 ], [ 73.047597171468098, 19.024013112814099 ], [ 73.0475850370252, 19.023601214460498 ], [ 73.047544729618394, 19.023145587771499 ], [ 73.047504872267595, 19.0226950494359 ], [ 73.047468367429403, 19.022511626618702 ], [ 73.046971170580903, 19.022584211904299 ], [ 73.046909306302197, 19.022593242918301 ] ] ] ] } },
{ "type": "Feature", "id": 110, "properties": { "tessellate": -1, "extrude": 0, "visibility": -1, "objectid": 111.0, "townname": "Navi Mumbai", "towncensuscode2011": "400708", "town_lgd_code": 251472.0, "ward_lgd_code": 2517968.0, "ward_lgd_name": "Navi Mumbai (M Corp.) - Ward No.105", "sourcewardcode": "105", "state": "Maharashtra" }, "geometry": { "type": "MultiPolygon", "coordinates": [ [ [ [ 73.034393854694699, 19.0119177416023 ], [ 73.033711466557094, 19.013556078568499 ], [ 73.033888213682502, 19.013564861226801 ], [ 73.035776347543901, 19.0135917663426 ], [ 73.035790416957894, 19.0140651254681 ], [ 73.035847613590306, 19.014061680699299 ], [ 73.035851769196796, 19.014173453049501 ], [ 73.035856079313604, 19.014267159845399 ], [ 73.035876489935106, 19.0144378947248 ], [ 73.035986889290299, 19.015003802777201 ], [ 73.036020578808404, 19.015089989431999 ], [ 73.036064176744105, 19.015144324030899 ], [ 73.036123629944498, 19.015189290874901 ], [ 73.036138418909005, 19.015196864049098 ], [ 73.036967578289307, 19.0154639819233 ], [ 73.036502242887295, 19.016737903988101 ], [ 73.036293219293796, 19.017294991176399 ], [ 73.036462934407098, 19.017349195963199 ], [ 73.0365374828976, 19.017391987191999 ], [ 73.036608993285796, 19.017431463651501 ], [ 73.036829804572506, 19.017553358052801 ], [ 73.037047584045197, 19.017676603574799 ], [ 73.037694981904096, 19.0180848901798 ], [ 73.037800716307999, 19.018155201325399 ], [ 73.038301493841203, 19.018428640730502 ], [ 73.040542644948005, 19.019812652552101 ], [ 73.042045858795007, 19.020871595299599 ], [ 73.042692332287601, 19.0212922758746 ], [ 73.043276973840804, 19.021606704069999 ], [ 73.043572250074604, 19.021740491033199 ], [ 73.043997666142104, 19.021883202783599 ], [ 73.044443856648797, 19.021998291336299 ], [ 73.044703704226194, 19.022029713157199 ], [ 73.045262639589197, 19.022040379878501 ], [ 73.045689051888203, 19.022012795871699 ], [ 73.046833852309902, 19.021865093968501 ], [ 73.046971170580903, 19.022584211904299 ], [ 73.047468367429403, 19.022511626618702 ], [ 73.047349283162106, 19.021913281094001 ], [ 73.047320524496598, 19.021768786767201 ], [ 73.047247379174607, 19.021417031164201 ], [ 73.047105216289296, 19.020733380403399 ], [ 73.046974262582097, 19.020111289653201 ], [ 73.046885351826802, 19.019688932171601 ], [ 73.046847817519307, 19.0193221399979 ], [ 73.046799091101704, 19.0188459651988 ], [ 73.046697479964905, 19.017830933605499 ], [ 73.046574498805995, 19.016807718869899 ], [ 73.046564526607995, 19.016724751908701 ], [ 73.046561220807703, 19.016699875400899 ], [ 73.046433726512703, 19.0157407235614 ], [ 73.046389311110104, 19.015217717666399 ], [ 73.046339088997499, 19.014626326275199 ], [ 73.046296734330198, 19.014322999673901 ], [ 73.046265001342803, 19.014095745349099 ], [ 73.0461566178071, 19.013831251322198 ], [ 73.046069216221596, 19.013675167163001 ], [ 73.045941513517405, 19.013447107660902 ], [ 73.045546350013794, 19.012810749291098 ], [ 73.045176972650395, 19.012084335949901 ], [ 73.044787913199201, 19.011389293157901 ], [ 73.044574360300004, 19.010932815103502 ], [ 73.044537062249404, 19.0108084383861 ], [ 73.044414729674003, 19.010400493174899 ], [ 73.044096749419595, 19.009498779698699 ], [ 73.043826233449906, 19.0088195915624 ], [ 73.043625517476102, 19.008323608307599 ], [ 73.0435734798683, 19.0081950169523 ], [ 73.043321427870893, 19.0077604072813 ], [ 73.043227314971901, 19.007632199389899 ], [ 73.043178244499501, 19.007565359274 ], [ 73.043127606466896, 19.007496364367 ], [ 73.043035048551602, 19.007370271968501 ], [ 73.042982284206801, 19.007319427300899 ], [ 73.042867417529706, 19.0072087425912 ], [ 73.042537732227203, 19.0069861660415 ], [ 73.041918379771403, 19.007278496924499 ], [ 73.040471580124205, 19.007841197626401 ], [ 73.040421657150603, 19.007877292608299 ], [ 73.040074764618794, 19.008350921101002 ], [ 73.039901709569193, 19.008646268952301 ], [ 73.039850064525197, 19.008704297691398 ], [ 73.0397896869584, 19.0087592960042 ], [ 73.039772605493297, 19.0087691499198 ], [ 73.039720739463704, 19.008799069230299 ], [ 73.039695919910699, 19.008810776379001 ], [ 73.039652499841395, 19.0088166044731 ], [ 73.039584982464703, 19.008818536696001 ], [ 73.039556749313604, 19.008830789112402 ], [ 73.039529316561499, 19.008860614136399 ], [ 73.039489275954296, 19.008928750656001 ], [ 73.039450015084796, 19.008995518031099 ], [ 73.0393934939855, 19.009160110044999 ], [ 73.039353991469198, 19.009379023940301 ], [ 73.039325812217001, 19.0097534216643 ], [ 73.039290388052095, 19.0099845922058 ], [ 73.039172706953195, 19.010407665688 ], [ 73.038902591632194, 19.011177376032201 ], [ 73.0385801476491, 19.0120355259772 ], [ 73.038412363913594, 19.012478259168098 ], [ 73.038379265486995, 19.012600803525501 ], [ 73.0383800955303, 19.012631645345898 ], [ 73.038478552682093, 19.012929032426399 ], [ 73.038033285643493, 19.013329740445698 ], [ 73.037726392396294, 19.013019204257301 ], [ 73.036893186105701, 19.012144892739901 ], [ 73.036729280397296, 19.012013918620699 ], [ 73.036076911261503, 19.011810046988501 ], [ 73.034610358559604, 19.011345120245899 ], [ 73.034393854694699, 19.0119177416023 ] ] ] ] } }
]
}
